review,sentiment
This movie is so bad that it actually gets funny. One of the worst movies I've ever seen in my entire life. The funny thing was that the trailer had scenes in it that wasn't in the movie. Just by watching the trailer I would have saved a lot of my time. It actually showed everything that happened in the movie except for the conclusion and that was also so obvious.<br /><br />It's honestly hard to think of a reason why this movie was made. This is just so bad. Horrible. <br /><br />I would give it 0 out of 10 if that would be possible. There is nothing else to say about this movie.,negative
"If you want a complete waste of time, because pulling lint out of your belly button or cleaning the wax out of your ears or grouting your tile is your idea of a carnival thrill ride, then you'll not want to miss this one.<br /><br />For one thing, forget the VHS cover. NO body in this movie looks that attractive (ie, the Indian girl). Someone else commented that whoever posed for the cover is not the same girl and I agree. The cover is THE most exciting thing about this movie.<br /><br />To put this in perspective, I bought this VHS for 99 cents at K-Mart and three minutes, no, 40 seconds into the movie, I knew I had been ripped off.<br /><br />I finished watching it because 1) I did pay 99 cents after all and, 2)there might possibly, conceivably been a hair of chance some scene in this turkey was worth more than a pinched loaf.<br /><br />There wasn't.<br /><br />Good grief, Fonda. I know you were hard up for roles when you did this, but this is beneath you.",negative
"I was not very excited to see this movie in the first place but a group of us decided to go see it on opening night. I felt like getting up and walking out and attempting to get my money back 20 minutes into this film. I felt that the movie was very boring, uninteresting, and not true in many aspects including ""gaming"". I tried my best not to fall asleep during the movie as i watched one of the worst horror films i have ever seen. The scary movie series was scarier than this movie. The sad attempt to pull in a Gothic girl, an overworked business man, and 15 year old geek, and some random guy into a video game that kills you is a bad plot to begin with. Then they try to throw in a very horrible love scene where the main character kisses another girl after saving her 10 minutes after his girlfriend was murdered. The theater was packed when the movie started by then end a little over half of the people had left before it was over. If you feel the need to waste only 1 hour and 16 minutes of your time seeing this movie ... prepare to feel cheated.",negative
"This is a great British film. A cleverly observed script with many quotable lines, which captures perfectly what magic mushrooms can do to a man over a weekend. As per usual Phil Daniels is excellent along with that most under rated of British actors Geoff Bell. Peter Bowles with a joint hanging out of his mouth is a casting masterstroke and Gary Stretch with his brooding looks brings something strangely atmospheric to the piece. Although it seems to be billed as a biker movie, i think it will find an audience outside of this, purely on the premise that a lot of people have been there done it and got the t-shirt. also A great original soundtrack with a blinding version of Freebird. This really could be a 21st century heir to the famous Ealing comedies. Like the weed in the Welsh fields: it's a grower!",positive
"Gender Bender sexes things up a bit for the x-files. This episode has an interesting premise, a good story, but an ending that is wanting. Gender Bender is also the x-files debut for actor Nicholas Lea, better known as Alex Krycek. In this episode he plays Michael, a man attacked by one of ""The Kindred"". You need to see this episode just to see Nic Lea's less than spectacular beginning. An interesting thing about the Kindred's ""power of seduction"". When Marty does it to his victims, they become turned onto him/her. However, when Andrew seduces Scully, she only because disoriented and groggy, and does not become attracted to Andrew. Maybe it's because Marty has more experience at it than Andrew. This episode reminds me of why it would sometimes be miserable to film up in British Columbia. Throughout the episode it is so wet, soggy, and muddy, it could not have been that much fun. Despite the disappointing ending, Gender Bender is still a decent episode to view.",positive
"So you think a talking parrot is not your cup of tea huh? Well, think again. Paulie is a wonderful film filled with touching moments.The characters are all lovable especially Paulie as he enters the lives of many people on his journey.It is journey worth experiencing. Don't miss it! It is available on home video.",positive
"This is a pretty simplistic romance. Girl finds boy, girl loves boy, girl loses boy, girl finds boy. Colleen Moore is the outstanding ingredient in this recipe, delivering a wonderfully varied dramatic/romantic performance, well deserving of an Oscar nom. Equally fine are the aerial combat special effects.<br /><br />Moore plays a French girl whose mother has turned over their field to a British aerial squadron during WWI. She is the ""daughter of the regiment"", loved as a little sister. Into this mix comes a fill-in for a downed flyer, Gary Cooper. At first they hate each other, then they love each other, then the entire squadron is sent out on a suicide mission. Cooper returns but crashes in the village and a red cross unit removes him. Moore searches for him, is told at a hospital he is dead, then wanders the streets until he calls from a hospital window and they are reunited.<br /><br />It's a nice little romance, but hardly more than that. Recommended for fans of Ms. Moore and Mr. Cooper",negative
"I love Morgan Freeman. Paz Vega is an attractive, appealing and talented actress. I'm sure that this would have been a good movie had anything happened in it. Nothing does. It's short (less than 90 minutes). It was 75 minutes too long. After an hour of frustration, I scanned through the remaining 20-odd minutes. Excruciating.<br /><br />Freeman plays an actor - who hasn't worked in a while - researching a part that he might play, as a checkout clerk in a supermarket. He visits the supermarket where she works. Nothing happens. She decides to give him a ride home and they go to an Arby's, a Target, a car wash. Nothing happens. They converse about their lives. Nothing happens. Ever.<br /><br />I don't get it. But I also don't get the Bill Murray flicks ""Lost In Translation"" and ""Broken Flowers"". If you like those movies, maybe you'll like this. Lots of people find movies like this whimsical, charming, or - for reasons that escape me - find the dialog fascinating. A common device in movies of this ilk is to have a LONG take of stillness/silence after an actor delivers a line that's supposed to be meaningful. We know it's meaningful because it's followed by two minutes of nothing on the screen. Sorry, I must be a philistine. I don't get it. To me, these kinds of movies aren't funny, or charming, or thought-provoking. They're just boring. Why? Because there's no comedy. No drama. No tension. No laughs. No suspense. No action. Nothing to watch. In short, none of the things I go to the movies for. I can be bored for free. I see oddball/quirky characters in real life. I go to Target, and fast-food restaurants, and car-washes. These elements do not a movie make, even if stars are doing this stuff. I pay to be entertained.<br /><br />If you're crazy about Morgan Freeman and just like to hear him ramble on about nothing, have fun. If you wanna drool over Paz Vega, you can look and listen to her. But nothing happens, I promise. A total snoozefest.",negative
"The Story line for this game is very jerky where it appears the game writers have tried to find ways to justify how a character appears in certain areas of the world map in Tales of the Soul. That being said, this is the only gripe I have about the game.<br /><br />The beginning FMV is spectacular with breath taking sceneries and interesting new devices such as the ability to create and design your own character and their own Martial Arts discipline. There's even a second story mode which makes up for the awkward Story design of Tale of the Souls.<br /><br />Parts of the FMVs during Tale of the Souls is also interactive where you can decide the fate of your Character to a certain degree which is an interesting feature.<br /><br />With the many combinations of Characters you can create, the varied paths you can explore in Tales of the Souls and the Chronicle of Swords story mode, this game will keep any Beatem up/RPG fans amused for a while!",positive
"Quentin Tarantino's partner in crime Roger Avary (co-writer on ""Pulp Fiction"") ventures out on his own (Q.T. goes exec. prod. this time) for this over-boiled French thriller.<br /><br />Eric Stoltz is Zed, safe cracker extraordinaire who has drifted over to France from the U.S. at the request of an old friend. There he teams up with a motley crew of drugged out hippies who, with little or no planning, think they can knock off a bank vault full of gold bullion on a French national holiday.<br /><br />Avary has reworked the robbery gone wrong theme that Tarantino developed so well in ""Reservoir Dogs"", only ""Killing Zoe"" is not good enough to survive on the strength of this alone, so Avary has thrown in a rather beautiful distraction. Julie Delpy is Zoe, a student come call girl who entertains Zed on his arrival in Paris. A stunning distraction she certainly is, but nothing more.<br /><br />I guess our director wanted to add a different angle to this basic theme, but sadly the move did not help to add the depth his shallow plot so desperately needed. There was never a story in this idea, which was nothing more than that, an idea. Even the surreal journey into the seedy dives of Paris is uninspiring. I figure one would have to concede that there was never much of a movie in the story of a bunch of gangsters shooting each other up over a botched jewellery heist either, that is until you add intricate characters and snappy dialogue. ""Reservoir Dogs"" had it, ""Killing Zoe"" did not.<br /><br />Stoltz's strong interpretation of the doubtful Zed and Jean Hughes-Anglade's mad portrayal of the obsessive ring leader do nothing to lift proceedings. In short, Avary has unsuccessfully attempted to conjure entertainment out of nothing.<br /><br />Friday, September 15, 1995 - Astor Theatre",negative
"""This Man's Navy"" is, as other comments have indicated, a rare and well-filmed look at Navy lighter than air (LTA) activities. The LTA crews were justly proud that the convoys they shadowed never lost a ship to submarine attack. And the filming at the various NAS locations give a valuable glimpse at a type of aviation that is long gone. However, the first half of the movie is all about Beery, his relationship with his service pals, and him meeting the Tom Drake character and his mother, and getting Drake's leg fixed. Only then does the second film start. The second film is mostly LTAs in action, taking on a surfaced sub, guys get killed and much damage is caused. The look is fairly gritty and realistic, I imagine. Then we shift to Southeast Asia. Did the Navy have LTAs there? Never mind, this part is really wild, with a blimp being used to extract some downed aircrew from the jungle. And the Japs are shooting like mad. Shades of Vietnam, except the getaway is oh, so leisurely. This is a blimp we're talking about. In the end, a feel-good WWII drama about a very unusual part of the war.",positive
"Can I just start by saying I'm a fan of bad movies. And this is a really bad movie. It states on the front 100 passengers, 3000 snakes, but I think it's more accurate to say 12 passengers and about 20 snakes.<br /><br />The snakes don't do anything particularly interesting, the whole movie in fact just blunders on with little happening. Although there is occasionally a great gore shot of pulsating arms and green goo puke (bad movies have to have green goo don't they?).<br /><br />But then the ending comes along and will quite literally smack you off you seat in hysteria. and for that, this movie gets a boost up to a 2* rating.<br /><br />There are certain movies about in the world that you will want to show to your friends, just so you can watch there reaction when a certain event happens in them.<br /><br />For example The arrival of 'Big Man' in R Kelly's 'trapped in the closet' 'The LINE' in 'Shark Attack 3' (you'll know it when you hear it) The arrival of the mama shark in 'Shark Attack 3' Almost every scene of 'troll 2' The ending of 'Dracula 3000' (just for utter disbelief and confusion) and the end of this movie proudly sits in this category. It's worth sitting through just for that. So get drunk, stoned, whatever your poison is and watch this movie with some mates.<br /><br />Quite simply, if you like bad movies, get this, but don't get it confused with 'Snakes on a plane' ... there's no relation.<br /><br />And don't pay more than a fiver for it either ....",negative
"Boston legal has turned its tail and is headed for the barn door and th pig slop it has created! When this show first aired almost four season back it was a humorous slap at the legal system which all actors seem to take pride in portraying. It was funny, diversified, and to some extent factual. The characters portrayed were acceptable and to an extent real in their portrayals. The sexual comment and activity were limited and humorous. Julie Bowen is and was beautiful as in other series she participated but is now dragged to the lower depths of Media programming of sex and violence. Julie is an excellent actress and needs a more stable platform than this ""production"". Rene Adjurdubois Is an excellent actor who has from the days of ""Benson"" to this production held his own in the field of entertainment, always showing the humor and respectful acting of the production. Captain Kirk ""is"". Funny and humorous is Candace Bergan and is to be admired for her continuing in this production and is a good actress. James Spader, there is no doubt in his acting ability, however he should go back to his XXX origins such as ""Crash"" as it appears he has much talent and inclination in that direction. We ask that this series be trashed as it already is and its really starting to smell!!!",negative
"pardon my spelling. This is probably the funniest horror movie that ever existed. Think evil dead * 1000. The acting is horrible, you can see the makeup line on a certain lady's face. there is a lesbian scene, which makes no sense at-all. And the ending, haha ohhhh the ending... be prepared to have your stomach hurting from laughter. Now if you watch this film for more then 5 minutes and are still expecting something, take a look at your self, and ask what the hell is wrong with you. This is a very bad movie, meant to laugh at and enjoy for its pure silliness.<br /><br />Don't forget to watch all the outtakes after the movie, you can see just how low budget the whole thing really was. All in all this movie is a rare gem in demonstrating the pure and udder lack of talent/care/ability/money/ and anything else you would ever need to make a successful film. But its definitely worth watching.",negative
"While this movie did have a few scary moments (great use of music and film angles to build suspense), it's obvious director Ethan Wiley and scriptwriter Ellary Eddy didn't waste any time researching their subject matter; which also makes me question their claim that the exorcism scenes were overseen by a genuine Catholic bishop.<br /><br />Amongst the many inconsistencies: <br /><br />* Jacob the Roman Catholic priest, when we first meet him outside the church, is wearing an academic robe over his clericals rather than the typical alb, chasuble or surplice. Academic robes are commonly worn by Protestant ministers in liturgical denominations, not Roman Catholic priests. <br /><br />* Jacob the priest quotes some obscure and disturbing scripture about the angels taking up weapons. He attributes it to St. Paul. This verse is not from St. Paul's writings, neither is it in the Bible. I can't even find it in the Gnostic scriptures. <br /><br />* Jacob tells his bishop he doesn't believe in demon possession and turns down the request to study exorcism but does a complete 180 (later that same day?) within minutes of talking to possessed Isabelle. Sure, it's possible; but a little unrealistic. See Father Damien as a priest/psychologist in the original THE EXORCIST for a bit more realistic portrayal of a skeptic-turned-believer. <br /><br />* Miguel, the former priest turned farmhand, is the first to try an exorcism on Isabelle. He quotes scripture, and she quotes back. He says ""I see you know Psalm 65"" - she corrects him ""that's Psalm 67"" - they're both wrong. <br /><br />* Miguel, the former priest who just got done performing an exorcism - making the sign of the cross, calling on the name of Christ, applying holy water, etc. - tells Jacob he doesn't believe in church and he doesn't believe in God. (Maybe he's just conflicted?) Jacob enlists him to put on home-made vestments and have another go at it anyway. <br /><br />* Miguel, the former ROMAN CATHOLIC priest, crosses himself backwards (or Eastern Orthodox-style). As an Hispanic Roman Catholic who USED to be a priest, he should've crossed himself forehead to sternum, left-side to right side of chest.<br /><br />I had to read into the little side stories to get the notion Satan was messing with the whole family, not just Isabelle; but even in the end it was hard to say for sure if anyone was really guilty of the images in their heads or if it was all demonic trickery (except for the sheriff - it's pretty clear he was guilty).<br /><br />On the positive side: Isabelle was CREEPY - in my opinion she was the best part of the whole movie and I liked the plot twist with Claire.<br /><br />I'm just not sure if the movie was meant to be serious or a spoof.<br /><br />Listening to the running commentary with Cameron Daddo and Ethan Wiley, I'm inclined to believe it was a joke.",negative
"Seeing this movie, as I just did for the first time on Turner Classic (which lists it as ""Dangerous Female""), can only multiply your appreciation for the 1941 Bogart-Astor version. Ricardo Cortez must have been getting paid by the smirk. I hope he remembered his dentist and his Brylcreem salesman in his will; they made him the actor he was. The women are all good, but no better than that. Well, Una Merkel is a little better. More interesting are the ""original"" Joel Cairo and Mr. Gutman, who competently deliver many of the individual tics but almost nothing of the set-changing atmospherics of their successors in the roles, Peter Lorre and Sydney Greenstreet. Humphrey Bogart and Mary Astor somehow transcended the essential seediness of their characters in the remake; here, Sam Spade and Ruth Wonderley(!) can't. <br /><br />This movie doesn't exactly stink; it lies there like a big slice of ham. Its chief value today is as a reminder that great movies like the '41 ""Falcon"" don't just happen. On the 1-to-10 scale I rate it a 4, mainly for the camera work and the supporting players.",negative
"""Caligula"" shares many of the same attributes as the 1970 ""Fellini Satyricon"" with bizarre sights, freakishness, and depictions of sexual excesses all set in the ""glory"" of ancient Rome. But Fellini it ain't... First of all it is not as entertaining. Far too much screen time is devoted to bug-eyed, rubber-faced McDowell in the titular role. His performance is far too fey and campy to be convincing. The portrayals by Jay Robinson in ""The Robe"" (1953) and David Cain-Haughton in ""Emperor Caligula"" (1983) are far more persuasive and believable, with the latter being the most nuanced. Relief could have been judiciously provided by developing the surrounding characters more fully. As it is, they are little more than cyphers. One example is the role of Macro, played by Guido Mannari who has tremendous screen presence in an important role, but is mostly left in the background. The only positive features to credit are the adroit use of some Prokofiev and Stravinsky themes in the music score and the inclusion of some of the distasteful but nevertheless accurate actions of the despot. These two factors are far less than what is needed to relieve the prevailing tedium, however.",negative
"An unexpected pleasure as I had heard nothing about this film.<br /><br />Shameful since it warrants having a wider audience.<br /><br />A wonderfully humane story with a social message gently told, although admittedly predictable in its resolution. Solidly acted by the principals. Beautifully photographed with muted colors floating against grey that captures the nostalgic tone of the film.<br /><br />My recent foray into Chinese film (Shower, The Road Home, Not One Less) has been an exciting one that I hope to continue exploring. China and its people is an amazing canvas for film-makers. ""The King of Masks"" can be highly recommended as a starting point for anyone similarly interested in recent Chinese film.<br /><br />",positive
"I suppose if you like pure action... you'll find it here. I suppose if you find a gorgeous blonde designed to be screwed... find it here. I suppose if you want to find a couple of extra baddies, headed by 1-2 extra, EXTRA baddy bosses who meat a nasty end... you'll find it here.<br /><br />Overall, routine stuff, and the good guys come out on top big time under extra-ordinary circumstances.<br /><br />What I marvel most at... How the good guys armed only with pistols, can kill dozens of bad guys with machine guns who are shooting at them at point blank range... and missing. The goodies even get time to reload their pistols amid the hail of machine guns bullets.<br /><br />Ho-hum!!!",negative
"Great characters, great acting, great dialogue, incredible plot twists in plain language one of the best shows I've ever seen in my life. Do yourself a favor and watch this show, you won't regret it. This show re-writes the book on Sci-Fi!",positive
"This film is a brilliant retelling of Shakespeare's classic love story, complete with ""kinky sex, body piercing, and dismemberment"". It does follow the same spirit as all the other Troma movies [except Combat Shock...That sucker was depressing] but it's not only for Troma fans. Anybody who appreciates lowbrow visuals and a hilarious script will without a doubt fall in love with this movie.<br /><br />Don't expect pretentious, artistic-wannabe crap like the version of R&J with Claire Danes and Leo DiCaprio; this one knows its a silly movie and draws its humor from that. The acting is also surprisingly good, and you can just feel Sammy Capulet's pain as he tries to put his brain back into his head.<br /><br />The soundtrack, which contains many original and high-energy bands like The Wesley Willis Fiasco, Supernova, and The Meatmen is also four-star. This movie should be viewed by all, because it remains faithful to the original story while still being jam-packed with Troma's trademark gore/sex humor.",positive
"Any time a movie is so myopic in its desire to present a particular ending or viewpoint that it simply doesn't bother with an actual story, it's annoying. Those are the types of movies where the ending or viewpoint is conceived first, and the story simply tacked on. For this reason we often talk of the story ""jumping through hoops"" as it twists about, trying in vain to progress to the preordained ending in a logical fashion.<br /><br />The story in ""Comet Over Broadway"" doesn't just jump through hoops, it's a three ring circus. It's so ludicrous, so ill-conceived, so disingenuous that, if you are prone to speaking aloud to the screen, you will be carrying on quite a rant before it's through.<br /><br />The central theme of this screenplay cesspool is that of a woman choosing between family and profession. Since it's all so horribly muddled it will end up offensive to people of either opinion. So, in the end there's no point to the story, the theme becomes irrelevant and, as is often the case with poor screenplays, the acting doesn't save a thing.",negative
"This romantic comedy isn't too bad. There are some funny things happening here and there, and there are some rather memorable characters in it.<br /><br />The acting, however, is amateurish (with the exception of the banker). While some scenes are great fun, others are simply embarrassing. In particular, I found the ""romantic"" part of the story poor. <br /><br />All in all, I guess it's worth seeing if you like football and romantic comedies. It's not really a bad movie, and the ending did feel quite good. Just don't expect anything out of the ordinary. Fair enough if you have an hour and a quarter to kill.",negative
"I remember that the trailer for Legend of Zu was quite impressive and being a fan of A Man Called Hero (my all time favourite), Storm Riders I decided that I must watch this one too. I know that there is way to much critcism on Ekin Cheng's acting ability everywhere but he is my favourite Hong Kong moviestar so far (way better than Nicolas Tse nevertheless)and he is one of the factors that I enjoyed this movie. Without a doubt this film is a work of art from the beginning to the end. I even thought that only the actors were real and everything else was computer generated by the end of this film. They must have put a lot of work into this one and they deserve good credit for that. The storyline of the movie was a fairytale between good and evil with a love story thrown in (I guess Ekin Cheng pulls the girls easily).The story is not very intellectual and deep but that is not what you expect when watcing an action movie. I wished there were more martial arts action with fists and fist instead of battles with magical abilities, but well that's life and it never goes the way you want it to. And why did they sound like supersonic planes in the battle through the sky in the end ? That's way too funny. Legend of Zu cannot be A Man Called Hero in my eyes but it flows like a videogame and that is not a bad thing at all. If a company decides to publish games on this movie I will not get suprised as it carries all the videogames elements. Good work. Please make more fantasy movies like this",positive
"This is the only movie that my wife and I have ever walked out on. Totally sucked. We saw it in Omaha even. Not funny at all, looks like a 14 year old kid wrote the humor. I can't believe these real politicians were actually in the movie. awful.",negative
"Ostensibly a story about the young child of Jimmy Stewart and Doris Day. The kid gets kidnapped to keep his parents quiet. They know something about a plot to assassinate the ambassador of an unnamed country during a performance at Albert Hall in London.<br /><br />The movie is rich in Hitchcockian incidents. A friendly but opaque Frenchman seems to grill the innocent Stewart -- a doctor from Indiana -- a little too intensely to be merely idly curious. Later the Frenchman shows up in Arab disguise, a knife in his back, and whispers some information about the murder plot to Stewart. Stewart tells his wife -- Doris Day looking very saucy indeed -- but refuses to cooperate with the police and risk his son's life.<br /><br />Instead the couple try to track down the assassins, buy them off, and get their son back, taking them from Morocco, where Hitchcock has given us his usual tourist's eye view of the customs, locations, and food, to London. There is a hilarious wild goose chase involving a set-to between Stewart and the staff of a taxidermy shop. The staff are more concerned about guarding their half-stuffed specimens than anything else, and they shuffle around protectively holding the carcasses of a leopard and a swordfish. In the course of the scuffle, Stewart manages to save his throat from being cut by the swordfish bill, but is bitten on the hand by a stuffed tiger, the action boosted along by Bernard Hermann's bumptious score. The scene ends with Stewart rushing out the door. Hitchcock ends it with a shot of a lion's head gaping at the slammed door. There is also a running gag, well done, about some visitors waiting around the couple's hotel room in London, waiting for things to be explained.<br /><br />There are two serious issues that are lightly touched on. One is the relationship between Stewart and Day, which is not as rosy as it ought to be, considered as a bourgeois ideal. She's been a stage musical star for some years and is internationally known. And she's given it all up to marry an ordinary guy who happens to be a doc. That's understandable in, say, a nurse or a flight attendant or almost any woman other than an international star with a promising career in her own right. It isn't delved into, but the edginess is noticeable, as it was not in the original version. It reminds me a little of an exchange between Joe Dimaggio and his then-wife Marilyn Monroe, who had just returned from entertaining the troops in Korea. ""Oh, Joe,"" she gushed, ""did you ever see ten thousand people stand up and cheer?"" ""Seventy thousand,"" muttered Joe, former hero of the New York Yankees.<br /><br />The second problem is one of allegiance. Who is of greater social value? One's own young son? Or an unknown ambassador. Do we put ourselves or our loved ones at risk for the sake of national stability? Day is faced with this dilemma in its starkest form at the climax in the Albert Hall. Her solution opts for allegiance to political stability, although her motives are problematic. Does she scream to save the ambassador's life, or does she do so just to release the anxiety that is overwhelming her? (Cf: Alec Guiness falling on the detonator at the end of ""The Bridge on the River Kwai."") The photography is extremely good, and the settings can be menacing, even on a quiet street in a residential neighborhood of London. It's mid-day, and Stewart is alone and determined, but frightened too. There are footsteps echoing on Gulliver Street from someone, somewhere. Is he being followed? Is his life in danger? And where the hell is everybody who lives on this street? Hitchcock pays such close attention to location details that we can make out the garden wall bonding of the bricks beside him.<br /><br />The director had a rare disagreement with Francois Truffaut while being interviewed for Truffaut's otherwise laudatory book. Truffaut argued that the earlier version of ""The Man Who Knew Too Much"" lacked the depth of the later version. Hitchcock replied, ""It seems to me you want me to make films for the art house audience,"" but finally agreed that the 1930s version was the work of a talented amateur and this version was the work of a professional. No argument there.<br /><br />This is Hitchcock pretty much near his zenith.",positive
"This reminded me of Spinal Tap, on a more serious level. It's the story of a band doing a reunion tour, but things are not harmonious between them. I was especially impressed with the performance of Bill Nighy as Ray. You felt sorry for him, yet he had a certain creepiness about him. It's a great movie to watch if you have ever seen your favorite band get wrinkly,old and pathetic.Bittersweet, highly recommended..",positive
"Three horror stories based on members of a transgressive Hindu cult that return home but changed in some way. In the first story our former cult member is now in an insane asylum and is visited by a reported who wants to find out about what went on at the cult. Somewhat slow going as story is told in flashbacks while the two sit on chairs and face each other. Reporter is particularly interested in what lead to the death of the participants. What seemed rather boring suddenly turns very exciting with a surprising twist in the story. Things get quite bloody.<br /><br />Second story has a violent young criminal visiting a psychiatrist for mandatory therapy. The patient seems to have some type of agenda but the psychiatrist is up to the task. Again, things slow down a bit and get weird. Then there's a strange twist in the story that is very well written and surprising.<br /><br />Final story deals with spiritual healer who claims to be able to remove the persons illness from them with his hands. One of the patients is a former cult member, so the successful healing gets more complicated. Again, we are surprised by a twist. Has a pretty gory scene in there.<br /><br />There some nice female full frontal nudity as well as male full frontal nudity for some reason. I found the stories to be very well written and the director succeeds entirely in setting up each story with its surprising twist and the gory aftermath.<br /><br />Note: review of the German DVD.",positive
"If you decide to watch Wild Rebels, don't expect anything deep and meaningful. If you're looking for a film that explores the relationships and structure of a motorcycle gang, Wild Rebels is the wrong movie. If you're looking for an expose on the breakdown of the American educational system and the problem of juvenile delinquency, Wild Rebels is the wrong movie. If you're looking for a movie that examines how undermanned rural police departments are when facing a well-financed, well-organized gang, Wild Rebels is the wrong movie. But if you're looking for an absurd movie filled with scene after scene of unintentional humor, horrendous acting, a paper-thin plot, and community theater style production values, Wild Rebels is the right movie.<br /><br />Wild Rebels is the story of a down-on-his-luck stock-car driver named Rod Tillman (Steve Alaimo). After a fiery crash (which Rod walks away from completely unscathed despite having only a cotton pants and a London Fog style jacket for protection), Rod decides to give it up. With no plan for his future other than to wander aimless through the back-roads of the South, he stumbles on the Satan's Angels motorcycle gang (a gang being three of the stupidest guys to ever zip up a leather jacket and a woman they seem to share). This group of hoodlums spends their time terrorizing a rural town in Florida by committing such atrocities as stealing a newspaper from a neighbor's mailbox. These bumbling idiots need someone to act as their driver during some larger crimes they have planned. Apparently, these three Einsteins can only drive vehicles with two tires, not four. So they recruit Rod to perform feats of daring that only an experienced stunt driver would be capable of like keeping the car in the middle of a gravel road during a low-speed chase. Eventually, they hold-up a bank, get into the aforementioned low-speed chase, and have the lamest gun battle with the police ever put on film. I could go on forever, but you get the idea.<br /><br />I hate the term ""so bad it's good"", but that seems to aptly describe Wild Rebels.",negative
"So I'm looking to rent a DVD and I come across this movie called 'End Game'. It stars James Woods and Cuba Gooding JR and has the synopsis of a taught political thriller. Well worth a look then. Or so I thought.<br /><br />Boy, was I wrong.<br /><br />End Game has just about the most ridiculous plot I have ever had the displeasure of enduring. Now being something of a whodunnit, I can't really tear into it as I would like without 'ruining' it for those who have yet to experience this monstrosity. But questions such as 'Why has he/she/they done this?', and 'Where on earth did they get the resources to pull this off?' are all too abundant following the film's unintentionally hilarious conclusion.<br /><br />As for the acting - you know those films where you can almost feel that an actor's realised that they've made a terrible mistake in signing on for a movie, and this then shows in their performance? This is one of those. Accompany this with a laughable script and seriously flawed, irritating direction and you have the recipe for cinematic poison.<br /><br />Of course, this didn't make it to the cinema, and for the same reason you should not allow it into your living room; it is appalling.",negative
"1985 was a good year for films - maybe even great - but this one missing out on a gong went a long way to convincing fans that ol' Oscar is little more that a hood ornament for good party members.<br /><br />11 nominations and not a single title: such was the Academy's disdain for one of their greatest directors; and one who had to wait another 8 years before whatever prejudices had prevented them from handing him the statue before allowed them to give him 7 for Schindler's List, which is, arguably, not as good (and I'm half-Polish).<br /><br />Don't get me wrong, Schindler was a classic. And I'm not knocking 'Out of Africa' (which won that year) either; but it was, in my mind, a class behind this one: an epic story of suffering and hope that brought me to tears - and I'm not a big cryer.<br /><br />Maybe it was the music (superb), or the cinematography (sumptuous), but more likely simply the acting: Whoopi, who proved to all of us that she was much more than just a comedienne; Danny Glover, who I'd never heard of before; and, of course, Oprah.<br /><br />The rest is history; but, at the time: who knew?",positive
"""Sir"" has played Lear over 200 times,but tonight he can't remember his opening lines.Sitting at the mirror,his eyes reflect the King's madness. His dresser prompts him gently,mouthing the words.There is an air of desperation about both these men.The great actor knowing his powers are slipping away,his valet cum major domo cum conscience cum surrogate wife - aware of his boss's decline into madness and knowing he is powerless to do more than ease his passing. ""The Dresser"" is really a love story between the two.Over the years they have become mutually dependent on one another to the extent that neither can conceive a future without the other. Set during the second world war,it concerns the fortunes of a frankly second - rate touring Shakespearean Company comprising an equal number of has - beens and wannabes led by ""Sir"", a theatrical knight of what might kindly be called ""The Old School"".Whatever part he is playing he grabs centre - stage and bellows out over the footlights,bullying his audience into applause.But,somewhere inside him,buried most of the time deep beneath the ham he regularly dishes out,there still remains an occasional glitter of his earlier greatness.It is to catch a glimpse of this that his audiences fervently hope for. Mr A.Finney very cleverly concentrates on the ham,often to the point of caricature,and,just when you are ready to dismiss his performance as mere hyperbole and bluster he will produce a moment of exquisite subtlety and vulnerability that makes you realise that a great actor is playing a great actor. The same goes for Mr T.Courtenay.It's easy to write off his portrayal<br /><br />of Norman as an exercise in stereotyping.Here we have a middle - aged effeminate rather than camp theatrical dresser sashaying his way through life,enjoying the company of ""The Girls"" and loving the wicked Insider gossip rife in ""The Theatre"".There were - and I strongly suspect still are - many men just like Norman in The Profession.Infinitely kind and patient,knowing more about the plays than many of the actors,they run backstage with wisdom and affection.I believe the vast majority of them would hoot with approving laughter at Mr Courtenay's portrait. I saw ""The Dresser"" on the London stage where,against the perceived wisdom,Mr Courtenay's ""Norman"" was rather more subdued than in the movie.""Sir"" was played by the great Mr Freddie Jones to huge acclaim from the audience.It was a memorable performance that overshadowed Mr Courtenay's,reducing him rather to an ""also - ran"" as opposed to an actor on level - billing.The idea that ""Sir"" and ""Norman"" might be almost incomplete without each other went right out of the window. ""Norman"" was reduced to being his puppet,which I'm not sure was what Ronald Harwood intended,but made for breathtaking theatre. Messrs Finney and Courtenay redress the balance in the movie,restoring equality to the relationship. Both men have come a long way since their early appearances in the British ""New Wave"" pictures when they became the darlings of the vaguely Leftish,""middle - class and ashamed of it"" movement.When the British cinema virtually committed Hari - kiri in the 1970s they quietly concentrated on the theatre apart from a few roles to keep the wolf from the door.With the renaissance of more substantial movies,they re - appeared,blinking in the unaccustomed bright light.<br /><br />""The Dresser"" marked their return,still fizzing with energy and talent, shouting to the world at large ""We're still here"".It's not a big movie but is assuredly a great one.",positive
"Duchess is a pretty white cat who lives with her three kittens in her wealthy owner's mansion in Paris. When the evil butler hears that the rich old lady is leaving everything in her will to the cats first, the butler is angered, because he wants to get everything first. So he puts them to sleep and abandons them off the side of the road. When the cats wake up, they start on a long trek home. A street wise cat named Thomas O'Malley meets up with them and offers to help them. When Edgar sees them arriving home, he is furious, and starts to mail them to Timbucktu. But Thomas' friends arrive to help save the day. The wealthy lady decides to leave her home for every alley cat in Paris.<br /><br />This is a charming film. The songs, including ""Everybody Wants to be a Cat"", are lively and upbeat. The voice cast is excellent, with Eva Gabor(who would later play Miss Bianca in Disney's THE RESCUERS films) as Duchess, Phil Harris(Baloo in THE JUNGLE BOOK, Little John in ROBIN HOOD) as Thomas, giving interesting personalities to their characters. Supposedly Walt Disney, before he died in 1966, gave the go-ahead to this film. Recommended for Disney fans or cat lovers everywhere! 10/10.",positive
"The only redeeming feature of this movie is Steve Carell. Like John Wayne, I've never seen Steve Carell stretch too far as an actor, but it doesn't matter. He always plays his one role perfectly.<br /><br />As Marty Feldman once said, comedy must have internal consistency. You can have 4 men on stage sitting in garbage cans, and that's fine, but if you bring a fifth man on stage who isn't in a garbage can, you must then explain to the audience why he is not also in a garbage can.<br /><br />Why doesn't Evan accept his role as a messenger of God? Why, when he does accept it, is he so profoundly embarrassed by it? Why isn't anyone more impressed with the way that animals follow Evan around (they are explained away by the unthinking doubters as ""trained animals"" possibly from a circus). There's a terrible flood at the end, and most everyone we see hops on the ark and is saved, but surely thousands of people would have been killed by the flood; there is no post-disaster emotional atmosphere at the end. Instead, most of congress has finally seen the light and is about to prosecute the lone incorrigibly bad congressman for ""profiteering"".<br /><br />I gotta admit: I also liked the fish in the aquarium reacting to the presence of Evan.",negative
"Considering 'A Star is Born' had been made twice already by the time the 1976 film came into production, the latest remake has a freshness about it that can be attributed to the fantastic chemistry between the entire acting ensemble. A viewer could be forgiven for believing that Kris Kristofferson & Barbara Streisand were a couple off screen as well as on, with their incredible displays of pure affection towards one another.<br /><br />The film has been described in the past as a 'Barbara Streisand concert on film, set to a soap opera storyline' however for anyone that enjoys watching a film that takes you beyond the living room into a world where the characters seem truly alive - A Star is Born is well worth the hiring price.<br /><br />With its incredible soundtrack, flawless acting and touching reality in regards to human emotions and the true frailty of life; A Star is Born is a film that draws you into the world of Esther Hoffman & the love of her life John Norman Howard.<br /><br />A film for anyone that sees the beauty in real love - the kind that keeps you devoted to a person even as they break your heart...",positive
"Every great gangster movie has under-currents of human drama. Don't expect an emotional story of guilt, retribution and despair from ""Scarface"". This is a tale of ferocious greed, corruption, and power. The darker side of the fabled ""American Dream"".<br /><br />Anybody complaining about the ""cheesiness"" of this film is missing the point. The superficial characters, cheesy music, and dated fashions further fuel the criticism of this life of diabolical excess. Nothing in the lives of these characters really matter, not on any human level at least. In fact the film practically borderlines satire, ironic considering all the gangsta rappers that were positively inspired by the lifestyle of Tony Montana.<br /><br />This isn't Brian DePalma's strongest directorial effort, it is occasionally excellent and well-handled (particularly the memorable finale), but frequently sinks to sloppy and misled. Thankfully, it is supported by a very strong script by Oliver Stone (probably good therapy for him, considering the coke habit he was tackling at the time). The themes are consistent, with the focus primarily on the life of Tony Montana, and the evolution of his character as he is consumed by greed and power. The dialogue is also excellent, see-sawing comfortably between humour and drama. There are many stand-out lines, which have since wormed their way into popular culture in one form or another.<br /><br />The cast help make it what it is as well, but this is really Pacino's film. One of his earlier less subtle performances (something much more common from him nowadays), this is a world entirely separate from Michael Corleone and Frank Serpico. Yet he is as watchable here as ever, in very entertaining (and intentionally over-the-top) form. It is hard to imagine another Tony Montana after seeing this film, in possibly one of the most mimicked performances ever. Pfeiffer stood out as dull and uncomfortable on first viewing, but I've come to realize how she plays out the part of the bored little wife. Not an exceptional effort, but unfairly misjudged. The supporting players are very good too, particularly Paul Shenar as the suave Alejandro Sosa.<br /><br />Powerful, occasionally humorous, sometimes shocking, and continually controversial. ""Scarface"" is one of the films of the eighties (whatever that might mean to you). An essential and accessible gangster flick, and a pop-culture landmark. 9/10",positive
"Back in 1994, I had a really lengthy vacation around the Fourth of July - something like 17 days off in a row what with two weeks paid vacation, weekends and the holiday itself. I stayed in town during that time, hanging out at my parents' house a lot.<br /><br />I didn't have a TV in my apartment so I used to watch my parents' tube. I had just finished watching a segment of the X Files when a program came on called Personal FX. I was hooked instantly. I had always been fascinated with items in our home that had come from my parents' family homes and through inheritances from relatives' estates, and often wondered about their history, value, etc.<br /><br />After my long vacation, I used to go to my folks' house on my lunch-hours just to catch Personal FX.<br /><br />I can remember one episode during which co-host Claire Carter announced that the New York apartment in which the series was filmed was being renovated and that once said renovations were complete that Personl FX would return to the air.<br /><br />It never did! Personal FX was the first -and best - of the collectible shows. And it vanished from the air! Almost fifteen years later, I'm still sore.<br /><br />Way to go, FX.",positive
"This stuffy melodrama is quite easily the worst film starring Ingrid Bergman that I've seen. Even her luminous screen presence can't save this insufferably slow and meandering movie that's nearly impossible to sit through without fast-forwarding a lot of it.<br /><br />Only for die-hard Bergman fans; others are very likely to fall asleep. I suggest you to watch ""For Whom the Bell Tolls"" instead.",negative
"A comparison between this movie and 'The Last Detail' is made by some, but 'Chasers' is flatter than a stretch of Interstate highway in west Texas. And like the scenery in the desert, there's nothing much to distinguish it, not even the fact that a female prisoner is being transported by two navy escorts this time around. No one in the cast comes off too well; with this lame script that's not surprising. Dennis Hopper, the director, won't give much space to this one if he ever writes a memoir, I don't think.",negative
"Although many audio recordings of great musicians like Jascha Heifetz survive, the cinematic or televised record is limited indeed. This is why musical offerings like ""They Shall Have Music"" are such rare gems. While, with modern eyes and ears, one can quibble about the plot, the perceptive viewer should put this film's unique delights in their proper perspective. The plot was designed to appeal to both young and old audiences of the era, but it remains enjoyable to this day. A important aspect of the experience of watching classic films is to see them through the eyes of the moviegoer of that era.<br /><br />I must take issue with reviewer who complains about a film that is in black and white, or who feel obliged to report that their students express such reservations. These are juvenile complaints which reflect a limited historical perspective. For the teacher, this should offer up an educational opportunity to explain the unique qualities of black and white photography and its place in cinematic history. Color can, in fact, get in the way of a good storyline, or the music. For example, the black and white photography of John Ford's ""Stagecoach,"" is, like the still photographs of Ansel Adams, an artistic masterpiece.<br /><br />As for Heifetz being wooden, I could not disagree more. If you want blatant emotional posturing, go to a rock concert. The role of a classical musician like Heifetz is to move the audience, not him or herself. Heifetz's emotion is conveyed through his playing, not through his body language. He had a rare ability to extract every emotional nuance out of the music and transfer it to his listeners. It is the listener who should be moved, not the artist.<br /><br />Incidentally, one reviewer asked about seeing Heifetz on YouTube playing the 1st movement of the Tchaikovsky Violin Concerto, with Frank McHugh in the audience. This is from the 1947 film ""Carnegie Hall,"" not ""They Shall Have Music"" ""Carnegie Hall"" is an even greater treasure of many great classical artists in their prime. We are blessed that there were film producers who, at least in these limited instances, chose to showcase these artists. In was still an era not totally overwhelmed by the lowest common denominator tripe we get today.",positive
"This is an exquisite film about the search for some bliss in everyday life. The pacing, the camera work, the emotion, the haunting musical score and the pure charm of this picture make it a must see. It isn't easily appreciated by the immature or emotionally stunted. The only flaw I can see about this film is that it wasn't captured in a more technically perfect film format. It deserved Todd-AO, Technicolor and the very finest sound format available.(An intimate film can be made in seventy millimeter.) The gorgeous Italian villas effect on its inhabitants would have rendered even more lushly and the small lovely moments would be even more beautifully seen and heard. As it is, it still demands attention as a sweet moving small film. I can't stop myself from watching it every time it comes on satelite. The transformations of the characters from contained, tight and mistrustful is always a joy to watch and I really should recommend it more often.<br /><br />The casting is perfect, the mood is perfect, the acting is above reproach. It is a film about middle age and the choices people make.It is deep and thoughtful without beating the viewer up with heavy handedness. Watch it in one sitting and let it have its effect on you. If you don't get it, perhaps you haven't lived enough, or something else is wrong with you.",positive
"I first heard of this film when Patton Oswalt talked about it on his ""Werewolves and Lollipops"" CD. He said it was a lost classic that is completely ridiculous. Being a lover of terrible cinema, I knew I was in for a treat.<br /><br />This film is, hands down, one of the weirdest I've ever seen. Certainly one of the weirdest shlock films. Basically, a demon took human form years ago for a woman, the woman died or something, the demon cried blood, the blood fell on the bed, the bed is now possessed and it now eats. Along with fruit, flowers and chicken, it also has a taste for people. The people can range between horny teens, mayors, gangsters, servants or professional orgy throwers. There's also a sick guy who the bed ate but put his soul behind a picture in the room.<br /><br />Most movies let you figure out the plot through exciting action. Death Bed takes another path: it basically tells you through narration exactly what's happening while slow, dull murder scenes take place. Also, I must say everyone who's eaten by the bed are surprisingly quiet. I would think if a bed is eating you through the ways of a 5th grade science fair experiment, it would sting a little. I guess nerve endings weren't invented until 1981 or so.<br /><br />The story is wacky, the direction is slow and pretty awful, the sets are sparse, the acting it fairly painful and the brother is one of the unintentionally ugliest actors I've ever seen. Probably would make a great party film if alcohol and smart-asses are involved. Certainly one you shouldn't miss.",negative
"This working girls go to hell soap is a time capsule candidate, courtesy of its immaculate physical production, 50s costuming (look at all those bows and pearls), creamy Johnny Mathis theme song and oh-so daring (for its time) sexual attitudes. Rona Jaffe's novel, on which the film was based, keeps on being republished, and just a few years ago Vanity Fair actually devoted an article to this delectable bon bon of a movie. Take a look at the new DVD transfer and you'll know why.<br /><br />The three leads - Hope Lange, Diane Baker and Suzy Parker - echo the girls from ""How to Marry A Millonaire"" or Carrie Bradshaw and her friends from ""Sex and the City."" ""Gentlewomen songsters off on a spree..."" Their romantic adventures and sexual entanglements are the stuff of paperback passion: empty caramel corn calories, devoid of nutrition, impossible to resist snacking on. Lange is genuinely touching in her neo-Grace Kelly way, Baker is properly dim and idealistic as a timid virgin who gets (gasp) knocked up by a (hiss) cad. It helps that the cad is played by Robert Evans, the throaty voiced, coke snorting film mogul who surely has lead many an innocent young lamb to the slaughter in his Beverly Hills bedroom.<br /><br />Suzy Parker is fascinating in the first half of the film, all blithe self assurance and knowing remarks. She struts her stuff with the panache of the fashion icon she was in the 50s. Alas, she's not up to where the film sends her: into madness and obsession. But she exudes glamour and savior faire and her acting is at least adequate. One wonders why the critics loathed her, virtually driving her out of movies a few years later. Perhaps an aloof attitude on the part of a good looking woman is just too much to bear. It sank Ali McGraw's career a generation later, and, when you think of it, Ali McGraw and Suzy Parker were basically the same actress.<br /><br />The film's only major flaw is a weak ending. It pretty much collapses into a romantic swoon at the end, rather than rising to a wham bang melodramatic finish, like the other famous soap opera from producer Jerry Wald, ""Peyton Place,"" which had Lana Turner weeping and gnashing her teeth during a rape trial. Here, Hope Lange wanders out onto the New York sidewalk, spots burly, eternally hung over (but now, of course, sober) Stephen Boyd and they simply walk off together...into the sunset, one presumes. Otherwise, this is pretty much the definition of a guilty pleasure.<br /><br />Oh Yes...there's also Joan Crawford, breathing fire at all the young girls and smoking cigarettes while she hisses to her married lover over the phone. And the titles are done in hot pink, with ribbon lettering that recalls the department store ads of the late 50s. Don't miss!",positive
"The first film had little ambition so nothing sticks to the screen. It was a bad version of 'Back to the Future' with zero charm. Once accepted that Bill & Ted are nitwits, the joke can only get hammered at the audience for so long before it breaks.<br /><br />This is a surprise. This is your only spoiler warning...<br /><br />By today's standards, this is more fun. This was shunned upon release, sad considering that more talent is involved than the first time. We get the photographer of 'Face/Off', the editor of 'Fugitive', a production designer from Burton's early work, and the sound designer of 'Matrix'.<br /><br />The writers made up for their shallow first outing with something deep. Since this was shunned by the fanbase and public, the director probably decided the style was too extreme. It's not, it fits the material. Like 'Death Becomes Her' and 'Catch-22', this dares to be smart, but we like our movies ""simple"" so we don't buy it. Probably since this dared to be different is why it took 12 producers to pull it off. What's so good?<br /><br />--Nice self-reference towards Keanu; from airhead to Messiah. See also Arnold Schwarzenegger.<br /><br />--Joss hates his creations as much as he hates their counterparts, he makes his own hatred. The Evil B&T and the ""good robot usses"" have the same vocabulary as their originals: lesser copies and depreciation of language.<br /><br />--The ""duality"" motif. Nowhere else is this evident than in the photography styles, lots of high and low angles. They even use Roy Brocksmith from 'Total Recall' to emphasize the point.<br /><br />--The ""choices"" motif. I don't know where this started in the genre (maybe 'Ghostbusters'), but it's used pretty well here. It even boils down to the 7 games against death--Battleship and Club.<br /><br />--Film self-reference, even present in the game against Death (Clue). This is smarter than Tarantino or Brooks. Notice the Premier magazine cover at the end: ""Bill and Ted: The Movie."" Ironic also how Death and Nomolos were villains in the 'Die Hard' and 'Lethal Weapon' sequels.<br /><br />I still have some minor nits, but nothing compared to the original. Music and film are different mediums so it makes no sense why many scripts revolve around the former--particularly in the teen market. Carlin is a great comedian, but in these movies he's wasted. Also, for all the daring this effort shows, even cracking gay jokes, they can't kill a cat?<br /><br />So, despite looking like a Nickelodeon production, this is incredibly interesting. From this movie we got Beavis and Butt-Head. ""We're in Heaven and we just mugged three people."" <br /><br />Final Analysis = = Midrange Material",positive
"This film did well at the box office, and the producers of this mess thought the stars had such good chemistry in this that they cast them in the much darker screwball farce, The Gazebo. Frankly, I am shocked to see all the positive comments on this ludicrously plotted unfunny comedy. Both lead characters have the maturity of seven-year-olds and are much less interesting to spend time with. A veteran supporting cast including Fred Clark, Harry Morgan, and Eva Gabor lend excellent support. And, the beautiful cinematography certainly makes the rich countryside of Spain seem lush. And, there are four or five truly funny scenes to go with two wise scenes and a whole bunch of recycled and unfunny clutter.<br /><br />I cannot recommend It Started With A Kiss.",negative
"I'm hearing rumors of an upcoming ""Leonard Nimoy Demonstrates the Blu-ray Disc"". With advances over the past 25 years ranging from Steady-cam to CGI, it'll be interesting to see if the franchise can be reinvigorated. I just hope it helps to remove the bad taste left in my mouth by that whole Magnavision demonstration fiasco.<br /><br />And yes... ""Leonard Nimoy Demonstrates the Betamax VCR"" was a brilliant milestone in entertainment history. After the tentative ""Leonard Nimoy Demonstrates the Compact Cassette"" and the downright tacky ""Leonard Nimoy Demonstrates the 8-Track Tape"", who would have expected such a glorious piece of cinema? I'm weeping right now just thinking about it.",negative
"Okay, you have:<br /><br />Penelope Keith as Miss Herringbone-Tweed, B.B.E. (Backbone of England.) She's killed off in the first scene - that's right, folks; this show has no backbone!<br /><br />Peter O'Toole as Ol' Colonel Cricket from The First War and now the emblazered Lord of the Manor.<br /><br />Joanna Lumley as the ensweatered Lady of the Manor, 20 years younger than the colonel and 20 years past her own prime but still glamourous (Brit spelling, not mine) enough to have a toy-boy on the side. It's alright, they have Col. Cricket's full knowledge and consent (they guy even comes 'round for Christmas!) Still, she's considerate of the colonel enough to have said toy-boy her own age (what a gal!)<br /><br />David McCallum as said toy-boy, equally as pointlessly glamourous as his squeeze. Pilcher couldn't come up with any cover for him within the story, so she gave him a hush-hush job at the Circus.<br /><br />and finally:<br /><br />Susan Hampshire as Miss Polonia Teacups, Venerable Headmistress of the Venerable Girls' Boarding-School, serving tea in her office with a dash of deep, poignant advice for life in the outside world just before graduation. Her best bit of advice: ""I've only been to Nancherrow (the local Stately Home of England) once. I thought it was very beautiful but, somehow, not part of the real world."" Well, we can't say they didn't warn us.<br /><br />Ah, Susan - time was, your character would have been running the whole show. They don't write 'em like that any more. Our loss, not yours.<br /><br />So - with a cast and setting like this, you have the re-makings of ""Brideshead Revisited,"" right?<br /><br />Wrong! They took these 1-dimensional supporting roles because they paid so well. After all, acting is one of the oldest temp-jobs there is (YOU name another!)<br /><br />First warning sign: lots and lots of backlighting. They get around it by shooting outdoors - ""hey, it's just the sunlight!""<br /><br />Second warning sign: Leading Lady cries a lot. When not crying, her eyes are moist. That's the law of romance novels: Leading Lady is ""dewy-eyed.""<br /><br />Henceforth, Leading Lady shall be known as L.L.<br /><br />Third warning sign: L.L. actually has stars in her eyes when she's in love. Still, I'll give Emily Mortimer an award just for having to act with that spotlight in her eyes (I wonder . did they use contacts?)<br /><br />And lastly, fourth warning sign: no on-screen female character is ""Mrs."" She's either ""Miss"" or ""Lady.""<br /><br />When all was said and done, I still couldn't tell you who was pursuing whom and why. I couldn't even tell you what was said and done.<br /><br />To sum up: they all live through World War II without anything happening to them at all.<br /><br />OK, at the end, L.L. finds she's lost her parents to the Japanese prison camps and baby sis comes home catatonic. Meanwhile (there's always a ""meanwhile,"") some young guy L.L. had a crush on (when, I don't know) comes home from some wartime tough spot and is found living on the street by Lady of the Manor (must be some street if SHE's going to find him there.) Both war casualties are whisked away to recover at Nancherrow (SOMEBODY has to be ""whisked away"" SOMEWHERE in these romance stories!)<br /><br />Great drama.",negative
"Amen to Magsel. There was a lot of confusion going on. First off, how do you know which movie you are purchasing? Henry Cele stars in every one of them. I bought this movie thinking it was the miniseries...WHAT A LETDOWN!! It would have been a comedy but for the young girl being raped. David Hasselhoff (spelling?) is OK for popcorn TV but he was not believable in this film (where was his English accent?) AND WHAT'S WITH THE LOVE STORY??? The movie was supposed to be about a young man's rise to military power - not the slave ship captain getting jiggly with the English maiden looking for her daddy...<br /><br />If I had paid more than $7 for this movie, I would have to call the police - because that would be a crime!",negative
"This depiction of forlorn Japanese forces in the Philipines is a tour de force in the utter meaninglessness of war. It is an effective representation of Japanese pacifist views after WW II. In the movie, Japanese soldiers have been left to fend for themselves in the jungles of the Philipines. Faced with impending starvation they resort to cannibalism and gradually lose what little humanity they have left. To call this film depressing would be something of an understatement. The viewer is left with an utterly despairing sense of life's lost value in modern combat. The final scene is almost too nihilistic but the film is a worthy statement none-the-less. Highly recommended.",positive
"I saw this picture in 1940 for $.11 and I would like to secure a DVD in 2006 The film was the greatest adventure of the time and,like all epics,is still an entertainment marvel (B&W and all)You get a sense of real bonded friendship in the chemistry between the actors and the performances of Sam Jaffe & Eduardo Cianelli are outstanding (This could not be done today I particularly liked the ending where the colonel recites the end of Kipling's poem over the body of Gunga Din and tells the ""Untouchable"" ""You're a better man than I am Gunga Din""They don't make movies of this character today.The only cast member that is still alive today is Joan Fontaine",positive
"I don't think a movie like this would be released today. It takes it's time to present the depth of the characters and the plot isn't full of twists and turns to keep you on the edge of your seat.<br /><br />But, what this film does have: an interesting study in how families' deal with grief. How when the language for healing and over-coming tremendous loss leaves us mute, and we rely on raw emotions instead. Grief without reason and patience is anger, even hate. And unfortunately, the lead character (a young boy who accidently shoots and kills his brother while hunting) in the film is given more than his fair share of it. He eventually leaves and moves in with his grandfather (Wilford Brimley) who makes it clear to him that it WAS an accident. I got the impression that this young man knew that in his heart, but needed to hear those words from his parents, and to receive their forgiveness.<br /><br />What I loved about this film: the lack of dialog. There was a tremendous emphasis on physical reaction, facial expressions. And the slower pace of the film allows you to really watch the reactions of the actors. Something we don't get to do alot of with today's films.<br /><br />",positive
"Men, do I love police movies filled with action, shooting, chases etcetera.<br /><br />Boy, was I let down after watching this short and unsatisfying movie. We've seen it all before, the hostages, the bank, the surrounding... Yet, 2 bad guys that shoot down multiple officers and innocent people who simply stay in the line of fire - without getting hit due to some Kevlar.<br /><br />Not just a few shots, no, hundreds of shots. Going back into the bank, where the dumb hostages didn't lock the safe or doors when the bad guys went out. How stupid did the director think we'd be.<br /><br />Okay, the shots in between that fake a documentary were good, but after seeing the film I only got the thought: why didn't the police get a decent shooting course? And why where there so many cops and was SWAT on a real long break. Truly bad.",negative
"Still haven't read a single Dan Brown book, but I watched all his movies adaptations. I won't fall into the game to rate this one with the previous because the scope isn't really the same: actually, this one is a thriller, a race against time filled with puzzles.<br /><br />The plot is very twisted, imaginative and the cast is excellent: I never been a great fan of Hanks but he delivers well. I noticed his jeans shirt (the one spilled with blood) because I search for one like this in vain! The Italian searcher is a brilliant newcomer for me but I really applauded Ewan MacGregor portrayal: his inner faith and calm is really impressive.<br /><br />I really like the debate between science and religion. The action taking place in the Vatican, it felt like vacation. At last, I am not sure it helps to add new converts into Christianism. With all the gold and man presence displayed, any one would ask what charity means and why women are so dismissed of the church life whereas they stand for half or more the believers.",positive
"I may be biased, I am the author of the novel The Hungry Bachelors Club, self-published in 1994. The screenplay was written by my good friend and hungry bachelor, Fred Dresch, who was the inspiration for the character Marlon in the film. I couldn't be more pleased with the trailer, I hope to see the film in its entirety and I will further comment. But Jorja Fox, who plays Delmar Youngblood, my character, is stellar. She carries the bulk of the emotional vehicles in fine form. I couldn't have done better myself! This looks like real people, hardly formula driven and thankfully drives my statement against racial prejudice home, gracefully and heartfelt.",positive
"Doug McClure has starred in a few of these British produced genre adventures and this one has got to be the worst of the lot . I know THE LAND THAT TIME FORGOT has its critics but please at least that movie featured location filming and relatively good production values . That's the problem with this movie - The production values go way beyond "" So bad they're good "" affectionate territory and become "" so bad I think I'll go and see what's on the other channels "" <br /><br />One case in point is the first scene featuring the intrepid Cushing and McClure encountering a monster . It's painfully obvious the monster is an average sized man dressed up as a rubber monster being made to look over twenty foot tall via overblown back projection . It becomes even more painfully obvious that our heroes are trying to escape the monster by running on the spot . Have I mentioned that this is one of the more convincing set pieces ? No really this looks like it was filmed in somebody's living room with the spare change left over from that year's DOCTOR WHO budget . Even former DOCTOR WHO Peter Cushing is bland and what should have been an amusing line "" You can't mesmerise me - I'm British "" is delivered in a very flat way ( A very similar line is spoken by Cushing in HORROR EXPRESS ) in a script devoid of characterisation , plotting and memorable dialogue . It's not just the fact that the dialogue is unmemorable it's also infrequent and rare since the monsters don't speak . Wouldn't it have been better having the chief bad guys humanoids like in WARLORDS OF ATLANTIS so that they could explain the plot . Does anyone here know what the plot actually is ? <br /><br />A very tedious British movie that even the twin talents of Caroline Munro can not save . The whole mood of the movie is summed up by the final sequence featuring two keystone cops",negative
"Growing up with the Beast Wars transformers, I wasn't very familiar with the original Transformers, and now that I have seen the awesome movie, and now that I have seen the older cartoon on which it's based, I have to say I like the original cartoon and the live action movie more than Beast Wars.<br /><br />Not that I don't like the BW characters, I just think that characters like Optimus Prime are better than Optimus Primal.<br /><br />I mean, ""AUTOBOTS TRANSFORM AND ROLL OUT!"" sounds a lot better than ""MAXIMALS MAXIMIZE!"" The voice of the original Optimus Prime still makes me a strong believer that he's a real commander, more so than Optimus Primal.<br /><br />Besides, Powermaster Optimus Prime is a lot more powerful than Optimal Optimus. Just look on the web! <br /><br />Megatron in the BW character seemed more like a humorous version of the more evil version of him in the original series.<br /><br />Besides what's cooler, robots changing into animals or robots changing into vehicles and spaceships? Gimme the original Transformers any day over Beast Wars!",negative
"BROADCAST NEWS opens with a series of brief vignettes that are a clever way of starting a story about TV anchors who have no clue as to what they're reporting about.<br /><br />At a speech before a group of would-be reporters, all of whom are bored by her presentation, most of them leave. When the last one exits, the co-host of the event says quietly to HOLLY HUNTER: ""I don't think there will be any Q&A."" Subtle line in a brilliantly written low-key comedy, a farce about the show biz aspect of TV anchoring.<br /><br />WILLIAM HURT is the inept news anchor who finds himself working with HOLLY HUNTER as the network anchorman. Hurt badly needs help in remedial reporting and Holly refuses to take the bait--at first. He knows he's only capable of looking good, but is not a reporter. He proves to be a quick study as long as his earpiece is working and he's getting all the straight info from executive producer Hunter.<br /><br />Holly's other anchor friend (ALBERT BROOKS) helps by feeding her information she passes on to Hurt. Of course she becomes conflicted about her feelings for ace reporter Brooks and equally strong attraction to the pretty-boy anchorman Hurt, who's having his own dalliance with a pretty staff member.<br /><br />You have to wait until twenty minutes before the film ends to find out which man she'll end up with. Brooks tells her that Hurt is the wrong one because he represents everything she's against. In this unpredictable comedy, there's no telling who Hunter (the neurotic heroine) will end up with.<br /><br />Fittingly, HOLLY HUNTER, WILLIAM HURT and ALBERT BROOKS were all nominated for Oscars (Brooks in supporting role), as was the film itself and director/writer James L. Brooks. All in all, seven well deserved Oscar nominations.<br /><br />The script doesn't opt for a conventional happy ending--and, in this case, that's the only flaw for the brilliant screenplay. I felt cheated and somewhat let down by the wistful conclusion.",positive
"When one considers that Carson McCullers is one of the foremost literary figures of the 20th century, it seems that it needs a very great lack of talent to be able to ruin one of her stories, but this movie shows it can be done! How do actors ingratiate their way to becoming directors? Wooden, unatmospheric, unsympathetic, totally out of sync with the poetic compassion of McCullers' writing, my jaw dropped with horror and disbelief that such a mish-mash of a movie could ever have found finance and backers. The only redeeming features are some moderately good acting, (although that said, Vanessa Redgrave seems to permanently render much the same performance whatever character she plays), and some good cinematography in places, but otherwise it is a bitter, bitter disappointment, and it could, and indeed should, have been a contemporary masterpiece. Simon Callow should hang his head in shame and stick to acting!",negative
"This movie lacks in everything. Except Bobby deol, who in his own standards is mediocre, no one in this movie has come close to act in a single scene. Kangana is complete fake in her acting.<br /><br />The great Anupam Kher has a guest appearance and is better in those 2 minutes than bobby in the whole movie. The music does'nt compliment the movie<br /><br />that well. The contrast in Music between Bobby and Upen is not highlighted that well. Great concept gone completely wrong. The movie does'nt have a proper ending. Please don't waste your time as i did on this movie",negative
"""9/11,"" hosted by Robert DeNiro, presents footage from outside and inside the Twin Towers in New York, on September 11, 2001.<br /><br />Never too grisly and gory, yet powerful and moving. ""9/11"" is a real treat. Anyone not moved by this television show is immune to anything.<br /><br />5/5 stars --<br /><br />",positive
"This is probably the best cinematic depiction of life in a Manhattan ad agency: the pressure to perform; client and agency demands; the parties; the creativity; the money; the cool surface with powerful corporate undercurrents. <br /><br />Toss in parenthood for Dustin Hoffman. <br /><br />The movie is textured and deep. It follows his internal relationship as he tries to understand and live with what's going on; his relationship with Meryl Streep (and her friend, who becomes his friend), and his the relationship with his son. <br /><br />While Meryl Streep was great, did she set the record for least screen time to win an Oscar? She sure can deliver when she is on, though.",positive
"What a terrible film. It sucked. It was terrible. I don't know what to say about this film but DinoCrap, which I stole from some reviewer with a nail up his ass. AHAHAHAHAHHAHAHAHAHAHAHAHAHAHHAHAHAHAHAHAHAH!!!!!!!!!!!!!!!!!!! sigh.. It's not Roger Corman that I hate, it's this god-awful movie. Well, really? But what can you expect from a movie with Homoeric computer graphics. Which is another thing, the CGI sucked out loud; I hate this movie dreadfully. This is without a doubt the worst Roger Corman B-Movie, and probably the gayest B-Movie too. It's-it's--- DINOCRAP! I'm sorry, I must have offended some nerds in these moments. It's just an awful movie... 0/1,000",negative
"The above seemed a much more appropriate title when me and my suicidal underlings decided to watch this masterpiece of modern bullshit <br /><br />Erotic,Scary, Suspenseful, Well thought out, these are all the things this film fails to be.<br /><br />It is however incredibly funny, the slow sound effects and bad dubbing add to this to make one of the greatest comedies I have seen in recent years. And yet this film doesn't even try to be funny and that is one of the movies grand achievements, it becomes a comedy without even attempting to amuse.<br /><br />Throughout the film an old guy who looks amazingly like Santa Claus goes around ploughing over zombies and smashing vampires into the ground. This made me fail to believe the films title, if this was vampires vs zombies why were the vampires and zombies not fighting? Oh well whatever, besides there were more flaws to this rental than the title. Such as this one; there has been a virus sweeping through America creating zombie like beings who go around acting a lot like your average tourist. And yet there's only four zombies in the entire film. Another problem is besides one shop everywhere is deserted. Surely you'd see zombies roaming about in the woods or in the background a bit. In fact I believe they just drove around in a circle of forest over and over again since they didn't have a high enough budget to film in a wider location, that or the director didn't want to waste his precious time filming in different areas of wood he was to busy sitting in a trailer jerking off to be bothered with such trivial matters.<br /><br />In fact the director had so much fun doing this that he didn't have enough time to hire a big enough cast or even an editor. And so he told the eight members of the cast to dress up as different people and try not to act inconspicuous, whilst I assume he changed his name and began randomly snipping at the film reels ""editing isn't a hard job anyway right?"" The only reason this ""movie"" found it's way into our bag was because somehow we got it confused with Freddy vs Jason, strange how these things happen isn't it. And the only way we made it though the night was by strapping gas masks on and bolting them to our skulls to avoid the stink of this nauseating mess.<br /><br />Oh yes we did laugh at the end, but I'm sure one does that a lot when he has lost his sanity...................",negative
"Routine suspense yarn about a sociopath (Dillon) who gives his sperm to a clinic of human reproduction and starts to harrass the lives of the woman (Antony) and his husband (Mancuso). Extremely predictable, far-fetched and with undecided tone all the way. Don't lose your time with this one...make a baby instead!",negative
"Whatever rating I give BOOM is only because of the superb location photography of Sardinia and Rome. Otherwise, this is only for hardcore addicts of ELIZABETH TAYLOR (her downward phase), and RICHARD BURTON (his miscasting phase). Tennessee Williams wrote ""The Milk Train Doesn't Stop Here Anymore"" and is supposed to be very fond of this adaptation of his play--but apparently, he was the only one. Taylor reportedly hated it and Burton needed the money.<br /><br />Whatever, it amounts to a hill of beans with Taylor posturing and fuming in her shrill manner, exploding at the servants and exchanging bad baby-talk with no less than NOEL COWARD who seems to be a visitor from another film when he finally appears.<br /><br />It's so campy that among Taylor fans it's probably considered a ""must see"" kind of thing. But if you can sit through this one without a drink in your hand, you're way ahead of me. Sadly, this is the film that signified the end of Taylor being taken seriously as a film actress, even after winning two Oscars. For Burton, it was equally disastrous and the critics called it a BOMB. Judge for yourself if you dare.",negative
"No more corned beef and cabbage for her!<br /><br />This little romantic comedy clips along from scene to scene with a few exotic twists (some imaginary scenes and a costume party). All of this is centered around the wife of the husband(s) who is looking to break out of the doldrums, played by Gloria Swanson (she is twenty here!). Both the leading men have a natural air that is convincing and of course Swanson is perfect in all kinds of moods, from frivolous to worried to hopeful. <br /><br />Behind all the games and apparent lightheartedness is that old serious problem of staying in love and not straying in love. There's a little corniness, but director DeMille is on top of keeping it snappy and believable in all. As with many films from this period, the subtitles do not just tell what they are saying (or thinking) but often give a kind of philosophical insight, as if to justify the tragedy (or raciness). And there is that higher purpose here, probably better without the instructional text, but it's part of the narrative style, and it's kind of quaint. <br /><br />If you are looking for visual or formal amazement, you won't find it here. But as a story, well acted, and filmed with precision and economy, it's really a great example. The events might not come as a total surprise, but it's such a modern love story, set almost a hundred years ago, it's a gas. And did I saw Swanson was perfect?",positive
"I may be a sentimentalist. But i found this movie truly moving. It was the first movie that reduced me to tears. And it did it more than once!! I recommend it to anyone both gay and str8. Religious or not! Supporting co-star Jackie Bisset stole the show, especially with her one liners. The nude scenes were superbly crafted as well, and all in were good taste. Most shocking was the portrayal of the orientation reversal deprogramming instituted by the Mormon church to the lead character. It shocked me that this still goes on in the world. Nevertheless I enjoyed this movie tremendously. This is definitely the best gay film since Torch Song Trilogy. And much better than the other gay movie offering that year - The Fluffer.",positive
"I read somewhere (in a fairly panning review) that this is something of a live-action mecha anime, and I think they're on the right lines. I first watched this movie when I was very young and I've been dying to see it again, and when I finally did just recently all the memories came flooding back. I don't think this is to be taken too seriously - it's just a bit of good old 80's almost-a-TV-movie fun (it is set against the backdrop of a fairly dark future, although this point isn't stressed too much). What I admired most about this movie was that the dialogue didn't sound generic - no clichés, no predictable lines - all in all just good fun! Maybe time hasn't been kind to this little movie, but still I can find appreciation for it in me. It's by no means perfect, but it's entertaining and doesn't try to be anything other than that. Let the nerds and comic-store-guys worry about technicalities - who cares? See it for yourself and make your own decision. No-one else's opinion matters.",positive
"Yep, lots of shouting, screaming, cheering, arguing, celebrating, fist clinching, high fiving & fighting. You have a general idea as to why, but can never be 100% certain. A naval knowledge would be an advantage for the finer points, but then you'd probably spot the many flaws. Not an awful film & Hackman & Washington are their usual brilliant, but the plot was one you could peg pretty early on. I'm still waiting to see a submarine film where people get on with each other & don't argue, but then you probably wouldn't have a film.<br /><br />4/10",negative
"I almost made a fool of myself when I was going to start this review by saying "" This movie reminded me of BILLY ELLIOT "" but then I looked up the resume of screenwriter Lee Hall only to find out that he was the guy who wrote BILLY ELLIOT so it's Mr Hall who's making a fool of himself not me <br /><br />Am I being a bit cruel on him ? No because Lee has something most other aspiring screenwriters from Britain don't have - He has his foot in the door , he has previously written a successful British movie that won awards and made money at the box office and what does he do next ? He gives the audience more of the same <br /><br />Young Jimmy Spud lives on some kitchen sink estate . He is bullied at school and no one loves him . The only thing keeping him going is that he has aspirations to be a ballet dancer . No actually he has aspirations to be an angel but considering his household he may as well be a ballet dancer . He has a macho waster of a father who thinks "" Ballet dancers are a bunch of poofs while his granddad says "" Ballet dancers are as tough as any man you could meet . I remember seeing the Bolshoi ballet ... "" Yup Ballet is a main talking point on a run down British council estate those days - NOT . Come to think of it neither is left wing politics which seems to be the sole preserve of middle class do gooders who live in nice big houses , so right away everything about this set up feels ridiculously false <br /><br />Another major criticism is that this is a film that has no clue who it's trying to appeal to . I have often criticised Channel 4 for broadcasting movies at totally inappropriate times ( THE LAND THAT TIME FORGOT at 6 am for example ) but they showed this at 2 am and for once they've got it spot on . Considering the story involves politics , ballet dancing ( Gawd I hate it ) lung cancer and poverty there's no way this can be deemed suitable for a family audience but since the main protagonist is an 11 year old child and features angels and ballet dancers ( Don't blame me if I seem obsessed with the subject - there was no need to refer to them ) there's not much here for an intelligent adult audience either . <br /><br />Of course if Lee Hall had been told at the script development stage by the producers that he should write a story featuring a schoolboy and an angel and had flatly refused saying that he wanted to write about other themes and stories then I will apologise but throughout the movie you do get the feeling that once the film was completed it was going to be marketed to the exact same audience who enjoyed BILLY ELLIOT",negative
"This is the kind of movie the US doesn't make. It's why people rent foreign films. It's a great story about how one person, even if he is retarded can make a person find reason in an empty life. Everybody can learn from Georges. It also shows how people that are mentally challenged suffer in their life and shows them in a very realistic way (I think). As its classic in foreign films this movie has a bittersweet ending, but that only makes it a better movie.",positive
"not a Larry Mcmurty masterpiece but it stands on its own as a good western, any of the lonesome doves do. who ever takes on the role of Woodrow call, does a great portrayal in their own style. It's also easy to see that they were looking to use this as a stepping stone to the t.V series (both version of it) and that the writers knew how to keep the flavor alive William Peterson was awesome in this, the geeky C.S.I guy is not the character he plays in this - this guy can do it all it seems<br /><br />it's deserve to be enjoyed by those who enjoy westerns<br /><br />4out5 stars",positive
"Recap: A band of five young American men, all that is left of a platoon hit hard during the Ardenne offensive during the WWII get the assignment as a forward outpost and to look for enemy activity. They're in really bad condition, both physically and mentally, and think they have struck gold when their outpost is in an abandoned but once plush mansion full with food. But after a while there is some enemy activity, and it is very odd. Not hostile, but odd. It seems like there is a German squad out there, in equally bad condition, that want nothing more than to surrender.<br /><br />Comments: Based on a novel and my guess that the novel is much better but the story doesn't seem to translate very well to the big screen. Indeed it is a different war movie, much more about the mental pressure during wartimes than fighting and battles. But I can almost feel that scenes that must have been full of suspense, full of uncertainties and unknown elements, just fall flat in the movie. It is not suspenseful, just different and in many ways absurd. Many times people just act insane, and the reasons are unclear or at best hinted at.<br /><br />So when this mental pressure fails to come through, the main building piece of the entire story, I thought the story fell through. It wasn't good, it wasn't interesting, it didn't keep me on the edge and it didn't really send a message. Actually it did nothing.<br /><br />The cast is interesting, many young actors that then turned into stars in beginning of their careers. The acting is good, but not stellar, and a few characters also fell through into the absurd zone. Much of that too I feel is due to that this story, these characters need the time, space and pace given in a novel, that they can't be given here. And going halfway definitely isn't good enough.<br /><br />4/10",negative
"I voted this a 10 out of 10 simply because it is the best animated story I have been able to see in quite some time. The animation is stunning. The artwork behind each and every landscape was beautiful. From the colors to the lighting to the not standard fare of artistry. I was amazed. Moving beyond the beauty on the screen, you are immersed in a storyline that is at once timeless and at the same turn fresh. Character development is brief yet these touchstone moments are exactly what is needed to clue the viewer in to what and why and how the character has come to where they stand. I'm impressed with the entire affair and think this is a must see for the entire family.",positive
Bottom has been my favourite sitcom ever since i saw it on t.v and the movie is even better if your a bottom fan i say this is a must buy!!! the plot is that Eddie and Ritchie run a hotel named guest house Paradise but not all goes right for them as customers leave until a famous actress come to stay they try there best to impress her but not all well go right this is a upbringing to British cinema so buy this and you will wet yourself with laughter. also starring Simon Peggi (shaun of the dead) and also bill neigh (love actually) it might of not done good in the box office or by the looks of it on this website but don't listen to them buy this and i swear you will love it,positive
I switched this on (from cable) on a whim and was treated to quite a surprise...although very predictable this film turned out to be quite enjoyable...no big stars but well-directed and just plain fun. With all the over-hyped crap that is out there it is very nice to get an unexpected surprise now and then... and this little film fits the bill nicely. 9/10,positive
"Awwww....yes, it is heartwarming and all that some unlucky family gets adopted by ABC/Sears and has their home ""renovated."" That's where the humanistic appeal ends. I liked it early in its run, but now this show has become disgustingly excessive.<br /><br />Ten needy families could be given relatively luxurious homes with lots of goodies for every one family that each episode of this show splurges on. The people at Habitat For Humanity must be shaking their heads in disbelief. For example, is it necessary for a healthy sixteen year old boy to have a jacuzzi in his bedroom, or have his bed tricked-out with ""Low Rider"" hydraulics? Does the mom really need her dilapidated, non-running and rusted out old pick-up truck restored and ""pimped"" by some of the best customizers in California? A new one would have done the job quite nicely, and probably for a third of the price. Do people really need a sixty-five inch plasma screen in every room of the house? And then there's the issue of who pays the increased property taxes and utility bills. Even after the zaniacs at ""Makeover"" leave, somebody still has earn a living. I doubt the friendly folks down at Social Services will see the humor in all of this largess.<br /><br />This show is nothing more than a ratings grabber for ABC, and a tacit commercial for its sponsors.",negative
"What a good movie! At last a picture revealing a unknown side of rock: illusions of fame. Well-known Rockers are getting old and forgotten, not the music. And with a good sense of humour. Have you ever danced on Bill Haley's Rock Around the Clock?<br /><br />Anyway, Still Crazy is probably the best movie about rock n'roll I have ever seen. Far much better than Spinal Tap for instance. Why? Because in Still Crazy, people are mature. They have a different point of view about rock, about love and about life. They want to catch up with their crazy youth they miss so much. Beyond the story itself, we see characters with their own personality, weaknesses and dreams. Like anyone of us.<br /><br />Spend a good time watching this (listen to the awesome soundtrack! )and finally thinking of your own future.<br /><br />Bye!",positive
"Trapped: buried alive brings us to a resort that has just opened, and is soon to close.<br /><br />We start with a guy in gear blowing up drifts, to avoid the possibility of avalanches. somehow, that doesn't make sense. anyways, he's about to blow away one particularly big one, when he notices the resort is open. despite his best efforts, higher authority tells him his day is over.<br /><br />soon, as everyone expects, an avalanche hits.<br /><br />Look, i'm not gonna reveal any more, all i can say is this was a B-movie designed for the family channel (which i just saw it on, and the fact it had no commercials proves it's a B-movie) anyways, it's a pretty decent film, but it's partially unreal.<br /><br />firsthand, when people are buried by ice and snow, they're buried. not just traced by powder. or, what about a CD for a screwdriver? it's not possible. and finally, what i can't stress enough, is that an explosion cannot stop a avalanche, guaranteed.<br /><br />furthermore, it's worth a rental or a TV viewing, but not owning. 7/10.<br /><br />The movie is rated PG, but maybe it should have received something a little more strong. a boy nearly loses his foot in an elevator, but his leg is cut around the ankle, a guy is toasted by electricity and diesel, and in the weight room, dead people are laying around.<br /><br />enjoy.",positive
"Average (and surprisingly tame) Fulci giallo which means it's still quite bad by normal standards, but redeemed by its solid build-up and some nice touches such as a neat time twist on the issues of visions and clairvoyance.<br /><br />The genre's well-known weaknesses are in full gear: banal dialogue, wooden acting, illogical plot points. And the finale goes on much too long, while the denouement proves to be a rather lame or shall I say: limp affair.<br /><br />Fulci's ironic handling of giallo norms is amusing, though. Yellow clues wherever you look.<br /><br />3 out of 10 limping killers",negative
"This movie surprised me. Some things were ""clicheish"" and some technological elements reminded me of the movie ""Enemy of the State"" starring Will Smith. But for the most part very entertaining- good mix with Jamie Foxx and comedian Mike Epps and the 2 wannabe thugs Julio and Ramundo (providing some comic relief). This is a movie you can watch over again-say... some Wednesday night when nothing else is on. I gave it a 9 for entertainment value.",positive
"This is one of the worst movies I've seen in a long time. The story was boring, the dialogue was atrocious and the acting hammy. I'm not sure if this movie was the result of a film school homework project, but it certainly played like one. It is not even particularly successful in its central conceit of trying to appear as a single continuous take. The whooshing horizontal camera pans are a cheap and unoriginal way of hiding cuts.",negative
"Jack, Sawyer and Sayid swim to the boat and find a completely wasted Desmond. His traumatic past experience before sailing to the island is disclosed through flashbacks. Sayid plots a plan with Jack to surprise ""The Others"" in case Michael is double-crossing the group. John Locke convinces Desmond to invade the hatch, which is protected by Mr. Eko, and not press the button of the computer to see what will happen.<br /><br />This episode is one of the best of the Second Season. Unfortunately, we lovers of ""Lost"" can see the lack of respect the producers of this stunning series have with the fans. In the USA, the air date of this episode was 24 May 2006. Therefore, along this period, fans have to wait for the Third Season in a very suspenseful situation, with Jack and his group surrounded by ""The Others"" and finding the truth about Michael and the death of Ana Lucia and Libby; John locked inside the hatch without the intention of pushing the button and Mr. Eko in despair outside the hatch. I hope the fate of ""Lost"" be better than ""Angel"" and its very disappointing conclusion (or lack of conclusion) after five seasons. My vote is ten.<br /><br />Title (Brazil): Not Available",positive
"This time we get a psycho toy maker named ""Joe Petto"" (get it?) who makes living, evil toys that kill people. He goes after the family who has the bad luck of just simply living in the same house where he and his mutant robot son ""Pino"" (again, get it?) used to live.<br /><br />Easily the worst (and hopefully [presumably] the last) in this semi - series, this one and the previous one look like soft core porn movies, but without the sex and nudity. It's kind of like a low rent hybrid of ""Halloween III"", ""Puppet Master"", ""Dolls"" and bad home movies. Supposedly in 2000 they started to do a sixth chapter in the series, but it was abandoned and never completed. We can all only hope that it stays that way...<br /><br />1/2 a star out of ****<br /><br />",negative
"I loved this movie. To be very fair, the movie starts off very slowly, with none of the characters being terribly sympathetic. It continues in this way for a good half of the film.<br /><br />But, if you're patient, you'll be greatly rewarded. What the first half of the movie lacks in character development and/or sympathy is adequately compensated for in the second half. It's a bit like riding a roller coaster - a slow, uphill climb to strat off with, and then speed, twists and turns, and a few surprises.<br /><br />As usual, Meryl Streep is wonderful. She is the finest actress of our time. William Hurt is good, if a bit wooden in spots. Renee Zellweger does a very good job, showing that her performance in Jerry McGuire wasn't a fluke.",positive
"Clearly my rating for this is not to suggest it compares with the classy horrors of the likes of Argento but with other 70s low budget, drive in fare and in that department it truly is a classic. The lack of money shows, (Does anyone care too much?) the acting is adequate rather than professional, (Does that make it more realistic?) but unlike so many other movies, and not just low budget ones, this does not drag for a moment. Crap it may be but non stop crap, in your face crap and although inevitably a bit campy at times, this is a must see for anyone who has any idea what I'm talking about. At times quite delirious, this crazy little film filled out with crazy characters is clearly made for fun and fun indeed it is to watch.",positive
"so yes it is quite nostalgic watching the 1st episode because this is the one episode i definitely remembered. i enjoy watching the first season and yes compared to the action packed shows we have now this show seems lame. but frankly i like the ""less violent"" part of the show and the story line has more substance than the new ones now. I thought it interesting that Belisario's Airwolf and JAG have similar theme - the lead actor (Hawke and Harm) both are looking for an MIA relative (brother, father). wonder if Robert Belisario's personal life mimics these 2 shows' theme.<br /><br />Question - does anyone have pictures of Hawke's cabin. I love that cabin (kinda like a dream cabin of mine) and that is one of the scenes i remember about Airwolf.",positive
"Initially I was put off renting this movie due to the jacket art for the DVD. In fact, this held true with friends of mine who didn't rent it due to the art and the mental image(s) it conjured of being a movie that held little or no interest to me (or to my friends). But, I rented and watched it and was truly amazed.<br /><br />I agree with another user's comments that this movie is not for everyone due to the blatant sexual inferences, so it is definitely not something I'd want young children to watch (and doubt seriously if they would understand it anyway).<br /><br />I enjoy movies like this whereby the character's personalities and who they are are genuinely defined in a no-nonsense, direct way with no teasers to indicate they will turn out bad. The acting done ... was it acting? Ricci and Jackson performed so well, I was drawn into this movie not even realizing they were acting. Same thing with the story ... may seem far-fetched somewhat, but it was done so very, very well. It reminded me of another movie with Mel Gibson, Tim, where each character had limitations, whether mental or circumstantial, so were well-defined.<br /><br />I found much depth in this movie with the character's involved, so feel that everyone involved (from the cameramen to the actors) should be commended on a perfect fit/result. After viewing this movie, I had talked to a couple of friends who had a negative approach to watching it like I did, so after hearing my comments, they rented and watched it. They, too, were quite surprised at how good it was. It is too bad that the art on the jacket was done the way it was since it is a turn off. I can see now how the art applies, but I'd not heard of this movie before, and the art was my first impression ... art sells or destroys DVD sales/rentals.<br /><br />These characters had more depth to them and good timing was allotted to give an audience like me time to absorb the ""feel"" for each. I felt I could trust the movie to flow well, and it did. So, with the jacket art aside, I would recommend watching this movie.",positive
"The film begins with a little girl (Rita) seeing her father killed. He apparently was a criminal who squealed on his fellow crooks. Later, and this part makes little sense, the girl has grown to adulthood and STILL her father's past haunts her! A bit later, Rita meets a good-for-nothing and dates him. During one of their dates, he's a bit intoxicated AND driving like a total fool. The cops give chase and he speeds away--killing a pedestrian in the meantime. Here comes the Really stupid part. He convinces her to confess to the crime, as he assures her his lawyers can get her off scot-free. Why, oh why, would she agree to this?! Yet she does and spends the next couple years in prison!! And, soon after her conviction, this boyfriend disappears--showing that he's a total heel. What a chump!!! Later, after her release, her friend (Jack La Rue) informs her about the truth about the boyfriend. Then, he explains, the boyfriend's family is loaded and she should shake them down for lots of cash for all the trouble he put her to by taking the rap. Frankly, this does make sense--as they certainly owe it to her--especially since they knew she'd go to prison and had every intention of using her and then casting her aside.<br /><br />Now the idea of bleeding money from the rich chumps is a good plot idea. However, there is no way this would have occurred in the first place because it's hard to believe anyone could be so stupid as to take the rap for a hit-and-run! In an interesting twist, the dumb lady decides on a life of crime--donning a wig and picking up a rich guy--taking him into the desert and robbing him at gunpoint! Wow...how she's changed! Apparently she loves the idea of stealing from ""phonies""--i.e., rich hypocrites. However, and this made no sense, she soon stopped doing this and began shaking down the father of the old boyfriend--why she bothered to do some petty robberies in the meantime made little sense. And, what also was a bit hard to believe was that instead of wanting money from the old jerk, she was interested in getting him to put his influence behind a mob-controlled man for mayor. Odd...very, very odd.<br /><br />In the meantime, another plot develops involving a young Alan Ladd. He's an undercover agent who has infiltrated the mob. He was chosen because he just happens to be a dead ringer for a real crook--what a cliché! But what makes no sense is that this real crook isn't in jail and is out committing crimes while the fake one is infiltrating the mob in another town.<br /><br />Eventually, evidence that Ladd is able to uncover is enough to issue warrants to the mob kingpins--including Rita. This is a case of very bad timing, as in the interim, she's made a decision to become a decent and legitimate woman, as she's met a really nice guy who she wants to marry! Wow,...what are the odds?! Overall, this is a goofy and rather dumb movie that suffers from ""kitchen sink syndrome""--in other words, there is way too many plot elements and weird twists to make the movie the least bit believable. Plus, since the movie is only a little over an hour long, it all seems very forced and contrived. It's a relatively bad B-movie from crap-studio PRC of note only for the performance of Alan Ladd just before he gained great fame the following year at Paramount.<br /><br />By the way, this DVD was released by Alpha Video---a company which sometimes releases some wonderfully obscure titles (mostly public domain) but which NEVER cleans up the prints or adds closed captions. In other words, the DVD production values are strictly 3rd-rate...at best.",negative
"I really don't understand who this movie is aimed at. From just the absurdity of it, not to mention the ridiculously bad acting, cheesy dialogue, and the fact that the villain is a child, I'd assume this was meant to be a children's movie... but I think there may be more swear words than Pulp Fiction, not to mention constant references to drugs and general mayhem and killing-so which demographic is it trying to please? This movie is too schizophrenic, like trying to combine Country music with Heavy metal, in the end no one is going to like it because it's a bloody paradox. I would recommend this movie because it's so funny (in a bad way) except the actors are so patently unbearable that I wouldn't want to suggest otherwise.<br /><br />I'm completely serious when I say that I could not watch more than 15 minutes of this. Terrrrrrrrrrrrrrrriiiiiiiiiiiible",negative
"Blonde and Blonder has Pamela Anderson and Denise Richards in almost every scene and if you want more from a movie you're being utterly unreasonable. It feels like a late era Carry On, when the series was no longer blazing trails, but was still more funny than not, think Behind or England and you won't be too far off the mark. Pamela and Denise are bubbly, charming and clearly aware this isn't a masterpiece they're making, although you can give me it over lots of things I'm told to like. The supporting cast are energetic, even if some of them aren't particularly good; I can't see a couple of duff turns in a movie that's already practically forgotten making much difference to anything, so just smile. I really do think Blonde and Blonder is ace and I hope you hate me for it.",positive
"In Frank Sinatra's first three films, he was purely a speciality act: ostensibly playing himself, he merely shows up to croon a song during a nightclub sequence in somebody else's movie. In his fourth film, the very enjoyable 'Higher and Higher', Young Blue Eyes transitions into an acting career by playing an actual role ... a task made easier because he's playing himself in a fictional story that gives him a chance to croon a few numbers.<br /><br />Sinatra's entrance is quite funny. Michele Morgan hears a knock at the door, and asks who's there. From outside, a Hoboken-toned voice answers 'Frank Sinatra'. Sure enough...<br /><br />The opening credits of 'Higher and Higher' may confuse some viewers, as the names of songwriters Rodgers and Hart are prominently displayed. In fact, they only contributed one song to this musical: 'Disgustingly Rich', which this cast manage to toss off as a sort of intro to an entirely different song, 'I'm a Debutante'. Interestingly, that Rodgers & Hart song -- one of their weakest -- is perhaps the least enjoyable song in this movie's score; several others are lively up-tempo numbers, notably 'It's a Most Important Affair', 'When It Comes to Love, You're On Your Own' and 'I Saw You First'.<br /><br />Sinatra's good in this movie, but he would do better work (and sing better material) elsewhere. The real merits of 'Higher and Higher' are the delightful turns by some performers who rarely made films. Paul and Grace Hartman were an extremely popular husband-wife dance team who starred in several Broadway revues: genuinely graceful ballroom dancers, they put plenty of physical comedy into their dance material. (Here, Grace does a high kick that knocks a shoe out of Paul's hands.) Grace Hartman, who died of cancer at age 48, did almost no film work, so it's a real pleasure that this film gives us a rare chance to see her close-up, to hear her beautiful singing voice and to notice how sexy she looks in her maid's uniform. After Grace Hartman's death, her husband had a long career as a character actor, just occasionally dancing solo. (Or alongside Ken Berry in one memorable episode of 'Mayberry RFD'.)<br /><br />Also quite attractive in a maid's uniform here in 'Higher and Higher' is the vivacious teenage singer Marcy McGuire. Why didn't this talented girl make more movies? Perhaps she was just a bit too similar in personality to Betty Hutton. I enjoy Hutton's performances but I like Marcy McGuire even better. Near the end of 'Higher and Higher' there's an amusing bit of physical business featuring McGuire and Mary Wickes as waitresses, taking it in turns to move from table to table in a nightclub. The alternating strides of short McGuire and tall gawky Wickes are hilarious! Regrettably, although Leon Errol plays a large role in 'Higher and Higher', he is given almost no comedy business: not once does he do his famous rubber-legged dance. Jack Haley, despite his prominent billing, is also wasted.<br /><br />Very well-represented here is Dooley Wilson, inevitably remembered as Sam from 'Casablanca'. In that film, Wilson did his own singing but faked his keyboard performance of 'As Time Goes By'. (In real life, Wilson couldn't play piano.) Here in 'Higher and Higher', he sings pleasingly and gives some amusing reactions to the other players. Less enjoyable is Mel Odious, I mean Mel Torme. Victor Borge gives a rare film performance here, handling his dialogue deftly but never doing any of the keyboard comedy which he later did successfully in his stage shows.<br /><br />The plot? Forget it. 'Higher and Higher' is nobody's idea of a 'great' musical, but it's an enjoyable delight, and I'll rate it 8 out of 10. Director Tim Whelan, who worked in Britain as well as in Hollywood, deserves to be much better known.",positive
"Another brilliant portrayal by Kiefer Sutherland who plays Mickey Hayden, a cop dealing with psychic visions of murdered victims. I absolutely love movies dealing with the psychic realm, and I wasn't disappointed with ""Eye of the Killer"" (AKA After Alice). I only wish the movie had been released theatrical first.",positive
"Before Stan Laurel became the smaller half of the all-time greatest comedy team, he laboured under contract to Broncho Billy Anderson in a series of cheapies, many of which were parodies of major Hollywood features. Most of Laurel's 'parody' films are only mildly funny, and even less funny for modern audiences who haven't seen the original movie which Laurel is parodying. Fortunately, 'Mud and Sand' lampoons a movie which is still well known: 'Blood and Sand', starring Rudolph Valentino. 'Blood and Sand' was released only nine weeks before this parody, giving you some idea of how quickly Broncho Billy's movies were ground out, edited and distributed.<br /><br />Various sources (including IMDb) state that Stan Laurel's character in this film is named Rhubarb Vaselino, with a final 'o'. I've screened a print of 'Mud and Sand' with the original titles (in Hobo type font), so I report that Laurel's role is actually cried Rhubarb Vaseline, with an 'e'. But I agree that 'Vaselino' is funnier. Laurel copies the elaborate sideburns which Valentino wore in 'Blood and Sand' (he should've made them longer!), and there's a parody of Valentino's dressing scene from that movie, which made female movie-goers swoon in 1922. A señorita named Carmen in the original film is parodied here as Caramel (a girl I'd like to sink my teeth into).<br /><br />This movie (like the original) apparently takes place in Spain, yet there's a Prohibition gag. Laurel uses a distinctive hat-tipping gesture here which could have become a trademark for him (like Hardy's distinctive necktie twiddle), but I've never spotted it in any other Laurel film. There's some amusing dialogue: Rhubarb Vaseline tells the other matadors to 'Save a bull for me.' When Vaseline becomes a successful toreador, a lackey tells him 'The bull is without, sir' ... which is funny, but I was disappointed that Laurel didn't reply 'Without WHAT?'.<br /><br />There's one funny moment here which almost certainly wasn't planned, when Vaseline shows up for the bullfighter auditions. Laurel swaggers into the bullring, and -- before you can say 'corrida querida' -- he tosses a bull over the fence, where it lands with a thump near the other auditioners. The bull is obviously a fake, but the gag is funny anyway ... and, aye, there's a title card with a joke about 'throwing the bull'. The serendipitous moment occurs when Laurel repeats the gag, and Vaseline slings a second bull over the fence. This one lands on its butt, and balances upright for just an instant before toppling. VERY funny! If somebody planned that gag in this quickie comedy, I salute the unknown gagsmith ... and the tech man who rigged the bull to land in that position. More likely it happened by luck, and the director and editor were smart enough to keep it in.<br /><br />During the silent era, whenever Hollywood made a big-budget feature film which was set anyplace where the people don't speak English, it was a common cinematic device to show a piece of text or an inscription in the local lingo, then dissolve to a shot of the same text in English. I was surprised that this low-budget comedy spent the money to copy that device here: we see a notice-board outside the corrida with a message in Spanish, then it dissolves to the same text in English. Unfortunately, the photography in this cheapo movie is so dark that the effect is wasted.<br /><br />The actresses in this movie are attractive ... including Broncho Billy's wife Leona Anderson and Stan Laurel's common-law wife Mae Dahlberg; the latter briefly does a pretty dance. (Mae had danced in Stan's vaudeville act.) I was surprised to spot Charlie Chaplin's half-brother Wheeler Dryden in a brief role, since Chaplin had nothing to do with this movie. In 'Mud and Sand', Laurel gives a funny performance that's quite unlike his later familiar Stanley character ... but this film is much less funny than his brilliant work with Oliver Hardy. My rating: just 3 out of 10. TRIVIA NOTE: Twenty-three years later, in Stan Laurel's very last American film -- 'The Bullfighters' (1945) -- he again played a Spanish bullfighter (with his Spanish voice post-dubbed). Coincidentally, that film used stock footage from 'Blood and Sand': not Valentino's movie, but the Tyrone Power remake. 'Mud and Sand' is funnier than 'The Bullfighters', but not much.",negative
"When HULK hit theaters in 2003, it wasn't long before DVDs of the old Incredible Hulk TV show popped up in an attempt to cash in on the craze. We saw a similar occurrence a year prior when Spider-Man cartoons appeared on DVD to coincide with that hero's big screen debut. Companies leap at the opportunity to ride on the financial coattails of a hot brand.<br /><br />So the fact that this picture never surfaced on the shelves of Wal-Mart as its featured heroes clobbered the box office in the summer of 2005 says a lot. I guess everyone involved would just rather forget. To be fair, THE FANTASTIC FOUR is not as bad as everyone says. Let me rephrase that. It's not as unentertaining as all of its negative reviews might suggest.<br /><br />Veteran television actor Alex Hyde-White (no, you don't remember any of his roles) leads the way as Reed Richards, the brilliant scientist who, along with his crew, gains bizarre powers after an outer space mishap. He's left with the ability to stretch and contort his body to outrageous lengths. His future wife, Sue Storm (Rebecca Staab), can suddenly turn invisible, while her brother, Johnny (Jay Underwood), may now ignite himself at will. Then there's poor Ben Grimm (Michael Bailey Smith), the lovable lug whose body morphs into a mass of craggy, orange rock.<br /><br />Just as the friends are becoming accustomed to all of this, they are called upon to rescue the world from certain chaos. It seems Reed's old colleague Victor von Doom (Joseph Culp) is living up to his name, and that villainous Jeweler (Ian Trigger) isn't exactly helping old ladies cross the street, either. Can our heroes save the day? Of course they can; like any superhero movie, it's just a question of how and when.<br /><br />What's striking about THE FANTASTIC FOUR is how amateurish it is in virtually every aspect. The dialog is so lame and tired it sounds like it was written by a junior high drama class. The acting is so unpolished it makes a third-rate afternoon soap opera look like Shakespeare. The special effects are surprisingly good considering the minuscule budget, but there are still some positively embarrassing moments. When The Human Torch fully ignites his body, for instance, the entire movie briefly turns into a cartoon. I can just hear that production meeting. ""Oh, no one will notice. They'll be too intrigued by the action!"" I mean really, a cartoon? At least give me a mannequin on fire held up by a string! Prior to that, the scene in which the foursome come to on earth after their spaceship crashes is pure teens-in-the-backyard fare. The crew simply found a field and lit a vaguely-spaceship-like object on fire. That's the only remnant of such a major disaster?<br /><br />Of course there wasn't a whole lot to work with in the script. There is a fairly coherent story here, but it's all so simplified. When Reed and Ben decide to go into outer space, they simply drop by the Storms' house and ask if they'd care to join them. Is it really that easy? Don't these sort of things require, oh, I don't know, years of training and expertise? Not in the world of these writers, who seemed to be inspired by the underrated genius on display in FULL HOUSE reruns. But as bad as that may be, nothing can compare to how painfully clichéd Dr. Doom is. He was pulled right out of those awful superhero cartoons from the 1960s, right down to the evil laugh and slamming his clenched fist down on the table to punctuate his remarks. No comic book, least of all Fantastic Four, has ever featured a villain so obscenely one dimensional.<br /><br />Ultimately, THE FANTASTIC FOUR is saved from being a complete turkey because it's just so damn innocent. You can tell the people involved, as little talent or experience as they had, really tried. They didn't know the final result would be so embarrassing. They were under the impression that this was their big break, that people would flock to the theaters. It bears repeating that they had virtually no money to work with (and I'm sure half of that was eaten up by the cool Thing costume). All things considered, they did well, and for its many flaws, the finished product is a fair amount of fun for comic book fans.",negative
"""A Minute to Pray, A Second to Die"" is a quality spaghetti western with a solid cast and an interesting storyline. It is filmed beautifully, with a relatively high production value for a film in this genre.<br /><br />Alex Cord does a terrific job portraying Clay McCord, an outlaw who is suffering from increasingly debilitating seizures. He is seeking amnesty before his enemies close in on him, but is being too cocky for his own good when he asks for it. Robert Ryan delivers the best performance in the film as the governor of New Mexico. Mario Brega and Arthur Kennedy are also great here.<br /><br />This movie is very good, but it doesn't stand out to me as being one of the best spaghetti westerns out there. It's lacking too much in style to be in the same league as any of the great ones. It does have some cool spaghetti overtones, but overall it's a bit too much like an American western. This is especially evident in the music score, which is OK as movies go in general, but pretty dull by euro-western standards. The soundtrack kind of reminds me of the music from ""The Unforgiven."" Although there is an interesting story here, it is told in a manner which is a bit too conventional for my tastes. If a spaghetti western fan and a Hollywood western fan had to watch a movie together, this one would be the perfect compromise.<br /><br />All of this is not to say that anyone should avoid this film. I did enjoy watching it very much. As I said, it is a very well-done film and I recommend it to anyone who likes westerns, spaghetti or otherwise.",positive
"David Bryce's comments nearby are exceptionally well written and informative as almost say everything I feel about DARLING LILI. This massive musical is so peculiar and over blown, over produced and must have caused ruptures at Paramount in 1970. It cost 22 million dollars! That is simply irresponsible. DARLING LILI must have been greenlit from a board meeting that said ""hey we got that Pink Panther guy and that Sound Of Music gal... lets get this too"" and handed over a blank cheque. The result is a hybrid of GIGI, ZEPPELIN, HALF A SIXPENCE, some MGM 40s song and dance numbers of a style (daisies and boaters!) so hopelessly old fashioned as to be like musical porridge, and MATA HARI dramatics. The production is colossal, lush, breathtaking to view, but the rest: the ridiculous romance, Julie looking befuddled, Hudson already dead, the mistimed comedy, and the astoundingly boring songs deaden this spectacular film into being irritating. LILI is like a twee 1940s mega musical with some vulgar bits to spice it up. STAR! released the year before sadly crashed and now is being finally appreciated for the excellent film is genuinely is... and Andrews looks sublime, mature, especially in the last half hour......but LILI is POPPINS and DOLLY frilly and I believe really killed off the mega musical binge of the 60s..... and made Andrews look like Poppins again... which I believe was not Edwards intention. Paramount must have collectively fainted when they saw this: and with another $20 million festering in CATCH 22, and $12 million in ON A CLEAR DAY and $25 million in PAINT YOUR WAGON....they had a financial abyss of CLEOPATRA proportions with $77 million tied into 4 films with very uncertain futures. Maybe they should have asked seer Daisy Gamble from ON A CLEAR DAY ......LILI was very popular on immediate first release in Australia and ran in 70mm cinemas for months but it failed once out in the subs and the sticks and only ever surfaced after that on one night stands with ON A CLEAR DAY as a Sunday night double. Thank god Paramount had their simple $1million (yes, ONE MILLION DOLLAR) film LOVE STORY and that $4 million dollar gangster pic THE GODFATHER also ready to recover all the $77 million in just the next two years....for just $5m.... incredible!",negative
"I'll be honest with yall, I was a junior in high school when this sitcom first aired on ABC I didn't think I would like it at all. But with John Ritter in it i felt that it had a little potential in it, plus their was something else with it I liked. The acting was great, not a lot of horrible 2nd rated comedy lines, John Ritter always brings his A game when it comes to comedy . This was a great show to watch, and I'll tell you why it was a great show. My father who never watches sitcoms at all, he just watches movies, sports, and law & order, he actually sat down with my 3 brothers and 2 sisters, my mother, and myself, and watched the show I think because John Ritter was in it. I honestly think this show would still be running if John Ritter God rest his soul i wish he hadn't passed away.",positive
"This is an excellent movie with a stellar cast and some great acting. I never tire of watching it. I especially love the scene where Danny Glover's character and Kevin Kline's character namely Simon and Mack have brunch together. Kevin Kline is such a natural and it seems his mannerisms are effortless and one you would encounter often. SO its a very 'real' movie. <br /><br />One of the most powerful scenes in the movie however, is at the beginning of the movie when Simon arrives at the scene where Mack's car has broken down. The movie also has a strong message and is unlike the stereotypical message carrying movie where there's one person preaching his guts out to an audience. Instead the actors' emotions and situations deliver an impactive message that does best without the use of words. And lastly, Mary McDonell is brilliant as always.",positive
"Wonderful family film that should be a staple at Christmas time. It's a mystery to me why it isn't. A true lost film that I first encountered, flickering away on my old 19"" black and white RCA, when the Million Dollar Movie was still in vogue on Channel 9 in New York City. This Rudolph Mate directed fantasy should be nestled under everyone's Christmas tree. But it has never been released on home video. Too bad. I believe I saw part of it on AMC a few years ago, before they cut many of their older films from the rotation. TCM should take up the slack and play it at Easter or on Christmas Eve. Any movie with Santa, Aunt Bee, the Hostess Cupcake Lady, and an actor with the first name King, can't be bad. Ann Blyth as ""Sally"" is a bundle of energy. During her school years, she rushes over to the chapel to pray for St. Ann to help and give guidance to her mixed-up and financially strapped family. It works. So, after she graduates, she places a statue of St. Ann in her own bedroom. At one point the entire O'Moyne residence is moved to another address. I think this was done to put an end to a neighbor dispute between the O'Moynes and the dastardly fellow next door. Blyth is cute as a button. Edmund Gwen can play the reclusive grandfather in his sleep. All-in-all, this is a satisfying movie experience.",positive
"First, what is really great about this movie: <br /><br />- Ryan Reynolds, great acting! There are very few actors I really like and for now he is one of them. He has an amazing skill to impersonate characters. <br /><br />- The soundtrack! Very good music played at the right time. <br /><br />- The idea of a nine lost in his own world, incapable of leaving. <br /><br />Still, I give it only a 3 out of 10 for certain flaws: <br /><br />- Horrible second part. It seems that the director was very eager to make something new, but despite of the efforts it was really boring <br /><br />- Very annoying character Melissa. I couldn't stand the scenes with her - i.e. it was constantly annoying. She represents everything that is wrong with American woman. <br /><br />- Terrible explanation of the numbers. The director was so busy with character development, that he completely missed the point of a good story.. excuse me koalas? brr... terrible!<br /><br />This movie had great potential. The filming is nicely done, the music is really good, but nothing more.<br /><br />See it only if you are a fan of Ryan Reynolds, or have a lot of time to spare.",negative
"There is a certain genius behind this movie. I was laughing throughout. The scene in the phone sex office, discussing how love heals the doppelganger was a nice attempt at this genius/humor. Execution is poor, but you can see the writer's message and they do have some talent. The doppelganger split at the end was like... ""ok, wasn't quite expecting that but let's see what the movie has to say"". Certainly ridiculous, but a sweet idea and actually very coherent to the story in a strange way.<br /><br />Is the point of a movie to be logical or is it to be entertaining or communicate on an emotional level? i'm easily bored by many movies, but this one kept my interest throughout.<br /><br />I think the story may have some auto-biographical roots, but that's just a guess. Horribly bad, but good. I'm looking for other movies this person may have done (with more experience).",positive
"Repugnant Bronson thriller. Unfortunately, it's technically good and I gave it 4/10, but it's so utterly vile that it would be inconceivable to call it ""entertainment"". Far more disturbing than a typical slasher film.",negative
"""Landscape after a battle"" opens with escaping prisoners over a snowy field full of fences - in rather funny movements accompanied by Vivaldis Four Seasons. A touching opening. But we soon enough learn to know these prisoners as a mob, and when they (also treated humouristic) burry a man alive, the protagonist stops for a moment, but is soon more engaged in finding books from the turndowned camp than caring about his neighbour.<br /><br />The rest of the film is set in an American camp from where the prisoners are not released, in some kind of semi freedom, semi camp. A perfect set for a study of war criminality, American camps, Polish nationalism, Catholisism, grief and human misery in general.<br /><br />Film makes an important turn. In comes women, and with them film changes light, colour and temper. At the same time it turns out that these prisoners were slaves in Holocaust. I think a main underlying political theme of the film must mankind's treatments of Jews under and after the world war, and not only the Nazi exterminations, but mankind letting it happen - and even forcing them out of Europe after the war. On an emotional level the film is about grief and the problem with letting grief come, how environment makes grief difficult, and how difficult it can be to share grief for people with different experiences. <br /><br />But the film is a carpet of underlying contradictions,humour, irony and sudden beauty. A couple of times during the film a gypsy prisoner plays on an harp, an emotional tune brutally rejected (filmatically speaking) by the protagonist. That example picks up an important essence of the film's style and theme. When it comes to humour its very comic how the protagonist constantly looses and finds back his glasses, in crowds, in hay stacks etc.<br /><br />Its not hard to understand Spielberg's respect of Wajda when you see this film. The great treatment of light can be compared with Spielberg on his best. The Grunwald intermezzo speaks for itself. Narrativly it only brings the film out of the camp, but filmatically it brings the film to dream and eternity with profound beauty. Anyhow, there is also another scene I can't let go without comment. Its the Christian Supper. Undoubtly ironical, but simultaneously deeply religious we see the transsubstantiation moment, everybody falling on their knees, while the protagonist is saved from isolation by the priest to serve as a comic altar boy. His bells are mocking the scene, but also gives it emotion and love. When Nina gets her bread, sun light falls upon her and bells ring spheric, its the peak moment of the film.<br /><br />Main actors are excellent in their roles. Olbrychski as the perfect Wajda protagonist - the doubting reflecting mind, unable to put all the aspects of his mind and emotion into life. Beautiful Celinska is with great body acting debuting in a character unable to express all her inner in her proud movements.<br /><br />Those who try to describe everything, often are unable to take nothing in consideration. This is what Wajda manages. His films are either very moving, deep or beautifully shot, but pays attention to life's and society's particularity. A moment of joy for one, is the moment of irony for a second, the moment of grief for the third, a moment of nothing for the fourth.<br /><br />There is at least two reasons to pay attention to Wajdas films of this period. First is the remarkable free expression of deep political impact. This country was the first to overthrow communism twenty years later. Second is the development of a filmatic and narrative language that Kusturica has rose to grandeur.",positive
"This is an excellent anime movie. It is well animated, has a good intricate plot and very good music. I understand that some may think of it as a little long, but I think that it is a good length and the animation is good traditional anime.<br /><br />THREE CHARACTERS:<br /><br />The way they use Tenkai is masterly. For example the body double showing up at all these locations adds to the ominous tone of the movie. The design of Tenkai is good too, the way he looks as a monk and in the end scene the armour he is wearing.<br /><br />The old man Andou is down to earth and a very likable character. When Jiro meets him it's a turning point in the movie.<br /><br />Sanpei, the Satsuma Shinobi who infiltrated Tenkais clan saves Jiros life twice. He stays in the background most of the movie though, but he is really one of the heroes of the movie.<br /><br />THE PLOT: The plot is good. It is traditional without being unoriginal. The historical time it is acted out in is interesting, The meiji restoration. The treasure is sought after by Tenkai to restore the shogunate while when Jiro finds it he uses it to help the anti-shogunate forces overthrow the shogunate.<br /><br />The way Tenkai tricks Jiro is interesting and has sort of a ""Hamlet"" feel to it. There is also a sweet irony to the fact that if Tenkai had not gotten Jiro to become a shinobi I don't think that he had been able to kill him in the end(Maybe by firearm, but not hand to hand combat weapons).<br /><br />The plot with all the death makes it mostly very dark, but there's some light moments when we see some of Jiros childhood memories. All in all it's a good, dark, intricate plot.<br /><br />THE MUSIC: The opening theme for example is very good with the electric guitar and drums. They occasionally in that piece use what I believe to be taiko drums, but i'm not sure.<br /><br />There is a lot of good music. Like the one played while they are traveling to the Iga shinobi. I believe the piece is called ""Numatou"" and has an incredible flute in it. The flute might be a pan flute, but more probably a shakuhachi.<br /><br />The end theme ""Kamui no komoriuta"" is calm and delicate. The vocals are beautiful and so is the song in general.<br /><br />THE ANIMATION:<br /><br />The animation, while good, is not perfect and the blood that runs down the characters do sometimes appear to be orange. The transitions are interesting and I think some transitions are very nice. One example of a nice transition is when Jiro and the Iga shinobi are running, there is the sunset in the background and the music is playing. The transition is simple, but effective and has a nice feeling too it.<br /><br />MY FINAL WORDS: I think that the plot, the animation, the music and the characters make this into one of the best anime movies I have ever seen.",positive
Another good Stooge short!Christine McIntyre is so lovely and evil and the same time in this one!She is such a great actress!The Stooges are very good and especially Shemp and Larry!This to is a good one to watch around Autumn time!,positive
"This movie could have had a lot of potential. Certainly with today's technology, one would expect real special effects. But movies are not made with special effects alone, of course acting is needed. This film lacked both!<br /><br />First, let me say to those who are upset with this not following the bible: why can't a movie take artistic license? If you want to know about the story of Moses, read the bible. I have seen very few movies that follow a true story fact by fact. Look at of movie from its artistic quailities.<br /><br />In viewing this movie, you will inevitably compare it to the 1956 version. It fails miserably in that. Heston and Brenner had PRESENCE. They became their roles. You don't see this here.<br /><br />Even if you don't compare, standing on it's own, this movie to too rushed. Parts where a scene should be developed, it does not. It becomes boring.<br /><br />My advice: skip this and watch the other. As campy as the other is, it's far and away the better movie.",negative
"Oh how awfully this movie is! I don't know if it is a horror film or a drama, cause the story and the both genres are not established very well! The story is not moving, it is slow, boring, and sleepy from the beginning to end. This movie really bores me! But I really liked the camera work, it is authentic, fresh and clear, the acting is great too, the little boy was the great performer in this movie, but it hasn't made me to jump from my seat. But this movie makes me grab a pillow, lay on the bed and sleep until the credits roll...<br /><br />Boring! Not worth watching! I tell you, this movie sucked!<br /><br />1/10",negative
"What on earth has become of our dear Ramu? Is this the same man who made Sarkar, Satya, and Comapny? I refuse to believe so. If AAG was Ramu's most ambitious project, he has clearly jumped off the high cliff he has ascended by giving the industry some of the greatest works of all times. This movie is made to fall like a brick. I was cringing to leave the theater, but I was forced to sit because I wouldn't have been able to take my car out of the parking lot before others also left. Else, nothing would have made me sit beyond interval.<br /><br />This movie is nowhere close to Sholay. It doesn't even come near it within a mile. I believe Ramu surely loves The Godfather more than Sholay, since Sarkar was a classic piece of work. I read Ramu's interview a couple of days back, in which the interviewer said that Ramu doesn't sleep for more than 4 hours a day, that too not at a stretch. I completely agree with this now, as his lack of sleep has probably taken its toll on the movie.<br /><br />There is no power in the performance. Amitabh Bachchan doesn't even look scary. He looked more terrifying in the few posters and wallpapers I saw earlier. Ramu's favorite Nisha Kothari did a fantastic job in Sarkar because she didn't have many dialogs (in fact none if I remember clearly). She opened her mouth in this movie, and has found a place in history. The new guy playing Jai's role seems to have that brash look, but didn't manage Jai's role at all. I cant go on... Im sorry... my pain is too big for me to manage right now.<br /><br />I promised myself throughout the movie that I will watch the original Sholay once more just to see that it is still there.<br /><br />Bottom Line: Horrible movie. The media and critics are going to cook Ramu's goose. And just to remind all readers once more, I am one of the biggest Ramu fans, and even I cant spare him for this act.",negative
"First and foremost this movie has the stupidest plot of any movie I have ever seen, and unfortunately I had to see this one. I was flipping through channels one day and stumbled upon this lousy excuse for a movie, and it confirmed what I have been saying for a long time. Carrot Top is not an actor, and IS NOT funny in the slightest sense. He acts like he's a great comedian and thinks he commands the audiences attention. Frankly he has the acting ability of a 10 year old class clown, scratch that less than a 10 year old's ability to compare them to Carrot Top would be a grave insult upon their good name. This movie tries to be funny using dull one liners which all seem to have been lifted from 50's cartoons. By the end I would have done anything to erase my memory of this movie, but sadly the memories stay with me. The only thing I can do is to warn others to never to watch this movie. However it proves the rumors true Carrot Top can't act worth a damn.",negative
My husband and I just got done watching this movie. I was not expecting it to be this good! I was really astonished at how great the story line was. I'm usually very good at figuring out twisty plots...but this one had me. I loved it! I'm going to have to watch it again before I take it back. I might even have to buy it. :),positive
James Franco is totally cool in this movie. Not just handsome and charismatic but genuinely open and vulnerable in a sincere kind of way. At the Tristan screening some folks were on his back for being pouty and sullen and doing the whole James Dean thing but I don't think this true. Blind Spot is proof positive of his tremendous talent. In this film he carries himself with a different sort of weight entirely. It's a unique performance. Bittersweet and really moving. The lines from his journal cut you like a knife. You sense a sharp intelligence of observation behind his words. The tone is everything. He carries it through the action and suspense as well as the grim bits of gallows humor. I like the other two actors a great deal too. The blonde girl is totally gorgeous and the man is hysterical in his twisted tough guy stoicism. Some of the thugs seemed a little sketchy but this is a mini-point really. The film is totally solid and Franco is way cool all around.,positive
"I usually like hongkong - martial arts - fantasy movies but I hated this one. Once Upon A Time In China, Shogun Assassin, A Chinese Ghost Story and even Big Trouble In Little China are my favorites but this film sucked! Too much fancy tricks and stupid story.<br /><br />4/10",negative
"Miscast, badly directed and atrociously written, this is watchable if you have an hour or two to kill or are suffering from insomnia, but only just. Robert Carlyle fully realises his potential as an actor of supreme mediocrity with only one expression to his repertoire (that of a chronically constipated football hooligan nursing a crippling inferiority complex), which he manages at times to alter slightly by flaring his nostrils and baring a row of skewed yellow teeth (this to indicate anger, tenderness, grief, surprise, horror, hilarity, compassion, etc.) In his role as ""the best marine engineer in the UK"" and son of a university professor he is about as convincing as my neighbour's cat. Tom Courtenay, equally miscast, slurring and mistiming every line, appears permanently soused to the eyeballs, and would seem no more able to tell a flood from a puddle of his own urine if he were standing in it. All in all, another silly attempt on the part of the British to imitate Hollywood pulp at its most rubbishy. The dialogue is a series of badly-delivered clichés; the action is disjointed; the plot is pointless and amputated; and the characters, if you can call them that, do not even make it into the basic two-dimensional sphere of their American counterparts.",negative
"When I was 11, Grease 2 was like crack. It was a classless, shameful, euphoric, and powerfully addictive experience. My sister and I would watch it, rewind it, and watch it over again and again and again until we passed out or became too confused and hostile to stand one another. So, if you are an 11-year old girl, and you reviewed this film as ""brilliant"" or ""fun"" or ""better than the original Grease,"" you have your fledgling adolescent hormones to blame and you can rest assured that this unyielding fixation with utter rubbish will pass.<br /><br />If, however, you are not a little girl, you have absolutely no excuse to suggest that Grease 2 was anything but an inane, artless, slipshod embarrassment for all who participated in its production, distribution, and/or consumption.<br /><br />For the sake of criticism, I will dignify the film now by explaining why it blows <br /><br />1. In a well-executed musical, the songs should advance the narrative or develop the characters. In Grease 2, with a few debatable exceptions, to the music is obscenely pointless. Most of the songs appear to relate gimped innuendo about sex in an excessive and general way (""Score Tonight,"" ""Reproduction,"" ""Do It For Our Country,"" and ""Prowlin'"") without making one concrete statement about any of the film's characters or themes. Plus, all of the music is uncomfortably stupid and no one in the cast demonstrates even the crudest semblance of an ability to sing or dance.<br /><br />2. The T-birds should be badass, and if not at least somewhat likable, but instead each of them is an annoying wussy-dufus-loser. In the end, when Johnny Nogerelli offers Michael the sacred T-bird jacket and initiates him into the gang, Michael should kick it to the ground, spit on it, and duck away to fervently scrub any part of his body that was touched by it. But of course, he accepts it as if it is gold because despite the fact that they are a bunch of bumbling meatheads, there is no greater honor than to be one with the T-birds. <br /><br />3. Since Michael is beautiful, smart, kind, resourceful, and above average in everyway (his musical impotence notwithstanding), it is feasible that Stephanie would ultimately embrace him when he reveals himself to be the man behind the mask. Stephanie, on the other hand, is a slovenly, slack-jawed, bubble gum smacking, dirty sweatshirt wearing, gracelessly rude and trashy dingbat. So aside from being pretty (I guess), she harbors no likable characteristics, thus, audiences are given no justification whatsoever for the depth of Michael's attraction to her.<br /><br />I could go on and on, but I didn't want to mention the gross inferiority to its predecessor since there are apparently so many cranks out there who seem to feel that such a comparison is unfair. I will say this though, to those of you who think you want to revisit this mess for old time's sake: Grease 2 is an experience akin to re-living your first kiss. Only you are 32 now and kissing a snot-nosed 13-year old kid with acne and slobby braces. The magic is gone and you are left feeling dirty and disturbed. Trust me.",negative
"Stealing is a crime, and these guys, Kenny Yakkel and Corbin Bernsen look like their going to get away with it. I haven't even seen this film, but not only do i know it sucks, but the fact that it steals the story of another film, or 2 films for that matter, is such bull crap (and if IMDb would allow profanity much more than just bull crap) that I become filled with rage and feel as though I should just throw myself out the window and just end it all. O.k that's a little much but stealing is worse.<br /><br />Ever seen Pontypool? It was this awesome little zombie film made in 2008, this radio host goes into work, and then this zombie attack happens. We only see what's going on inside the radio station, and the only guess we have on what's happening on the outside are the occasional calls from their eye in the sky Ken Loney (easily the funniest moment in the film in my mind) and the BBC calling in for an update on the situation. From all the reviews I've read, and from the conversation I had with my friend (who has seen this film and Pontypool) this film was exactly like it in the story, with minor tweaks here and there. So throw originality and creativity out the window. As for the Zombies, or the infected, whatever you want to call them. They are the exact same thing, just because they got infected does not change the fact that they walk around mindlessly, and have a never ending quench for flesh. They are Zombies. ZOMBIES!!<br /><br />ZOMBIES!!! Okay one to many, but back to this crappy movie. The Zombies from what I've heard are a lot like the ones in 28 Days Later, another better movie, with their insane rage and even more insane quench of flesh. This is where Zombie movies define themselves, story does not matter in a zombie movie (as long as your not taking the idea of another film). Sure a zombie movie can be enhanced by the story, as is the case with Pontypool, but the zombies have to be, in a way, original. 28 Days Later started the insane raging Zombie. Pontypool I can't even begin to explain those guys without ruining the film. The Evil Dead, I think all i have to do is just type the name again because, come on it's The Evil Dead. Romero is the master, and he went through all different types of zombies, from the painted face zombies in Dawn of the Dead to raging zombies in Diary of the Dead, and he did each one with his own unique style.<br /><br />So, after talking about other great zombie movies, I think it's about time I explain why I hate this movie without even seeing it. This movie down right steals the original story outline to Pontypool which i think is called plagiarism and is illegal in this country and many people get kicked out of school for doing this very thing, yet in Hollywood it's allowed, and apparently approved of. This is not the only film that takes the outline of another movie, and just tries to tell it differently. The 90's is like the worst period for movies ever, sure it had some gems but what decade doesn't, and it's because all the movies were the exact same. My favorite, the crime movie with a twist so big that you'll never guess it till the very end. They force feed you one suspect, make it seem impossible that it's not anybody else but him, then, bam, all this time it was this guy, you just had to look at the scenes where he wasn't there and then when he would mysteriously show up out of the blue, say ""hey guys, what did i miss?"" OH! DIDN'T SEE THAT COMING DID YA! Well, I'll leave a cliché as my closing statement. This is one film you'll surely want to miss.",negative
"Just saw it....the story, the plot, the script makes absolute no sense!! Its Samvise the brave part 2(without the RING), its characters showing up out of the blue(for no reason),its Hercules hated by everyone(no one knows why), its Leelee Sobiesky showing her true talents(two of them), its crappy special effects, its a few good actors wasting their talents(did I mention Leelee's two talents??)... do I have to say more??? ITS JUST AWFUL, even for NBC-TV standards!!! Its just the lowest....what a waste! by the way: how can you people give this mini-series so many stars????? Its beyond me!.... Shame on you! Have to make 10 lines, so this is my final word: AVOID, AVOID, if u are considering buying it!",negative
"I tried to watch this adaptation, but it was just so awful I couldn't torture myself like that. The performances were quite sub-par, with the exception of Ariel. Fonda was way over the top in a role that should be handled with some subtlety. I have studied Shakespeare and seen many adaptations, and this is, by far, the worst one I have ever seen. I have to wonder why on Earth someone made this film. Shakespeare can, and has been, beautifully adapted in many cases. This is not one of them. If you must watch this film, may I suggest a drinking game? Take a drink every time they go off book from the original idea and two drinks every time Fonda overacts. You should be quite drunk in a very short time.",negative
"A ""40 foot long"" giant mutant squid with five tentacles, razor fangs and the ability to reproduce it's own cells terrorizes a small Florida town. Various marine biologists, doctors and cops plot to kill it. Meanwhile, a human monster named Miller offs people who discover the ""Devilfish"" is a manmade creation used for the greedy benefit of some evil doctors! Miller attacks a female researcher, strangles her, drowns her in the bathtub, tosses in a hairdryer, then rips the panties off her dead body!<br /><br />Lots of false alarms are set when our heroes Peter, Stella, Janet and Bob set out on a high tech (high tech for 1984, anyway) ""Seaquarium"" boat to catch the creature, who is frequently seen in close up or hilariously obvious speeded-up film to seem more menacing. And only fire can destroy it, which leads to a flamethrower-armed posse vs. aquatic beast finale.<br /><br />This JAWS cash-in is pretty tame (other than a legless corpse and a decapitation) but watchable and benefits from an excellent Antony Barrymore score and a decent (again, for 1984) monster design. Luigi Cozzi and Sergio Martino wrote the original story.<br /><br />Score: 4 out of 10",negative
"If this movie was about a fictional character, the movie could stand on its own and be judged objectively. Unfortunately for the viewer, the movie is based on ""facts"" that are shaded very unfairly toward Ruben Carter. Many of the smaller facts were disregarded (Carter was NOT number one contender at the time of the murders, there is no proof at all that he saved a friend from a child molester in his youth), but some of the larger facts, like apparently being robbed of a decision to Joey Giardello because of ""racist"" judges, is inexcusable to those of us who have seen the fight on tape, and completely disrespectful to Giardello. Why Hollywood feels the need to make a hero out of someone who, at best, was in trouble and around trouble much more than any normal person should be (was arrested multiple times for beating women) is strange to me. Ruben Carter was never, by viewing his actions in the 60's and even now, when he refuses to speak to his son, a person that people can look up to. Everyone knows that Jewison can direct, and Washington can act, but why they chose this story as their vehicle is beyond me. Is Hollywood so much in need of a black hero that they need to bend the truth in all of their bio pics to make them believable? (Heres a suggestion How about Denzel playing a movie about himself? Now thats inspirational) Based on all of the inaccuracies in the movie, I would suggest passing on this one.",negative
"If you're going to put on a play within the prison walls why not go for the top playwright William Shakespeare? And if you are going to choose your cast from a whole lot of criminals serving long sentences for the most heinous crimes, you can be sure there will be plenty of time for rehearsals. In a Kentucky Correctional Prison a courageous project such as this was undertaken with amazing results. This film shows how it was all done.the casting.the rehearsals.the set and costumesand the final presentation of Shakespeare's play ""The Tempest."" It had not occurred to me before but there is an analogy between the setting of the play and the correctional prison. In the play the ship-wrecked characters are confined to an island with no contact with the outside world. Prison life too is much like that.<br /><br />With a simple painted back drop of a surrounding seascape, the characters in a most pleasing assortment of costumes bellow out their lines to an approving audience, may be not quite as Shakespeare intended but with good heart and true sincerity for sure.<br /><br />More interesting than the play itself were the little cameos of each man behind his character. One inmate saw the play as a lesson in forgiveness another as a redemption of his sins. It was quite moving to see the men wipe away a tear as they spoke of murder, shooting and strangulation. One had the feeling that they would all like to wind back the clock and reconsider their brutal actions. However (as someone said) the past was past, and the present was the beginning of a new future. At least the play gave temporary relief from the depressing thoughts of past events.<br /><br />The prison authorities should be applauded for allowing the play to take place. Such an event would put Kentucky on the map and hopefully other prisons might follow their good example. It seems to me that everyone stands to benefitnot only the Kentucky prison but the prisoners themselves who need to find new confidence and self esteem and be prepared for the day when they go out on parole.",positive
"i love this movie. is it on air anymore? what can i do to get it on air again because i miss this movie when does this movie air again? i love this movie so much. does anyone know how long it has been since it was last on Disney?it has been a very very long time and i am so sick of waiting!i want to see Susie Q again. i swear, they take all the good movies off air and play new stupid gay ones that are fake and retarded. i miss this movie, wish upon a star, Kazaam with Shaquille O'neil, and a bunch more. where did all the good movies go? i want them back.i miss all the good movies and they don't have them anymore. if anybody finds out if Susie Q or any good old Disney movie comes out will you please let me know, my email is girlygirl148@aol.com girlygirl(no blank space)148. thank you and i hope you want this movie back too. have a great day",positive
"Not all movies should have that predictable ending that we are all so use to, and it's great to see movies with really unusual twists. However with that said, I was really disappointed in l'apartment's ending. In my opinion the ending didn't really fit in with the rest of the movie and it basically destroyed the story that was being told.<br /><br />You spend the whole movie discovering everyone and their feelings but the events in the final 2 minutes of the movie would have impacted majorly on everyones character but the movie ends and leaves it all too wide open.<br /><br />Overall though this movie was very well made, and unlike similar movies such as Serendipity all the scenes were believable and didn't go over the top.",positive
"I really really love this show! I have always liked the 1990's shows of Space Ghost! This show was hilarious and I can't believe why Cartoon Network's Adult Swim would take such a funny show like this off the air. I hope they put this show on DVD or something. The show is about Brak (from the Space Ghost cartoons, SGCC and Cartoon Planet) who lives his every day life with his Mom and Dad and his best friend who likes to drop in a lot, Zorak! My favorite episodes were the one where Zorak gets this really good singing voice and then his voice doesn't give him any money that Zorak made from singing at all. Another episode I like is the one where Brak and Zorak didn't finish their homework and then they go back from Sunday to Friday and they just goof off and then they go back to the day homework was invented and then when they go back to the present homework didn't exist! Another episode I like is the one where Brak's Dad and their next door neighbor, Thundercleese the Robot keep getting into this agrument and then they get eaten by a giant worm. Another episode I liked was the one where Zorak makes a bully stand and then some new guy took over his stand. I also like a lot of the other episodes! One thing that never fails to make me laugh is when Zorak is getting beaten up, blasted and zapped!",positive
"I was very lucky to see this film as part of the Melbourne International Film Festival 2005 only a few days ago. I must admit that I am very partial to movies that focus on human relations and especially the ones which concentrate on the tragic side of life. I also love the majority of Scandinavian cinematic offerings, there is often a particular deep quality in the way the story unfolds and the characters are drawn. Character building in this film is extraordinary in its details and its depth. This is despite the fact that we do encounter quite a number of characters all with very particular personal situations and locations within their community. The audience at the end of the screening was very silent and pensive. I am still playing some of those scenes in my mind and I am still amazed at their power and meaningfulness.",positive
"Interesting topic. Pathetic delivery - script and direction. <br /><br />Our hero, Miles, thaws out and has his emergency world-first life restoration surgery. This is where the fun begins. The underlying issue is that Miles has NO SOUL!!! This is used to explain his quasi-erratic behaviour of being indirectly responsible for two deaths (I believe this to be the total number of deaths in 104 minutes). <br /><br />On the livlier side, Miles prefers the odd glass of brandy, blazing fireplaces and his young, maturing female cousin. The finale does indeed do justice to this film.<br /><br />Some thoughts: 1. Producer $$$ were parted with to create this tripe. J.D. Feigelson was the script writer and a (or sole) producer. Looks like he did not learn a lesson on ""how not to bring an interesting idea to life"" when one views his other writing credits. This will support the credibility of this script.<br /><br />2. Now available on DVD!!! This IS truly scary. Should be forever ""Bottom of the Shelf"" in VHS format.<br /><br />3. A re-incarnated human without a soul will default to an evil entity. <br /><br />4. The score offers minimal support. Not even an in-form Jerry Goldsmith could save it.<br /><br />5. Deserved the 0230 time slot on TV and a touch more entertaining than the infomercials + test patterns it was competing against at the time of my viewing.<br /><br />6. Thankfully did not spawn any sequels ala Wes Craven's ""Nightmare"" franchise. Chiller Too: The Return Return of Miles, or something like that.<br /><br />Despite my rating of 1, I still recommend this movie as a great example of how to kill an acting or script-writing career. This should apply to directing, however Wes Craven will eternally be exempt due to his sole good piece of ""A Nightmare on Elm Street"" 1984.",negative
"Perhaps once in a generation a film comes along that is perfection. For me, ""The Railway Children"" is that film - a timeless classic that was directed and performed most beautifully. It depicts all that is worthwhile in humanity and climaxes in the conquest of love and faith over cruel injustice. Every performance is a gem, though Bobbie stands out and, like Judy Garland as Dorothy before her, Jenny Agutter makes it impossible for us to imagine anyone else in the role.<br /><br />The world is all the better for this film and the children of today would be much the better for watching it.<br /><br />Of course, like so many young men of my generation, I fell hopelessly in love with Jenny Agutter and her hold was as strong when I had the great good fortune to meet her a few days ago - the bewitching smile and voice like dripping honey were still there to send me weak at the knees as they first did all those years ago!",positive
"Early 80's creature feature concerns a long abandoned gold mine that some intrepid miners are determined to check out. Naturally, they find no gold down there but one very hungry monster that slithers along in search of prey.<br /><br />While I have to be honest and admit I found it dull at first (I personally prefer the thematically similar ""The Boogens""), it actually grew on me as it went along. Now, the characters aren't too interesting nor the actors either. The closest to an interesting character is Morgan, played by Keith Hurt. In any event, female lead Terri Berland is quite good looking and Rolf Theison makes his domineering jerk an easy person to hate. The writer played by effects man Mark Sawicki wears thin quickly.<br /><br />It begins in a comfortably predictable enough way, with a nighttime set piece in which two victims are claimed to get things off to an acceptable start. The monster itself is intriguing for its design (as you can imagine, it gets revealed a bit at a time until late in the game) and for being the product of stop motion animation when this process was no longer used very much. Director Melanie Anne Phillips (directing under the pseudonym of David Michael Hillman) and crew deserve some credit for their creation of atmosphere. They manage to make the film look quite claustrophobic and gloomy, and their use of lighting works well. The film does build in intensity towards a pretty good ending. Suffice it to say, they do the best they can on their low budget.<br /><br />An obscure little item worth looking into for die-hard horror buffs.<br /><br />7/10",positive
"I am glad to read so many negative comments about the Tritter plot. Everyone I talk to says the same thing. They like House's gruff nature and his intelligence, but really dislike the vindictiveness of this continuing plot. It cuts into the real nature of the hospital story and makes everyone angry at police authority. It needs to have a more caring nature instead of the vindictiveness to everyone at the hospital. Also, there seems to be many questionable legal aspects to what Tritter is actually doing. He alone cannot freeze accounts and have the authority to stop doctors from writing prescriptions for patients. A lot of the vindictiveness he is showing also is hurting the very sick patients at the hospital and the is not a good storyline to portray. I voted the episode awful not because of the story itself, but when you insert the Trittor piece it turns me off and the rest of the plot gets hurt by it, People say they hate to watch the story lines anymore. Please change it. Get Tritter out.",negative
"Once I watched The Tenant and interpreted it as a horror movie. It uses many of the tropes of the genre: the sinister apartment, suspicious neighbors, apparitions, mysteries, hallucinations. The life of the hero, Trelkovsky, seemed surrounded by evil, secret forces trying to drive him mad.<br /><br />Last time I watched it I challenged this initial interpretation. If this movie is a horror movie, it's only horror in the sense that a Kafka novel is horror. In fact this movie can be understood on a literal level as a lonely man slowly becoming crazy without any external influence.<br /><br />Polanski made in his career three movies dealing with madness: Repulsion, which I don't particularly like because the development of madness in the heroine never convinced me; Rosemary's Baby, in which the heroine is driven mad by evil forces; and The Tenant, which might be the best study of paranoia ever made in cinema.<br /><br />Trelkovsky is a young man who rents an apartment in which a woman killed herself. He becomes obsessed with her and slowly starts becoming her: he wears her clothes, puts on makeup, talks like her. But is he being possessed by a spirit, or is he just letting his wild imagination get the best of him? It's this hesitation between what is real and imaginary, and which Polanski never resolves, that makes this such a fascinating movie. Many events in the movie can be attributed to the supernatural as easily as they can be to normal causes, and it's up to the viewer to decide what to believe in.<br /><br />Although this is not my favorite Polanski movie, it is nevertheless a good example of his ability to create suspense and portray madness in very convincing terms. And technically speaking, it's a marvel too. Suffice to say he collaborates with film composer Philippe Sarde and legendary director of photography Sven Nykvist (Bergman's DP) in the making of this movie. A slow pacing and sometimes uninteresting segments may make this movie difficult to enjoy, but it's an experience nevertheless.",positive
"A gritty presentation of the decay of family values and human dignity in the wake of Soviet communism, Vasili Pichul's 1988 film Little Vera is a landmark film of modern Russian cinema. Pichul's brutal drama marks a strong departure from the images of sanitized idealism promoted in Soviet times (as in Aleksandrov's Circus), brashly moving the social chaos of his time into the public spotlight. A contemporary Ukrainian setting further intensifies the effect, first by the immediacy of the film to its time period, second by its utilization of a locale not only struggling for identity in lieu of a Soviet system, but also as a nation distinct from the Russian idiom that had dominated the U.S.S.R.<br /><br />Vera, the film's title character and protagonist, is a rebellious adolescent girl with a ""dysfunctional"" family including a hard-drinking father and a mother care-worn. Rejecting her would-be beau Andrei, Vera begins a destructive (and primarily sexual) relationship with a college student named Sergei. Despite her parents' dislike for the lazy Sergei, and despite Sergei's rude contempt for her parents, he moves into their cramped apartment. Tensions escalate until Vera's father drunkenly stabs Sergei. Vera must decide if she will stay loyal to her intolerable family by testifying her father acted in self-defense, or continue to support and defend the ever-detached Sergei. <br /><br />Unbearable in almost every imaginable way, Little Vera masterfully captures and communicates the inescapable void left in social life after the collapse of communism. The sexual aggressiveness of the film (it was the first film to show explicit sex) combined with the unrelenting presentation of social reality (a marked distinction from the socialist realism demanded by Stalin) effectively confronted the conditions of former-Soviet life. Most interesting, however, was public reception. While many wrote hate mail to the director and star, the film was wildly popular. Here the double-edged nature of ""film as social criticism"" emerges: if done correctly, the film will make the audience uncomfortable. Because no easy solution presents itself, some viewers will hate the film and filmmakers for ""bringing up"" the issue. Many films come to mind as somewhat comparable in this regard: Larry Clark's Kids, Harmony Korine's Gummo, even popular movie's such as John Hughes' Breakfast Club. <br /><br />I recommend this film to those viewers for whom the prospect of nearly two hours excruciating domestic conflict and social miasma is not overly daunting. The film is absolutely beautiful, and incredibly challenging. Despite the difficulties of watching the film, some moments within it are profoundly beautiful. Of course, the socio-historic and cultural significance of the film cannot be overlooked, and in fact operate as an even more assertive reason for watching this film.",positive
"Guy Richie's third proper film (not counting the God-awful ""Swept Away"" is a complex action thriller concerned with gambling, gangsters and chess. Fans of Richie's previous efforts will probably hate Revolver as much as I did, with its twists and turns. Richie stalwart Jason Statham plays Jake, a newly-released ex-con, out to wreak revenge on the ridiculously named Dorothy Macha (a superbly OTT Ray Liotta) but instead gets embroiled with a couple of other cons, (one of which is Andre 3000 from rap outfit Outkast) who throw him and us the audience, a number of red herrings throughout the film, all of which becomes extremely tedious. The high point of this mess of a movie is the bit in the restaurant, where the dialogue gets turned down in favour of a superbly shot, slow-mo shootout set to Beethoven's Moonlight Sonata. All in all, Revolver is a flawed work, not truly awful but far from Richie's best. That would still be Lock, Stock. If this film was a school homework assignment it would be graded 'must try harder!'",negative
"My 15 year old daughter asked me to watch this movie with her on Cable TV. As someone who saw Revenge of The Nerds in a movie theater, I found this movie to be an extremely predictable remake of it. The Nerds were simply replaced by Dorks. I drove her crazy by being able to predict precisely what would happen in each scene. The cast was cute, especially Amanda Bynes.<br /><br />Screenwriter Chad Creasey should be ashamed for writing such an obvious remake of an early 1980's flick. The title should have simply been ""Revenge of The Dorks."" Perhaps the sequel will be Revenge of the Dorks 2.",negative
"This is my kind of film. I am fascinated by strange psychotic nightmares and this movie is just that. But it is also a dark comedy. While I see it mostly as a horror/thriller, there will be others who might see it as a black dramatic comedy.<br /><br />But either way, it is a fascinating descent into madness. The ending caught me off guard, but what an ending! It leaves the viewer a lot to think about.<br /><br />Powerful performances, a complex and detailed plot, a great script filled with dread and dashes of humor, and an eerie atmosphere make this a film worth watching.<br /><br />Personally, I think that I will need to watch this several more times to pick up and understand all the subtleties that are within. But it is such a film that it will be a pleasure and not a chore so to do.",positive
"I was never all that impressed by Night Gallery, but this one episode stands out.<br /><br />A TV network executive auditions an odd act - a young, nerdy boy who proceeds to make prognostications. The exec dismisses the whole thing as a flaky waste of time until both predictions come true the next morning.<br /><br />What first seemed a parlor act becomes a hit show as the kid's predictions prove consistently accurate.<br /><br />Then, one day, he refuses to do the show. Facing imminent showtime, everyone's at wit's end, even threatening him with legal action if he doesn't fulfill his contract and make his daily predictions.<br /><br />The young boy relents, and foretells a seemingly utopian tomorrow.<br /><br />After the show, the befuddled executive asks for an explanation, only to learn why the complete truth is too terrifying to reveal.",positive
"Within the first 5 minutes of this movie I knew I was in for one of those ""pick at the faults"" kinda movie. The acting was terrible, the script was even worse. Who ever let these people write write such crap for a movie need to be feed the Komodo's themselves. With Russian Mig jets posing as U.S. Air Force jets, and pistols that can miraculously shoot 50 - 60 rounds rapid fire without reloading is poor detail to any story. In one scene komodo are killing special forces troops at night, while in another they are explaining how the komodos and cobras are cold blooded and don't come out night!!!! Also with fantastic special effects available in today's movie industry, they were only average even for this low budget movie.<br /><br />All that being said, I did watch it to the end curious as to what other wonders bad film making could produce. Shame Shame Shame, for producing such rot!!!<br /><br />This movie should have been left on the cutting room floor!!!",negative
"What the *bliep* is it with this movie? Couldn't they fiend a better script? All in all a 'nice' movie, but... it has been done more than once... Up till the end I thought it was okay, but... the going back to the past part... *barf* SO corny... Was waiting for the fairy god mother to appear... but wow, that didn't happen... which is good.<br /><br />I loved Big with Tom Hanks, but to see such a movie in a new form with another kid who wished that he/she is older/bigger; that just is so pasé<br /><br />Just watch till it comes out on TV. Don't get me wrong, but it ain't all that",negative
"On many levels it's very good. In fact, considering that this was a low-budget British indie by a first time feature-director with a largely neophyte cast, it's a magnificent achievement. I don't know how much it cost. The figure of £8,000 was bandied about in publicity but you never know how reliable a figure like that is. The point is that this film looks like it cost a couple of million quid and it clearly cost a tiny fraction of that Great special effects, terrific production design, effective props and costumes, excellent photography, good acting and direction, an impressive score and an absolutely stunning sound mix. Even having said that, much of the script was great. The characters were clearly identified and all had something to do. This is a movie about ten men all dressed roughly the same in one location and it would be easy for them to be nameless, faceless blanks but these were ten characters - mostly that was done through the dialogue and the way they reacted to things. Throughout the middle act, when the plot was developing, the script told the story well and showed how it affected the characters. If the whole film was like the second act, it would be stunning.<br /><br />Before the ship blows up, twelve people make it to individual escape pods or 'e-pods' which blast away from the ship. They're not much more than automatic metal coffins and the poor sods inside are trapped, cramped and have no real idea where they're going - but that makes sense. I like the e-pods - they're an excellent idea done very well and make more sense than a nice, roomy escape capsule. I also like the way that we are specifically told, later, that they are designed for ship-to-ship escape but can just about make planetfall in an emergency - because, let's face it, these guys were bloody lucky that their ship was blown up so close to a planet. That said, it doesn't look to me like there are 116 unused e-pods still on the freighter and you have to wonder how the prisoner is able to get into an e-pod - but in he gets. (And it has just occurred to me: shouldn't the Captain have gone down with his ship rather than being the first guy out of there?) Anyway, the e-pods all land on a barren planet with nothing but sand and sparse vegetation - or at least on a sandy, sparsely vegetated part of the planet which may have icy wastes and lush jungles elsewhere. Nah, it's a planet in a sci-fi movie - it will be exactly the same all over. We have to accept that all the e-pods come down within a few miles of each other so that the ten survivors are able to meet up, firing flares into the sky to locate each other.<br /><br />The Captain, a muscular mountain of a man who could have a pretty good career in action flicks if he gets the right agent, decides that they should try and contact 'Captain Behan' with whom they were intending to rendezvous. But they cannot do this from the planet, they need to get into orbit. The engineer says that if they combine the power units from two e-pods they can probably give one of them enough juice to lift itself on anti-grav doodads high enough to blast above the atmosphere. It can all be done on automatic but it will need a 'pilot' to send the signal. The captain valiantly volunteers for this but in a commendably sensible move the engineer points out that putting the heaviest man into the somewhat dodgily repaired e-pod is ridiculous and that it needs to be the lightest member of the team. That's Kid. I really liked the way that he now points out that his name is David and the Captain starts using it, treating him with dignity and respect. That was good storytelling and good characterisation.",positive
"Sometimes you ignore that little voice in your head that says ""stay away from this movie"". We should all pay more attention to that little voice. This may be the worst movie I've ever had the non-pleasure of sitting through, or it may be the best reason to remember that your DVD player has a fast-forward button. Made on a budget somewhere in the vicinity of $1.99, ""The Cavern"" is obviously a quick cheapie made to piggyback on the current bunch of scary cave-lots of darkness-claustrophobic spelunkers-unknown menace flicks like ""The Cave"" and ""The Descent"". A few years back there was similar rash of look-alike movies that used sea-going vessels instead of caves. All had scary boats/submarines-lots of darkness-claustrophobic adventurers-unknown menaces...same old same old. ""The Cavern"" is really ""The Blair Witch Project"" only this time we're lost under the earth and not lost on top of it. Throw in a flashlight with failing batteries, a cow skull with fangs glued on it for a monster, and one of the stupidest ""twist"" climaxes ever put on film. That being said, let me urge you to listen to me, the little voice in your head. I'm your friend. I want you to have a happy life. Stay away from this movie.",negative
"This is the last time I rent a video without checking in at the IMDB reviews. The Limey is directed by Steven Soderbergh who also wrote wrote the truly awful Nightwatch with Ewan Macgregor and directed such trash as Out of Sight with the anti-talented Jennifer Lopez. Terence Stamp is a fine actor and it is a shame he involved himself in such a bad film. There is frequent confusing editing that seems like it was a last minute decision in order to make up for the lack or story, filming and just plain common sense. This film does everything wrong. What were they thinking?",negative
"This movie is horrible, but you have to see it because of that. I'm not here to discuss the entire film, just the greatest chase scene ever. When Eddie dumbs milk on Tim, he gets chased down the hallway. Eddie puts obstacles in the jocks way with hilarious consequences (like a cymbal nailing a trumpet player; buy the DVD and watch it slow). The best obstacle is a knocked over mop bucket which one jock jumps over but proceeds to slide on the ground out a door. But when he slides he picks up speed thus defying physics (mainly friction); yet what lies behind the door is supreme. The steepest stair case in any school ever, which this jock proceeds to CLEAR in the air. In reality he probably would die of a broken neck. Not only does he defy all concepts of reality, he makes the funniest noise ever made in that situation. Go and buy this one. Trust me this scene is worth your 6 bucks.",positive
"I didn't really expect much from ""The Night Listener"" and I actually never heard of it until I saw the cover in the videostore. However, the movie is very effective when it comes to building up suspension and tension. On occasion it drags a little, but it actually helps to keep you wondering what's going to happen and more importantly: when. As the movie progresses, the character played by Robin Williams gets dragged into some kind of ""cat and mouse"" spiel to the point where he becomes obsessed with finding out the truth and existence about a 14 year old abused kid that no-one seemed to have ever seen in person. The Night Listener is an interesting story, which is great in building up the suspense throughout the movie and you're pretty much kept in the dark of who is lying and what's real. However, in the end it kind of disappoints and doesn't live up to the potential it could have had. It doesn't really give you a detailed or plausible explanation about the other main character, which would have been helpful and interesting.",negative
"I'll never understand why when a studio like Universal buys a musical it then butchers it when bringing it to screen. My first thought when seeing Ava Gardner and Robert Walker were starring I would be seeing something from MGM which did musicals best at that time. Boy was I wrong and disappointed.<br /><br />One Touch Of Venus which starred Mary Martin, Kenny Baker, and John Boles on Broadway ran for 567 performances in the 1943-1945 season and Gardner, Walker, and Tom Conway play the roles that Martin, Baker, and Boles did on stage. The Kurt Weill-Ogden Nash musical with book by Nash and S.J. Perelman was a comeback vehicle for Mary Martin who reestablished herself as the Queen of Broadway after a disappointing venture in Hollywood. <br /><br />Look at the names that went into this show. Given who was responsible for the book I expected to see some sparkling wit in this production. Instead I got a rather pedestrian screenplay, it was like all the wit was drained out of it. Doing her best to make up for it is Eve Arden playing her usual girl Friday role with Tom Conway, but it's even too much for Eve.<br /><br />The story concerns department store window dresser Robert Walker who kisses a very valuable statue of Venus who springs to life in the person of Ava Gardner. Of course when the statue goes missing, Conway yells for the law and is suspicious of Walker, the last person to be with the statue. <br /><br />The rest of the film is Walker dealing with Gardner and what will happen to both of them. For reasons I don't understand, Ava was of course dubbed by Eileen Wilson and Walker sings only a couple of lines. The singing is carried by Dick Haymes and Olga San Juan playing Walker's friends and coworkers. Of course on Broadway the songs were done by singers Mary Martin and Kenny Baker. You would kind of think that Haymes would be playing Walker's role at least. It was awkward to say the least.<br /><br />Only three songs survived from the score, Don't Look Now, But My Heart Is Showing, That's Him, and the incomparable Speak Low. Haymes's silken baritone is shown to best advantage in Speak Low which was sung as a duet by Martin and Baker on Broadway. For some reason the lyrics of one of the greatest men of verse of the last century, Ogden Nash, were done over by Ann Ronnell. I suspect the infamous Code was at work here.<br /><br />In Lee Server's biography of Ava Gardner he makes mention of a brief fling Ava had with Robert Walker when she had had a spat with her current man, Howard Duff. When Duff and Gardner reunited, Walker took it badly and didn't speak at all to Gardner off camera. I'm sure the fact that both of them were not in their best work didn't help matters either.<br /><br />Hopefully some repertoire company will do One Touch Of Venus and you'll get to see it the way, Weill, Nash, and Perelman wrote it.",negative
"This is the best picture about baseball since Redford whacked The Natural our way. Dennis Quaid and Rachel Griffiths light up the screen with a great story and a cast that seemed real enough to pull you into their lives. <br /><br />Laced with dreams - dripping in reality, the American Dream reignites after 9.11 with a true story about the Devil Ray's mid-life rookie, Jimmy Morris. Australian born actress, Rachel Griffiths, plays a native West Texan better than a lot of Texans I know; and Dennis Quaid was perfection  cast as the wannabe, gonnabe and humble winner with as much psychological baggage as the average viewer in the audience. It's real. The on-screen chemistry works. If you like baseball heart-warmers, you're going to love this film. The ingredients for Americana and apple pie were all in there. My popcorn became the a la mode'. <br /><br />And hey: buy the CD! The music rocks and carries the story magnificently! Syncing words and music pushes the story forward exactly the way it should, an area that disappoints me more often than not.<br /><br />Criticisms: I'd have given the baseball to somebody else. But Quaid has something to teach us all about character' and heart. St. Rita and the nuns were a nice decoration, but they never really found their place in the story to open and close around them. A little long. Worth every minute in the last analysis. 8 / 10. <br /><br />",positive
"I don't understand why this movie was released, it looked like something that you show your mates after you borrowed your mums handycam she bought in 1987. I am Australian and work for a video store in the UK and thought that if an Aussie film made it into our store it can't be all bad... boy was I wrong!<br /><br />If anyone writes a good comment about this movie they are either lying or the makers of the film.<br /><br />The picture was BAD, the sound was HORRIBLE and the acting, oh the acting, it was the WORST acting in the HISTORY OF FILM. <br /><br />It makes me embarrassed and offended that they used the word 'Aussie' in the title because I am proud to be Australian and this movie is seen in other countries and may give people the wrong idea.<br /><br />Please anyone who reads this and has seen this movie, take the time to find other Aussie movies to watch because you could choose any one of them and it would be better than that one.<br /><br />I could have made a better film if I took a camera, filmed my but for an hour, ate the film waited for it to pass through my body then threw what came out at the television... no offence.<br /><br />DO NOT WATCH THIS FILM!!!!!!!!!!",negative
"All I can really say is that I'm glad that I was knitting socks while watching the movie, or I would be very angry for having wasted 2 hours of my life. The acting was terrible, the plot was even worse. There were some scenes that were meant to be serious that had my husband and I laughing out loud. I highly recommend this movie to people who like to do their own version of MST3K.",negative
"It takes patience to get through David Lynch's eccentric, but-- for a change-- life-affirming chronicle of Alvin Straight's journey, but stick with it. Though it moves as slow as Straight's John Deere, when he meets the kind strangers along his pilgrimage we learn much about the isolation of aging, the painful regrets and secrets, and ultimately the power of family and reconciliation. Richard Farnsworth caps his career with the year's most genuine performance, sad and poetic, flinty and caring. And Sissy Spacek matches him as his ""slow"" daughter Rose who pines over her own private loss while caring for dad. Rarely has a modern film preached so positively about family.",positive
"You know that mouthwash commercial where the guy has a mouth full of Listerine or whatever it is and he's trying really hard to keep from spitting it up into the sink? That's a great metaphor for this movie. I kept watching, even though it was really difficult. But keeping mouthwash in your mouth will leave you with a minty fresh feeling. This movie left me with a bad taste in my mouth. I should have spit it out when I had the chance.<br /><br />The premise is corny enough to be fun. For the first time in like a thousand years, Gargoyles have returned to Romania, and all of the priests who knew how to fight and kill these things are long dead. It's up to Michael Pare and some other secret agents to get to the bottom of things before the Gargoyles run amok. Unfortunately, the premise is completely lost in bad dialog and less than enthusiastic acting on the part of the human leads. The best acting is done by the CG Gargoyles.<br /><br />In the end, this movie feels like a poor man's Van Helsing. If you check your brain at the door, this might get you through a dreary Monday night. I gave it 3 out of 10 stars.",negative
"After his classic film noir homage Chinatown Roman Polanski returned to the themes that had given him his greatest hits in the 60s with this creepy psychological horror which, like Repulsion and Rosemary's Baby, deals with the paranoia and claustrophobia generated by apartment living.<br /><br />Claustrophobic environments are the ones which Polanski is best at creating, and this has to be the most suffocating and confined picture he ever created. The emphasis on side walls and distant vanishing points is greater than ever, and even in the small number of exterior scenes the sky is rarely glimpsed. But The Tenant is not just confined spatially, but also in the intensity with which it focuses on its protagonist. Trelkovsky, played by Polanski himself is not only in every scene, he is in virtually every shot. When he is not on screen more often than not the camera becomes Trelkovsky's point of view. And of course almost everywhere he looks he sees his own reflection staring back at him in a mirror.<br /><br />I can't think of any film that is more about the internalisation and solitude of one character. Some psychological thrillers, like M or Peeping Tom, manipulate us into feeling sorry for the mentally ill protagonist. Others, like Psycho, attempt in-depth scientific analysis of his mental condition. The Tenant fits into neither of these categories  it simply immerses us completely inside Trelkovsky's experience without demanding we actually understand or appreciate what is going on inside his head. We feel his paranoia and obsession even though it is constantly revealed to us that they are irrational.<br /><br />Polanski was also a master of the slowly unfolding horror film. Often in his horrors there is an ambiguity as to whether there is actually anything sinister going on, but they are among the most effective at frightening audiences. Why? Precisely because they unfold so slowly and invest so much time in painstakingly setting up situations that they immerse the viewer in paranoia. A much later Polanski horror, The Ninth Gate is a bit of a mess plot-wise but at least it still manages to achieve that creeping sense of dread.<br /><br />This is a rare chance to see Polanski himself in a major role. His talent in front of the camera was as good as behind it, and he is absolutely perfect as the meek Trelkovsky. Another standout performance is that of the all-too-often overlooked Shelley Winters as the concierge. In actual fact it is rather a stellar cast, although many of the familiar faces look out of place in this strange, Gothic European movie. Also sadly many of the French actors in supporting roles are atrociously dubbed in the English language version.<br /><br />The Tenant is more polished and less pretentious than Repulsion, but it lacks the suspense and the character that make Rosemary's Baby so engrossing and entertaining. The Tenant is good, with no major flaws, and Polanski was really on top form as a director, but it's not among his most gripping works.",positive
"I first flicked onto the LoG accidentally one night while waching television: since then, I have never missed an episode.<br /><br />It's humour is very weird, like a cross between Brass Eye's social commentary, the Fast Show's excellent one-liners, and an amazing plot that seems to develop each week without ever going anywhere. The best example of this was Hillary Briss's special stuff - what was that all about?<br /><br />The humour will not appeal to all. Some will say it's just too sick, and it's easy to see where they're coming from. Nonetheless, give it a try. If you don't like it, don't watch it, but if you do like it you'll be very glad you took my advice.",positive
"My God, what an incredible movie it is! Reminded me so much of the similar scene in Mel Gibson's movie ""We were Soldiers"" when ""the Company is not lost, they're just cut off"" And the other scene in Pearl Harbour when the British officer says to Ben Affleck ""If all Americans are like you, then God help the nation that goes to war with America!<br /><br />Put all 3 movies together and you would have enough BULLSHIT to fertilise the entire Sahara Desert.<br /><br />The story of the cut-off Battalion may be real enough but the movie could have done without all that American preachy jingoistic propaganda attached to it. There were audible groans in the cinema during the above-mentioned scene in Pearl Harbour (no kidding either) The Lost Battalion however is really in a class of its own .<br /><br />""Americans think they are unbeatableinspired bravery. "" I actually cringed and damn near puked at all the swill being spewed out throughout this diarrhoeic disaster (the movie that is) <br /><br />The fighting scenes were well made (3 stars for that) but if the script is manure, then wrapped even in brightly coloured ribbons, it is still manure. The writer, James Carabatsos, also wrote those other screamersHamburger Hill, No Mercy , Heartbreak Ridge. Someone, please shoot him before he writes any more such garbage.<br /><br />The Director, Russell Mulcahy is an Australian too. God, the shame!!!",negative
"I found this movie really hard to sit through, my attention kept wandering off the tv. As far as romantic movies go..this one is the worst I've seen. Don't bother with it.",negative
"Why did I have to go out and buy (yes buy!) JACK FROST 2: REVENGE OF THE MUTANT KILLER SNOWMAN??? Maybe it was a burst of temporary mental derangement? But I'm guessing it's because I kind of enjoyed the first JACK FROST. It was a silly but funny horror-comedy which had some okay effects by Screaming Mad George. That and the fact that on the back-cover of the sequel there was this nice picture of this guy impaled by this giant icicle (coming out of his mouth with a lot of blood and all). So I thought: if it's as idiotic as the first and has some nice splatter/gore in it, it should be fun, right? Well, I was so dead wrong! <br /><br />Let me first say that the movie deserves some credit for having an immensely insane and retarded plot. I mean, a mutant killer snowman on a tropical island that spawns mutant killer baby snowballs which can only be killed or harmed by bananas??? As much as I love the premise, I really hated the movie. First of all: while the first JACK FROST looked like an actual movie (seemingly being shot on real film and all), this sequel has the look and feel of a third-rate soap-opera. It has this way too slick shot-on-video look. The lighting is just plain awful (bright white spots for the day look, and stupid colors like blue and green at night). The acting... well don't even go there. The dialogues range from stiff to extremely senile (that Jamaican man was just moronic, saying ""man"" after every sentence). And when it comes to the voice of the killer snowman, all I could think of was a seventh-rate Chucky from CHILD'S PLAY spewing dumb and supposedly witty one-liners before he kills someone.<br /><br />The best joke was were one guy asks ""Why are you talking to your watch?"". And the best scene was undoubtedly the one with that beautiful Asian chick popping up out of nowhere and taking a swim in the pool totally naked (thank god for that!). Oh, yeah, and that little scene over the end-credits with those two Japanese dudes on a miniature ship being badly dubbed had me laughing too. But the worst thing about this movie was: Where was the gore and splatter action everyone is talking about? There were plenty of occasions to show some decent gory killings. A lot of people were killed off in original ways here, but all off-screen. Like I've read in many other comments, there were indeed nice set-ups to a head explosion, a crushed body, eyes being poked out, tongue ripped out,... but on the crucial moments the editor cuts away to some blood splatters on the floor or nothing at all. That frontal shot of that British guy being impaled (from the back-cover of the DVD) wasn't even in the movie. I only saw that particular killing filmed from the back (meaning I didn't see sh!t!). I was waiting throughout the whole movie for that to happen, and then I get to see nothing?!?! What a let-down! Could it be that I saw a cut version of the movie? That would be a shame, 'cause only a decent amount of splatter-fun could have saved this movie if you ask me. Seeing a lot of killer snowballs reduced to bloody pulp just didn't cut it for me. Speaking of those snowballs: they were done very poorly. They made MUNCHIES look like state-of-the-art 'animatronics'. But I guess that was the whole point of it. At some point, the special effects crew even turned to some laughably bad CGI. Boy, you really have to see it to believe it. Best is to not see it, actually, 'cause this flick is just too bad (okay, I did laugh with it, for it kept getting worse and worse). Just stick with the first JACK FROST (1996) and you'll be okay (just bare in mind that it's a pretty silly horror-comedy but fun in it's own right).<br /><br />It's funny, but writer/director Michael Cooney somehow must have realized that he was a pretty bad director after JACK FROST 2, and then focused on writing. Turns out he then wrote two pretty good thriller screenplays for THE I INSIDE (starring Ryan Phillippe) and IDENTITY (starring John Cusack). So the man seems to have some talent after all.<br /><br />Now it would be far too easy to give JACK FROST 2 the lowest rating possible. So I say one point for that naked Asian babe doing the skinny dipping and one point for those completely retarded snowball babies. Way to go Mr. Cooney!",negative
"One of the worst things a film studio can do is exploit the tragedies of others, commercializing a 'shock' or 'gore' factor in order to sell tickets to be able to buy their Birch a new diamond necklace. Another worst thing is to totally misrepresent the true facts of an incredible saga by fabricating events, dialog and images to the director's own liking. Lastly, one of the worst things a film studio can do is to use bottom-of-the-barrel actors and shoot it all on a sound stage that was rented for fifty cents a day. All three of these travesties the makers of this film are guilty of. This is, hands-down, the worst movie I have ever seen, and I've seen thousands. A score of '1' is too good for this waste of celluloid. Not only should the filmmakers be ashamed for making it, they should be ashamed for negatively exploiting the heroes of this story, which are the people who experienced this tragedy firsthand, both the living and the dead.",negative
"An example of genius filmaking. The epic story of three major stages of life for a young boy told with eloquence and raw fearlessness. Rarely does a film come along that causes me to out loud say during most of the viewing, ""this is a really good film...."" again and again. That is exactly what happened when I watched this film. I really do not understand how anyone could not like it. I found myself at moments crying and laughing at the very same moment, unable to control how I felt about the scene. The acting is outstanding. Eric Mabius- why is he not all over movie screens? He was really extraordinary. His seemingly effortless attempt on the screen impacted me in deep visceral ways. I thank him. In my opinion, Eric Schaeffer is one of the best filmakers around, and I hope he continues to rise to the challenges that he faces while trying to give us art in the face of ferocious commercial filmaking.<br /><br />",positive
"THE TEMP (1993) didn't do much theatrical business, but here's the direct-to-video rip-off you didn't want, anyway! Ellen Bradford (Mel Harris) is the new woman at Millennium Investments, a high scale brokerage firm, who starts getting helpful hints from wide-eyed secretary Deidre (Sheila Kelley). Deidre turns out to be an ambitious daddy's girl who will stop at nothing to move up the corporate ladder, including screwing a top broker she can't stand and murdering anyone who gets on her bad side. She digs up skeletons in Ellen's closet, tries to cause problems with her husband (Barry Bostwick), kills while making it look like she is responsible, kidnaps her daughter and tries to get her to embezzle money from the company.<br /><br />Harris and Kelley deliver competent performances, the supporting cast is alright and it's reasonably well put-together, but that doesn't fully compensate for a script that travels down a well-worn path and offers few surprises.",negative
"This is the best Emma in existence in my opinion. Having seen the other version (1996) which is also good, and read the book, I think I can safely say with confidence that this is the true interpretation and is the most faithful to Jane Austen's masterpiece. The 1996 movie with G. Paltrow is good too, it's just that it's almost like a different story altogether. It's very light and fluffy, you don't see the darker edges of the characters and if you just want a pleasant movie, that one would do fine but the intricacies of some of the plot points, such as the Churchill/Fairfax entanglement is so much glossed over as to be virtually non-existent. But if you want the characters fleshed out a bit, more real and multidimensional, the 1996 TV version is the superior. Emma is a remarkable person, but she is flawed. Kate Beckinsale is masterful at showing the little quirks of the character. You see her look casually disgusted at some of the more simple conversation of Harriet Smith, yet she shows no remorse for having ruined Harriet's proposal until that action has the effect of ruining her own marital happiness at the ending. You see her narcissism and it mirrors Frank Churchill's in that they would do harm to others to achieve their own aims. For Emma, it was playing matchmaker and having a new friend to while away the time with after having suffered the loss of her governess to marriage. For Frank Churchill, it is securing the promise of the woman he loves while treating her and others abominably to keep the secret. In the book, she realizes all of this in a crushing awakening to all the blunders she has made. Both Kate Beckinsale and Gyneth Paltrow are convincing in their remorse but Paltrow's is more childlike and stagnant while Beckinsale's awakening is rather real and serious and you see the transition from child-like, selfish behavior to kind and thoughtful adult. Both versions are very good but I prefer this one.",positive
"I grew up watching Inspector Gadget. It was, and still is, one of my favorite cartoons, if not my absolute favorite. I learned a lot of geography and history from the spin-off Inspector Gadget's Field Trip. I wanted to slip on a banana peel and become the greatest detective ever.<br /><br />But the film has ruined the reputation of the wonderful cartoon.<br /><br />Matthew Broderick, an actor with potential, was definitely NOT the role for Inspector Gadget. First thing- in the film, Inspector Gadget is smart. Not so in the cartoon. In the film, Gadget solves the mystery mostly by himself. In the cartoon, it was almost always Penny, Brain, and the awesome book (I still want her book!). If Gadget solved the mystery, it was by accident. Gadget in the film seems to be a competent detective, but in the cartoon was pretty dumb, which was where the humor came from.<br /><br />Another thing is that it's too much ""Good Guy v. Bad Guy"" in the film. It's not just meant to be a silly Saturday morning cartoon. Also, Gadget never should have a love story, but Disney Corporation is filled with idiots.<br /><br />Also I miss the true gadgets that Gadget had, and especially the Gadget car. In the movie it was a chic convertible. In the cartoon it was a sedan police car and could turn into a van. It also barely had any gadgets and was mainly there to get him from place to place.<br /><br />But if anything, the one thing that was terrible about the movie was that it was a feature movie. Inspector Gadget was a silly Saturday morning cartoon. The movie was too serious, too overdone, had too much of a plot and wasn't even remotely as funny.<br /><br />Tip for those who haven't seen it: NEVER see it. EVER. Watch the cartoon, it's a true classic.",negative
"OK, so in any Wile E. Coyote-Road Runner cartoons, we know that WEC is going to set up all sorts of traps for RR, but always maim himself in various ways. That certainly happens in ""Beep, Beep"". Predictable? I guess that it is, but when you think about it, these cartoons show how the more you try to harm someone else, the more you get harmed; sort of like how Daffy Duck always tries to undermine Bugs Bunny's integrity but Bugs sees around it.<br /><br />Overall, this is another classic from the Termite Terrace crowd. Sometimes, I think that if we really had wanted to ease Cold War tensions, we could have just let the Soviet Union see Looney Tunes cartoons; I'm sure that they would have loved them. Another great one.<br /><br />PS: I learned on ""Jeopardy!"" that Wile E. Coyote's middle name is Ethelbert.",positive
"After reading through many of the reviews, I don't know what movie some people were watching, but clearly it wasn't the same one I saw.<br /><br />This movie is horrible. The acting, primarily Moore's, is just terrible. The woman cannot act. Nice tits, but she just can't act. At no point did she come across as the actual character. Instead, it was spoiled Hollywood actress goes to the beach to play make-believe with the boys.<br /><br />And that's what this movie ultimately is -- Hollywood make-believe. The training sequences are over the top. The politics -- over the top. The political correctness -- over the top. The combat scenes -- you guessed it, over the top. Your mission is to get in and get out without being detected. So what do you do? Why shoot off as many rounds and make as much noise as possible, of course. Oh G.I. Jane, you can be my wing man anytime.<br /><br />The premise is good, but as soon as Hollywood gets a hold of it, we end up with Top Gun with tits.<br /><br />What more is to be expected from commercial US films anymore? Not much I guess.",negative
"Some people have stated that as of the 11th season, South Park has started a trend of leaving behind their politically biting satire for shallow spoofs; but this could not be further from the truth.<br /><br />While this episode does spoof the Living Dead series, there is more. It is a satire of how people treat the homeless. Characters say things like ""They're pretending to be just like us"" or ""They want to be human."" This episode attacks a culture of people who ignore the lower class who are often just down on their luck.<br /><br />So yes, it is still a satire, and also a wonderful spoof. What more could you want?",positive
"Uzak (2002), a Turkish film shown in the U.S. as ""Distant,""<br /><br />was directed, produced, written, and filmed by Nuri Bilge<br /><br />Ceylan.<br /><br />This movie is a gritty and somber version of the clash between a ""city mouse,"" Mahmut, played by Muzaffer Özdemir, and a ""country mouse,"" Yusuf, played by Emin Toprak. <br /><br />Both men are superb actors, and the plot allows them to demonstrate their acting skill. (Tragically, Emin Toprak died in an automobile accident shortly after the movie was completed.)<br /><br />In most country cousin/city cousin tales, the contrast between rural and urban life styles is portrayed in a humorous fashion. In this film, there's little humor or even warmth. Both men<br /><br />have lost touch with human society. Mahmut 's work as a<br /><br />commercial photographer for a tile company gives him no satisfaction. He has divorced a woman he clearly<br /><br />still loves, and has no satisfying human relationships.<br /><br />Mahmut has lost his job because of a factory closing in his small town, and doesn't have the skills or the energy to find work in the city. His human interactions are primarily confined to silent observations of the other people who cross his path. He's clearly a warm and caring person, but can't express these qualities in an urban environment.<br /><br />The cousins don't relate well to the world, and they don't relate well to each other. Neither makes an effort to act in a way that would provide an opportunity for bonding or closeness. <br /><br />In a sense, this film portrays an opportunity wasted. <br /><br />Conceivably, each cousin could have provided at least part of what was lacking in the other's life. Instead, they steer parallel unhappy courses. The two men are distant throughout, which is a situation suggested by the film's title.<br /><br />One of my friends mentioned the masterful way in which Ceylan builds detail upon detail. These details ultimately tell us more about the characters than we might have learned by simple exposition.<br /><br />Uzak was shown as part of the Rochester Labor Film series. It's not a ""labor film"" in the traditional sense of that genre. It is a labor film because it demonstrates the harmful effects of unsatisfying work (Mahmut) and unemployment (Yusuf).<br /><br />This is a quiet, absorbing, dark film. Although it doesn't make for happy viewing, I walked out of the<br /><br />theater realizing that I had seen a truly creative and<br /><br />important movie. This film is worth finding and seeing!",positive
"I'm guessing that we all, no matter if we are fans of cars, luv the sound of a Dodge Challenger as it growls along the road, the noise a 57 Chevy make as it screams with ecstasy when it tears round a corner and, most of all, the blast of sound as a classic vehicle bursts into flames as it explodes. I'm not the biggest car enthusiast by any stretch of the imagination, but any of the above really does rev my engine! There's no denying the importance of transport on cinema. It has even been said that the invention of the train was one of the biggest influences on early cinema (looking out a window almost like a moving picture and the idea of being transported to a different time/space). But the car remains the most popular and most luved, it's even got its own genre: the carsploitation genre. A genre that focuses purely on the beauty of cars. In effect, it's just porn! Car porn! And I'm not talking about that rather nasty documentary on Channel 4 in which men actually had sexual intercourse with cars. Whatever floats your...car, I guess. Moving on... whilst RUNNING ON EMPTY isn't quite as pornographic as VANISHING POINT (Richard C. Sarafian, 1971) for instance, with its close ups of the car in motion, all it's bumps and curves (!), this doesn't mean that the car isn't the main focus of this film. In fact, the cars themselves become characters (more on that later). They're objectified and fetishised as much as the women, in fact, maybe even more. And holy holy, are these cars something! Every car in this film (besides the ones in the background) are simply beautiful  works of art, there's no question about it.<br /><br />As I was saying, these incredible cars are, in a way, given characters themselves. You actually start sympathising with the car! SPOILER  Most notably during the scene in which the car is being wrecked and burnt SPOILER OVER. This has become almost a convention of the carsploitation genre; the evil 1978 Plymouth Fury from CHRISTINE (John Carpenter, 1983), Satan's custom Lincoln Mark III in THE CAR (Elliot Silverstein, 1977), the nifty little Mini Coopers from THE Italian JOB (Peter Collinson, 1969) to the friendly Volkswagen Beetle in THE LOVE BUG (Robert Stevenson, 1968) and of course each car from DEATH RACE 2000 (Paul Bartel, 1975) and even WACKY RACES (1968-1970) all of which had their own character. Ironically however, this emphasis on the car often over takes (!) the human characters! And this is certainly the case with RUNNING ON EMPTY, in which only one human character (the blind character who drives his car with his hearing rather than sight) has any sort of dimension, the rest are very much stock characters. These are all your stereotypical Australian 1980s teenagers; big hair, annoying accents and none of whom would look out of place in NEIGHBOURS, especially the Kylie Minouge look-a-like. But who gives a damn? It's all about the cars racing and crashing! That's it! If you don't like that you really are watching the wrong genre.<br /><br />The car scenes are certainly the selling point of this film, and the best thing it's got going for it. They are fast; very fast! And we're not talking about the rather annoying technique some films seem to use where they record the car 'speeding' at around 40mph, and then speed it up. Oooh no! Not with this film you don't. These cars are zooming along at top speeds in real time  no fancy editing tricks here. So, we've got speed. Check. What about crashes? Check, check, check! Whilst there isn't cars crashing EVERYWHERE a la the incredibly BLUES BROTHERS (John Landis, 1980) , when cars do crash in this film, they certainly crash! It would seem that they use gunpowder or something similar to build the cars as one little hit and KABOOM they're up in flames. It kind of reminded me of THRILLER: A CRUEL PICTURE (Bo Arne Vibenius, 1974) in that sense.<br /><br />Between these simply awesome scenes (especially the very start and the very end) there are quite a few scenes which slow everything done and, in my opinion, fail to add very much to the film. Note: more exploding cars needed! However there are a couple of exceptions here which are great scenes  SPOILER especially the attempted rape scene.<br /><br />So, all in all, this is a man's film! A boy's film! Full of cars vroom vroom vrooming around the outback and a couple of tits thrown in for good measure too. I'd recommend this little film to anyone even if they are keen cyclists (!)  it's a great film which you can just switch your brain off, sit back in your leather chair and put on full volume! I'll give it 3.5 luvs out of 5 luvs  Bruuuuum! P.S  Amazon are selling this for just over £2  it's a real bargain although the DVD lacks any special features whatsoever.",positive
"Most people, when they think of expressionist cinema, look to the b&w German films of the silent and early sound eras--films that emphasized canted angles, extreme contrasts of light and dark, exaggerated performance, and occasional uses of surrealism to create a dreamlike atmosphere in order to diverge from traditional, naturalistic modes of cinematic representation. If we're willing to accept that the Germans were not the only filmmakers to create expressionist cinema (and that those above-mentioned characteristics are not prerequisites for expressionist film), then I would argue that Dodes'ka-den (DKD) is a prime example of this type of film. <br /><br />Like Dreams, DKD is a little unhinged for a Kurosawa film, dabbling, as it does, in the unreal. However, DKD is also, unlike Dreams, a great film and probably my favorite Kurosawa picture. Why? Mostly, I think, it's the colors. This was, I believe, Kurosawa's first color film, and the man saturates the movie with vibrant primary colors, creating a completely unreal contemporary Japan. We are used to the neon lights and gleaming Tokyo skyscrapers; we are not used to a city that appears to have been colored with crayons. <br /><br />DKD is, as I said, a peculiar film inasmuch as many of its characters live in a junkyard, appearing to live in an alternate universe. That is, I think, the point--these are the Tokyo outsiders, the people left behind during the great move forward following World War II. The film also represents one of Kurosawa's more heartfelt movies; there is genuine sentiment here and genuine pathos (such as when the boy's father describes their dream home). It's an amazingly moving film from a man better known for stunning, John Ford-like vistas and samurais. Everyone should have known Kurosawa had in him a movie as touching and thought provoking as this (Ikiru foreshadows the emotional resonance of this film in many ways). <br /><br />I will also argue, to the last, that this is Kurosawa's greatest achievement. His samurai films, though capable pictures, pale in comparison to works by Kobayashi (Hara-kiri is the greatest, most intelligent samurai film committed to celluloid). Rashomon, Hidden Fortress, Seven Samurai, Yojimbo, Sanjuro, Kagemusha, and Ran are all fine films, but they're merely good (and, frankly, I think that word is too generous for Hidden Fortress and Kagemusha). DKD is a great movie, as is Ikiru. They are the crown jewels that show Akira was not a one-trick samurai pony. They reveal his artistry and mastery of cinema.",positive
"Although I'm a girl, thankfully I have a sense of humor and realize that this really IS a funny anime! Watching it does give you an overwhelming feeling that it's definitely a guy show but that doesn't take away from the fact that its hilarious! 10/10",positive
"This is not an entirely bad movie. The plot (new house built next door seems to be haunted) is not bad, the mood is creepy enough, and the acting is okay. The big problem I had is that, being familiar with Lara Flynn Boyle (from Twin Peaks and other shows), I couldn't get over how different she looks with her apparently new, big lips. I kept staring at them. They look so out of place on her face! They make her look completely different (and not better).<br /><br />Mark-Paul Gosselaar, the actor who plays Kim the architect who designs and pours his heart and soul into the house, does a fine job. And Lara (as Col) is also quite good (but those lips!) as the owner of the house next door. Her husband, Walker (Colin Ferguson) is appropriately wooden. The various characters who live in the house were also fine. I particularly liked Pie (Charlotte Sullivan) and her husband, Buddy (Stephen Amell), the first people to move into the house. The attempt to involve us in the overall neighborhood vibe fails, unfortunately, as the other neighbors are not particularly likable.<br /><br />For some reason the director was unable to make the ""haunted"" house particularly ominous. Other movies (such as Amityville Horror, The Legend of Hell House) manage to achieve that spooky feel, but it just doesn't happen here. The closest is when Col paints a depiction of the house.<br /><br />Another thing that didn't work for me is the plot twist that occurs with Kim, the architect. Initially, he appears to be a victim of the house like the others (it has sucked him dry of inspiration), but later he seems to have joined forces with it in evil.<br /><br />Overall, not a bad movie for horror fans if you can take your eyes off those big lips!",negative
"Well you take O.J. Simpson as a all american soldier turned all american bus driver who decides to rescue his passengers on his own just incase no one else is going to and Arte Johnson in an absolutely straight role as the tour guide who doesn't know what to do but doesn't want to admit they are in trouble and combine it with Lorenzo Lamas as one of three baby faced bad boys who intend to kidnap an heiress and leave a busload of people to die on the dessert and you have got to have action, plot twists and a lot of drama. Everyone was good but seeing Lamas as the baddest of the bad boys really blew my mind. He was much too believable as the overbearing bad guy who not only wanted to kidnap the heiress but rape the women and humiliate the guy who tried to stop him. This was evidently long before he cultivated his good guy image. And believe me a 20 year old Lorenzo in tight jeans you really don't want to miss!",positive
"I was particularly moved by the understated courage and integrity of l'Anglaise, in this beautifully acted, intellectually and visually compelling film. Thank you so much, Monsieur le directeur Rohmer.",positive
"I`ve seen this movie twice, both times on Cinemax. The first time in it`s unrated version which is soft-core porn at it`s best and the second time in a trimmed down (cut all the sex and most of the nudity out) version which was entertaining in a typical beach movie sort of way. The unrated version has a tremendous sex scene with Nikki Fritz, a dude and a bottle of oil which is out of this world (no pun intended). Unfortunately, in the trimmed version that scene is almost completely chopped out, as are all the other sex scenes. Rated or unrated it is still fun to watch all the siblings of bigger stars (Stallone, Sheen, Travolta, etc;) trying to act. We also get appearances by B-queen Linnea Quigley and Burt Ward (Robin from the old Batman series).",positive
"I haven't actually finished the film. You may say that in this case I have no right to review it, especially so negatively. But I do, only because I stopped it on account of I couldn't watch anymore...I got over halfway, and I only got there by promising myself something good was just around the corner. This film is so tiresome, so lackluster that I was actually insulted. I haven't read many of the other reviews, so I'm not sure if there are other homosexual teens who have suffered through it, but I am homosexual, and I did go through ""similar"" revelations, day dreams, issues etc etc. There were maybe two moments where I actually felt this film could go somewhere, where I felt it may have some inkling of meaning, or relativity, but these hopes were dashed the moment the next set of cliché-ridden narration came on. I mean, just look at the quotes on the IMDb page. Unfortunately you're not able to hear the scratchy play back, nor the echo-ey fades if you're just read the quotes, because they are just too painful/ridiculous/stupid to miss. I did give the film three stars, and all three of those stars go to the films cinematographer who did a fantastic job attempting to transform Archer's tired ""concepts"" into something watchable. Mind you, I pray he wasn't the one who decided to include all the long shots of TV closeups...another unnecessary cliché already over done in films such as Korine's Gummo... I think it is extremely fitting that this film premiered at Sundance (only because Archer had connections in the festival via volunteer work he did, by the way...) because Sundance seems to be the one festival where cliché heavy drivel like this is still accepted as ""arthouse"". No, it's not art house, I'm afraid it's just plain s**t-house. Do not watch.",negative
"I like end-of-days movies. I like B-movies. I was hoping I would like this movie.<br /><br />I could ignore the poor effects, the often atrocious music, the cringe-inducing lines. I could ignore the unexplained events, and the fact that the movie constantly relies on deus ex machina is excusable, given the subject matter. I could ignore the fact that the people who fight hunger and try to reach world peace are the bad guys. None of these things kill the movie. What kills this movie is that it's just plain and simple boring. Nothing actually happens; almost all scenes in the movie are designed to push the movie creators' morals on the viewers, at the cost of actually having a coherent story, or any kind of suspense.<br /><br />If you're looking for an entertaining B-movie, look elsewhere. This movie is just boring.",negative
"William Shakespeare's plays are classified as comedy, tragedy, or history. Some of his most memorable --and most often read -- creations provide us with wistful humor, gentle poetry and hilarious slapstick. Some of them survive as unforgettable dramas of compelling depth and gravity. Regardless, he was able to write with unparalleled skill and inventiveness, contributing greatly to our young language. So in what category lies The Merchant of Venice ? I was very surprised to find it is one of Shakespeare's comedies. I had never before read it nor seen it, but after watching this most recent film version I have decided it is neither and it is both. This is one of many questions the viewer must try to answer when coming to terms with what is clearly a perplexing and deeply troubling moral tragedy.<br /><br />The players are introduced quickly, and simply. One of them, firstly, is Venice itself; director Michael Radford filmed the Venetian scenes in the actual city, creating an impressively vibrant, bustling backdrop to the play's proceedings. To this scenery enters the youthful Bassanio (Joseph Fiennes), returning to Venice to see a dear old friend, Antonio (Jeremy Irons). It seems the poor Bassanio has heard of a princess whose father has died and has left to any potential suitors a lottery of sorts. Waiting at the fair lady's island estate are three small trunks, <br /><br />only one of which contains ""images of the princess"". He who can guess the right one, using only blind intuition and the cryptic teasers written upon them, will be bestowed the father's huge fortune for life. Oh, and his daughter and her eternal love in marriage, I forgot to mention. Here the light comedy of Shakespeare takes over the movie. This farcical plot element drives the story and also fills up much of the film's screen time, as a number of painfully eager opportunists arrive at the island, humorously vying for and failing to earn this very wealthy hand in marriage. But before any of this occurs Bassanio, very much lacking in finances, entreats Antonio to loan him three thousand ducats to pay for the lengthy journey he must take to have his shot at the prize. <br /><br />Antonio, himself nearly penniless, must reluctantly embrace humility by seeking the financial aid of Shylock (Al Pacino), one of countless Jewish usurers who keep the sagging economy afloat yet are scorned and persecuted to no end by the city's zealously Christian majority. Thus they dwell in society's underbelly, and it is here the two borrowers must go. Shylock does not hesitate to remind the two men of a certain incident where Antonio insulted and spat on him in the city market, and he proudly rebukes this man who frankly has a lot of nerve now coming to ask for help. But help him Shylock does. He even erases any kind of interest on the loan, most likely feeling he has no reason to be concerned if Antonio will be able to repay him within three months. Still, Shylock's one contractual demand is a pound of Antonio's flesh, should he renege on their agreement. This is an unsettling request, to be sure, for Antonio and Bassanio as well as for us. But it appears that despite his justifiable pride Shylock does not really anticipate seeing such a gruesome act occurring. <br /><br />So here the dramatic groundwork has been laid. And while the film goes off to explore its gentler side with its love lottery and mistaken identities, there still looms the gloomy prospect of the loan itself. In the end, what will become of this ominous agreement? Meanwhile we are left at turns to explore the true central character of Shylock. Al Pacino has ample dramatic weight to carry here, and he does so with convincing grit and passion. There are times when he is given room for the theatrics we have come to expect from such a colorful actor. But his most impressive scenes are the ones where he internalizes this energy, showing a conflicted personality: honest, sincere, and proud, yet brooding, vengeful and entirely remorseless. This is one of Pacino's most heartfelt performances to date. And while the rest of the cast play their roles creditably and convincingly, it is Pacino who really owns the film -- especially toward the end, when Shakespeare upends this seeming romantic comedy with a wallop of a third act.<br /><br />I shall not reveal much here; all I can say is that it involves the initial loan -- a mighty shoe one expected would drop sooner or later. And does it ever. By the end Shakespeare has raised a host of dilemmas for his audience: seemingly unresolvable questions of faith, morality, law, and mercy are thrown before us through the final scenes, and while by curtain's close the playwright's position may seem clear to some, we are left completely at odds. There are winners and losers in this one, but have the winners earned their spoils with good reason, or have they in a larger sense ended out losing as well? Has virtue been rewarded, or simply flouted? Has justice in fact this time been just? By the play's finish some fates are painfully clear, and unequivocally sealed. But the audience are to be the ones who really decide the verdict for all of those involved. And for some the verdict is still out for the play as well. Comedy or tragedy? The author has cunningly veiled the intense courtroom finale with an ending of light mirth and pat romantic resolutions. Is he saying that all is well that ends well, or is this his final, ironic condemnation? The play's humor serves to set us up nicely for such a heavy crash. And while it is also what unfortunately keeps The Merchant of Venice from achieving the greatness of so many of Shakespeare's other works, it is still engaging, amusing, and thought-provoking beyond measure.",positive
"Some teen agers go to an old deserted farm house left to one of them by their dead grandfather, unaware that there had been several murders there decades earlier because their grandfather had made a pact with the devil for a good harvest- couldn't the guy have thought of something better to sell his soul for? The man's grandson and his friends are set up to be the next sacrifice, for reasons which are never explained. The stereotypical teenage son and his girlfriend, the black guy with a white girlfriend, and the two lesbians have to do battle with three killer scarecrows- but, don't be tricked like I was, this isn't nearly as fun as it sounds. It's mostly just a lot of chit chat about ball kicking, dope smoking, and the lead actor complaining about never knowing his parents. The camera work is atrocious and shaky, maybe done on a hand held camcorder in some scenes, which maybe a good thing since the scarecrows look like they just came from some kid's birthday party, and apparently they could only hire two people to play the three scarecrows! Some of the best movies I've seen have been these low budget, independent horror movies, but this one is just pathetic. The cast and crew seems to have just been made up of a bunch of people who knew each other, had never acted before and had no intention of acting again, and had a few thousand dollars (I can't believe this movie cost $130.000 to make) and a weekend of free time on their hands- even the lesbian skinny dipping scene is lame.<br /><br />I think it's amusing also, that as of this writing, there is a sequel to this film which no one has even bothered adding to IMDb.<br /><br />* out of ****, and I only rate it that highly only because of the skinny dipping scene, no matter how lame it may be.",negative
"I am a massive fan of the book and Orwell is certainly my favourite writer ever since studying Animal Farm at GCSE. I bought the DVD out of sheer curiosity, Burton is an actor I hold in high regard so when I heard that he played the role of O'Brien I was swung.<br /><br />I watched the trailer on the DVD first and some fears started to set in, mostly regarding the frankly terrible ""Theme song"", hearing the Eurythmics mechanically shouting ""1984!"" over and over again to an electronic beat is as bad as it sounds.<br /><br />The acting on a whole is pretty good, Burton and Hurt play their roles well and the tension that exists in the Ministry of Truth towards the end can be felt, especially in the harrowing Room 101 scene. However this is also where the movie is let down. The movie spends too much time focusing on the Love affair between Winston and Julia, which frankly isn't what Orwell was writing about. He was writing about a harrowing future, about how Ingsoc build up a mans beliefs and then shatter them all in the name of him being made to love Big Brother. The movie skips over what is essentially the most important part of the book, Winstons coming to terms with his position in life and the world, and his re-education via O'Brien.<br /><br />The comment on IMDb at the moment states that the movie sticks to the book is completely incorrect. Julia is not present when Winston visits O'Brien, they do not commit themselves to Goldstien's Brotherhood and confess their crimes. There is no obvious mention of the initial instances where Winston finds the article with the Unpersons but it does get mentioned near the end, if you have not read the book it is completely confusing.<br /><br />A terrible screenplay, which some excellent acting cannot rescue. Michael Radford seems to have completely missed the point Orwell was trying to make, and the electronica sound track is frankly terrible.",negative
"Getting lost in space frozen for 15 years, that's unlikely. Falling into a star... improbable. Falling into it the day it goes supernova and explodes... ludicrous. Getting rescued by a ship just then... priceless.<br /><br />No, it's not Zaphod Beeblebrox's Heart of Gold to the rescue. It's also not the Parent of the Year awardees. After sentencing her daughter to two years' solitary confinement on an abandoned spaceship, the mother encourages her to get drunk and wander off alone with the strange man they've picked up. This foreshadows their prowess in hand to hand combat, which makes up most of the film's action. Combat highlights include for example the psycho talking close up face to face with one woman while blindly pointing the gun behind him at the other about six inches away, who obligingly simpers in the line of fire.<br /><br />In the end, the family of three abandons the metropolis-sized ship they were planning to use to observe the supernova until the last instant because it is too slow to escape the blast wave, instead using the psycho's fighter ship which they've refueled in one minute with 1600 pounds of gas propellant from a 0.7-kiloton missile. You have to love those hard sci-fi statistics! <br /><br />As long as Hollywood treats writing as an irrelevant frill, they'll continue making movies not fit to run at 3 am on the Sci fi channel.",negative
"This has to be some of the worst direction I've seen. The close-up can be a very powerful shot, but when every scene consists of nothing but close-ups, it loses all its impact. <br /><br />Tony Scott has some very beautiful scenery to work with, the backdrops of Mexico, the cantinas, the beautiful estate where Anthony Quinn lives, and the dusty towns Costner rolls through on his journey for revenge. Unfortunately we only catch quick glimpses of these places before the camera cuts to a picture of a big, giant head. Even the transition scenes where Costner is driving alone across Mexico quickly cut to a close-up. <br /><br />The score is over-dramatic and intrusive, dictating every emotion we should feel. The story itself should have been handled much better. Among other things, too many people pop up out of nowhere to help Costner along - it's just bad writing. <br /><br />It's a typical thriller storyline, but many others have taken the same premise and done outstanding things with it. Costner's No Way Out had a somewhat similar storyline, but it was a much better movie. <br /><br />The ending was completely anticlimactic and suffered from the most melodramatic scoring of the film. This movie was never going to be great, but if we saw more of Mexico and less of giant heads this film might have been watchable.",negative
"I really enjoy this movie. The first time it was on Turner Classic Movies. All the actors did very well but Brynner steals the show again like always ( he is so sexy!).This is one of the movie that you do see Brynner's emotions. Actually this movie this is the first I ever seen him laugh because he plays very strong, larger-than-life and serious roles in other movies. In this movie you see both a masculine, tough and sensitive side of Brynner .Brynner seems to be a ""ladies'man"" in this movie.That is amazing how Brynner eats the glass cup and speaks in his Russian tongue it drives me crazy in love. I don't understand when both Brynner and Kerr ( they both have very good chemistry) stars in a movie together and then Brynner always die at the end it kind of reminds you ""The King and I"" in a way.",positive
"<br /><br />This film is a summary of Visconti's obssessions: the decadence of nobility, death, aesthetic search, homosexuality...All mingled with melancholic mastery. Slow-paced just to make you abler to contemplate all its beauty (which is in the music and the images as well as in the story)this is the type of film we are not allowed to enjoy anymore, brave, deeply personal and intelligent. The genuine fruit of a genius like Visconti.",positive
"THE ATTIC starts off well. The somewhat dreary story is helped greatly by the two main actors and there's a semblance of a character study going on here but the film goes downhill fast when Carrie Snodgress' character buys a monkey. Not one of those cute little monkeys. She buys a real big chimpanzee!!!<br /><br />This sudden plot device basically kills the movie. It's just not conceivable for a woman like the one Snodgress plays, who has a hard time doing anything because of her domineering father, for her to, out of the blue, buy a chimpanzee. I mean, come on! Forget about it!",negative
"This movie will always be a Broadway and Movie classic, as long as there are still people who sing, dance, and act.",positive
"I am not a usual commenter on this website but seeing how underrated this movie is, I endeavour myself to write some comments and remarks about it. I had fun watching this movie, perhaps because Cat is everything I wish I could be, I am not going to post spoilers or reveal plots but there's are things that i really found amazing, the way she manipulates people it's just so divine. this is a very underrated movie, I lack of arguments here, I usually go enjoy and then speak little about it, when you go to the movies is to have fun, and i really enjoyed the 1h53 i stayed in the dark room. a must seen over and over again until the delight fades away. let's try not be so critical about it. thank you for reading.",positive
"Definitely, definitely the worst film I've ever seen, no questions asked! Contradictors of this opinion might argue that this title should not be judged by the same criteria as others, since it's an independent, low-budget film, but c'mon already  the amateurism and meager innovation is horrifying.<br /><br />Agreeing with everything that has been said about this film, for example the mind numbingly weak acting (when it's this bad you take another go at shooting the scene, god damn it), the thing I found the most annoying was the total lack of common sense in the script, assuming such a thing existed during the production. There was an obvious absence of a dialogue with respect for the viewers, the girls switched personalities several times and they seemed to show absolutely no sing of any rationality or even brains - five relatively fit girls against one slight female psychopath  gang up on her, why don't you?<br /><br />The only thing that can be regarded as somewhat of a conquest for this title is the camera not leaving the van at any time thus the viewer seeing everything from inside it - which is, as the rest of the film, a good idea executed exponentially dreadfully.<br /><br />oh and by the way, this movie is NOTHING like The Blair Witch Project or Cloverfield or any other title filmed with a hand-held camera  this is an effect and not a trait! Used cleverly it can be breathtaking, but in this case it's an excuse for inadequate cinematography.",negative
"Being a huge die-hard Monkey Island fan, I fugured this one would be terrible since Ron Gilbert didn't make it. Boy was I surprised! Although it's still not as good as the first two, it has the comedy that I wanted. I was a little nervous about the new graphics, new SCUMM engine, and just the fact that it was on a CD. But it all came together, and it was interesting to finally hear the voices of your favorite characters. I especially enjoyed that SWORD FIGHTING had returned. And the whole story about finding the big uncursed ring was just incredible. Go ahead and try out this two-CD adventure. And now we can rejoice, because Monkey Island 4:Escape from Monkey Island is coming out REALLY REALLY soon! This fall!",positive
"I can't believe that I actually sat thru this entire film. A friend rented it because the jacket made it sound good. In it's defense, the jacket was correct; there was a supposed haunted room that someone slept in overnight. From the jacket, it sounded like this was on par with Freddy, Jason, or maybe ""The Shining."" It couldn't be farther from the truth.<br /><br />If you are a fan of minimalist and/or surrealist films, you may enjoy it. If you're looking for a good fright movie, or a couple of thrills, go rent Jason vs Freddy IV -- you'll have a much better night.",negative
"In the opinion of several of my friends and family members, including myself, this is the finest of the entire gamut of Tarzan movies. Johnny Weissmuller never played the part as well in the following issues in the series. It definitely rates a ""10"" in my collection of films.",positive
"Awesome Movie! Great combination of talents! I'm a HUGE fan of David Duchovny and he is outstanding in this movie! I would love to see him in more movies of this nature. His talents are definitely under-used and has SO much more to offer besides ""Agent Mulder"" (although I'm a huge fan of that series too), Anyway, I want to see more of him. He is easily the Cary Grant of our generation. If you haven't seen this movie, you MUST! Great love story that shows love never dies... it's with you forever. Minnie Driver is great and how can you go wrong with a cast containing Mr. O'Connor and Mr. Loggia and Mr. Belushi? This movie didn't get any type of awards nod, but deserved one. Great job Bonnie Hunt! ** By the way... the soundtrack is great too! **",positive
"this is film is probably one of the best i've seen so far. i would put it only second to All About Lily Chou-chou because it kind of gives me the same vibes....'9 souls' is about 9 prisoners who have just escaped prison to go and find some counterfeit money stored in a time capsule at Mount Fuji Primary School. they later find out that there wasn't much there and set off on their own ways. the first half of the movie is just a time for the characters to be introduced and for the main points to be stated. it is a comedic yet serious part of the journey. the second half, moved me to tears. as the movie progresses, each character goes and tries to fulfill their dreams, but unfortunately ending somewhat badly. in the end only 2 of the 9 escapees are left. the way that each character left the scene was very sad and you will probably feel tears in your eyes. a beautiful film directed fantastically. this is a movie for people who have enjoyed Toshiaki Toyoda's other films such as 'Blue Spring'.",positive
"Bled is a very apt title for this As you watch it you will feel your life being bled from you . The cliché in horrors is about people doing exactly what they shouldn't ( going down into the basement or going up into the attic) Then the trouble ensues Take heed then DON'T watch this film .Show the brains that victims in horror movies never do Stay clear Do not enter .And if you need anymore incentive This film? is as bad as the worst Uwe Boll film I mean ,The house of the dead bad. I have often thought about entering a review of a film on I.M.D.B. and ,after watching some based on the comments herein ,I discovered I guess everyone's entiled to his/her opinion. Please trust me on mine",negative
"This is a gently amusing coming-of-age comedy that comes from the later, more mature period of Neil Simon's writing. Although there are plenty of wisecracks to go around, this is not one of those Neil Simon pieces where every character spouts out one-liner jokes for 2 hours like they're guest stars on a Bob Hope special. There are also dramatic elements (some work, some are overkill) that lend some weight to the story.<br /><br />The performances are good across the board, especially Blythe Danner as the mother (although she and Judith Ivey were oddly WASP-ish choices to play Jewish women). I've never been a fan of Jonathan Silverman, but I will say that he hits the right notes as the obnoxious, gawky, and totally horned-up teen-age narrator/protagonist of the story.<br /><br />The movie is very similar in tone to Woody Allen's ""Radio Days,"" but the latter is far more imaginative and funny than this one.",positive
"Just like all of Mel Brooks' other comedies, Men in Tights is hilarious. But in seeing this as an outrageous comedy, I think many fail to realize that the reason the movie is so funny is that the characters themselves are acted so well. Elwes is the well-spoken former British noble, Lewis is an eternally annoyed king (I hope it's worth all the NOOOOOOIIIISE!), DeLuise is a FANTASTIC godfather, Roger Rees is a worried and cynical sheriff.... The actors and actresses are so loyal to their parts that the jokes flow forth with ease. Yes, we've seen this kind of comedy before, but the only comedy to achieve better character development, in my opinion, is The Big Lebowski. Very very funny.",positive
"-may contain spoilers-<br /><br />Clearly, who ever made this film must have had a lot of connections. I just can't see it any other way. What really surprises me is no one used the name Allen Smithee, and more surprising, everyone involved didn't use this name.<br /><br />Anyhow, where to begin. The bad dialogue, the crummy costumes, the sorry looking film stock, the unintentional comedy, the over-the-top characters, and more inconsistencies than George W. Bush's college career. I don't know what was funnier, the guy losing his arm because of a snowball, or the slow motion scene where all the baby Jack Frosts' were getting killed. Also, one of the great lines of all time was uttered in this film. ""How do we know it's him?"" Like there's another mutant snowman who can talk and kill people with snowballs! A great camp film, but a very bad film overall.",negative
"Film version of Sandra Bernhard's one-woman off-Broadway show is gaspingly pretentious. Sandra spoofs lounge acts and superstars, but her sense of irony is only fitfully interesting, and fitfully funny. Her fans will say she's scathingly honest, and that may be true. But she's also shrill, with an unapologetic, in-your-face bravado that isn't well-suited to a film in this genre. She doesn't want to make nice--and she's certainly not out to make friends--and that's always going to rub a lot of people the wrong way. But even if you meet her halfway, her material here is seriously lacking. Filmmaker Nicolas Roeg served as executive producer and, though not directed by him, the film does have his chilly, detached signature style all over it. Bernhard co-wrote the show with director John Boskovich; their oddest touch was in having all of Sandra's in-house audiences looking completely bored--a feeling many real viewers will most likely share. *1/2 from ****",negative
"Wealthy widower Anthony Steffen (as Alan Cunningham) is a sadomasochistic lover, and British Lord. He brings sexy red-haired women to his castle, where he whips and murders them. Black-booted stripper Erika Blanc (as Susie) gets away, temporarily. Mr. Steffen is haunted by wife ""Evelyn"", who died in childbirth. As therapy, he decides to marry again, after meeting pretty blonde Marina Malfatti (as Gladys). By the end of the movie, they will have had to dig a few more graves. ""The Night Evelyn Came Out of the Grave"" is great title, at least.<br /><br />** La notte che Evelyn uscì dalla tomba (1971) Emilio Miraglia ~ Anthony Steffen, Marina Malfatti, Erika Blanc",negative
"At the time, ""My Left Foot"" was the little movie that could. It was hugely popular, and everyone applauded the fact that such a small, independent film could make it all the way to the Oscars.<br /><br />Since then, movies like ""My Left Foot"" are a dime a dozen, so it might be hard in retrospect to understand what all the fuss was about. It's certainly a well made and competent film, but it's clear that the bulk of its success rests on the shoulders of Daniel Day-Lewis, who immerses himself in the role of Cristy Brown, a man living with cerebral palsy. Day-Lewis pulls off the same bit of stunt acting that had won Dustin Hoffman an Oscar the year before for playing a man with autism in ""Rain Man,"" and the Academy followed suit by giving Day-Lewis the same honor.<br /><br />The only thing really separating this film from a big budget Hollywood production is just that -- its budget. In every other way it's just as formulaic as any standard product. That's not to say it isn't a good movie, but it's not a masterpiece.<br /><br />Grade: A-",positive
"This is a great example of a good, dumb movie. No, it is not high art by any means. Nor is the script anywhere close to a Woody Allen or Mel Brooks. BUT SO WHAT! The Killer Tomatoes series (four movies and a cartoon series) are basically good-natured romps gleefully trampling on the kind of territory the Zuckers ruled before they switched to making serious flicks.<br /><br />As the title suggests, this fourth installment of the Killer Tomatoes trilogy deals with the Killer Tomatoes plot against France. In this case, Professor Gangrene (John Astin's 3rd time in the role) has a plan to rule France through an ancient prophecy about the return of the rightful King of France. Steve Lundquist returns as Igor, a humanoid tomato who wants to be a sportscaster and who just happens to be a dead ringer for the long-lost true King of France. Obviously he also plays the aforementioned l-l t K of F, happily skewering the French language.<br /><br />Opposing them is the fearless Fuzzy Tomato (like the others, FT was introduced in the second film and would be a main character in the cartoon) and his human allies. Mark Price, recently unemployed as a result of the conclusion of the FAMILY TIES series, plays a thinly disguised version of himself, passing himself as ""Michael J Fox"" as a way to win the girl of his dreams. And Angela Visser is a dream as Marie, gleefully bouncing between unabashed virginal sexuality and borderline psychosis. Oh that the former Miss Netherlands had had more of a film career! Another returning member of the Killer Tomatoes stock company is Rick Rockwell (now best known as the hapless title subject of ""Who Wants to Marry a Millionaire?""). Like co-creator John De Bello, Rockwell works both in front of and behind the camera in this series.<br /><br />What can you say about Jon De Bello? Not much, really, except that he had a singular vision and managed to pull it off and, having done that, has apparently dropped into obscurity. John, if you ever see this, thanks for giving us the Killer Tomatoes.<br /><br />The script is heavily but not obnoxiously aware that this is just a movie. Like RETURN OF THE KILLER TOMATOES, the action occasionally veers off the set and into the middle of the film crew. And Mark Price has a funny forum to complain about his own lack of success compared to his former costar Michael J Fox. This is the biggest budgeted of all the Killer Tomatoes flicks and is a nice send-off to the series. Okay, the show then moved to Fox Kids as a cartoon series (which was also quite clever), but cartoons just aren't the same.",positive
"I have to say this is the worst movie that I have ever watched in my life, I cannot believe that I wasted $10 at blockbuster ; this movie should be burned and who ever thought of it has issues. Who ever actually spent money to make this movie was insane =D This movie has TERRIBLE actors and some of the scenes make absolutely no sense. Well, the whole movie doesn't make sense. Also the part where those ""men"" come into the diner ( department of national securities )that happened to be the worst part of the film. How dare they say Frank Sinatra's name in vain? Also, what is up with those glasses? When the guy and girl are in the car and she ""drinks"" water, you can totally tell that she isn't even drinking! Also, what is up with the freaky dinner guy. And everyone knows that you don't stab tires, you slash them.",negative
"Definitely a very good idea,screenplay was just OK.Could have been better,The positives are that it doesn't bore you if you're an adventure lover,A new idea about the lost world of Atlantis.Negatives are that I personally feel that this idea had so much more potential than this.They should've ended up with a better adventure than this.It wasn't bad at all but it would have been much better with some more runtime.Enjoyed it a lot though,Cant say that it was boring or wasn't good..A good one for the people who like adventure animations like Sindbad,like The road to el Dorado.This movie is also recommended for people looking for a nice little adventure with a very nice happy ending.",positive
"Skip McCoy is a three time loser pick pocket, unable to curb his instincts back on the street, he picks the purse of Candy on a subway train. What he doesn't realise is that Candy is carrying top secret microfilm, microfilm that is of high interest to many many organisations.<br /><br />Director Samuel Fuller has crafted an exceptional drama set amongst the seedy underworld of New York City. Communist spies and shady government operatives all blend together to make Pickup On South Street a riveting viewing from first minute to the last. Based around a Dwight Taylor story called Blaze Of Glory, Fuller enthused this adaptation with heavy set political agenda, something that many at the time felt was over done, but to only focus on its anti communist leanings is doing it a big disservice.<br /><br />Digging a little deeper and you find characters as intriguing as any that Fuller has directed, the main protagonist for one is the hero of the piece, a crook and a shallow human being, his heroics are not born out of love for his country, they are born out of his sheer stubborn streak. It's quite an achievement that Fuller has crafted one of the best anti heroes of the 50s, and i'm sure he was most grateful to the performance of Richard Widmark as McCoy, all grin and icy cold heart, his interplay with the wonderful Jean Peters as Candy is excellent, and is the films heart. However it is the Oscar nominated Thelma Ritter who takes the acting honours, her Moe is strong and as seedy as the surrounding characters, but there is a tired warmth to her that Ritter conveys majestically.<br /><br />It's a B movie in texture but an A film in execution, Pickup On South Street is a real classy and entertaining film that is the best of its most intriguing director. 9/10",positive
"FIVE STAR FINAL was one of the best films of the early 1930s. It starred Edward G. Robinson and was a very gritty story about a sleazy newspaper and their willingness to do anything...ANYTHING to sell newspapers. In particular, an old story of an innocent woman is plastered across the pages and helps to destroy her now happy life--many years after she was inadvertently involved in a scandal. The reason I loved the film so much was that it was unflinching and pulled no punches--showing just how low the publishers can be to sell papers.<br /><br />Here in TWO AGAINST THE WORLD, it is a remake of FIVE STAR FINAL--with a few changes. Instead of Robinson, this film stars Humphrey Bogart and he is the head of programming at a radio station, not a newspaper. Otherwise, the story is essentially the same--except that it's a bit less edgy and lacks some of the grit and sensationalism of the original. This isn't to say the film is bad--it just doesn't pack quite as good a punch as the first film. In other words, if you must see one of these films, see the first--though this film is quite powerful and enjoyable as well. As for me, I loved the story so much, I saw both films and enjoyed them both.<br /><br />TWO AGAINST THE WORLD begins with the UBC radio owner complaining to his programming head (Bogart) that all the ""high brow"" shows he's put on are getting low ratings. The owner demands muck--lots of muck in order to get more listeners. One way they discuss is to do a multi-part dramatization of a famous killing that occurred two decades ago--even though the killer was acquitted and she killed only in self-defense. However, they decide to play up the story as if she was guilty and they even go so far as to both send a writer to the lady's home pretending to be a minister(!) as well as broadcasting her current name and whereabouts. Needless to say, this ruins the woman and leads to a horrible tragedy. Then, and only then, does Bogart feel any real remorse for producing such garbage--leading to a dandy finale about journalistic integrity and decency.<br /><br />Well-acted, a great story idea and a message that is just as important today as it was back in the 1930s, this is one story you have to see. In particular, notice the wonderful and very emotional confrontation scene where the daughter attacks the owner and Bogart---it is one heck of a great example of acting and writing.",positive
"When I first watched this show on Cartoon Network, I found it uninteresting. Then I read a lot of good messages about this show, and I decided to watch it. The show was so boring. Each episode was predictable. More, this show has no logic. Hypersmart girls, who are going to school and sometimes do such stupid things, 99% of episodes start with a Monster attacking Townswille, then Mayor (he is a real fool, he is NOT funny, he is so stupid, that I can't imagine how he became a Mayor). Professor, yes, supposed to be the smartest person in this show, but actually... He even found no difference between monster and his brother. Narrator's comments also make this show boring. Because they also have similar lines in the beginning of each episode and in the ending. Also the animation is very strange. Everything except main heroes is shown in an ugly way. Also in every epsode this show is giving you some life-lessons, and it means that it is oriented on little children, but if you look closer, you will see, that there is a lot of violence and even blood(!!!) during their battles.",negative
"Much like the comedy duo of its title, ""The Sunshine Boys"" has become a forgotten classic 30-odd years later. It's hardly mentioned alongside other great film comedies of the 1970s. This makes no sense given the singular specialness of this film, perhaps the best Neil Simon ever wrote.<br /><br />Walter Matthau plays Willy Clark, once half of a legendary vaudeville comedy known as Lewis and Clark, now a bitter 73-year-old solo act who can't get a job in a potato chip commercial. His nephew and agent Ben (Richard Benjamin) is sure he can get work if Willy will only agree to reunite with his estranged partner Al Lewis (George Burns) for an ABC-TV celebration of show business nostalgia.<br /><br />Nostalgia is what ""Sunshine Boys"" has going for it in spades, right from the start when a series of 1920s film clips showcasing various entertainers from long ago flickers before us to the accompaniment of Cole Porter's ""Be A Clown"". Then there's the film's present-day setting in Manhattan, where flared trousers and wide polyester ties abound. The periods collide in Willy's glorious mess of a Manhattan apartment, where framed photos and cartoons of long-dead celebrities stare out from the walls at lurid tabloid headlines and empty Zabar grocery bags. If you were alive in the 1970s like me, you might even feel like you were in that apartment.<br /><br />Willy clearly has been living there too long. He's sleeping in front of the television when the kettle in the other room boils. Willy wakes up and picks up the phone.<br /><br />""Hello, who is this?"" A pause. ""Never mind, it's the tea.""<br /><br />Old men living alone can be sad material in almost anyone else's hands, but Simon's deft wit and unerring feeling for character turns this adaptation of his 1972 stage hit into comedy gold. The amazing thing about ""The Sunshine Boys"" is how much it rubs your noses in Willy's almost existential condition without turning you off at all. ""89 years old and just like that, he dies of nothing'"" Willy says of one old songwriting friend, before deciding the man probably died from writing a song that rhymed ""lady"" with ""baby"".<br /><br />Burns won an Oscar for his understated performance as the gentle but steely Lewis, but it's Matthau who brings this one home, his make-up and proud but ragged bearing really selling you on the idea he was already 73 when he made this. Willy is obnoxious in the extreme, fully deserving Ben's description ""crazy freakin' old man"", but you root for him throughout, enjoying his small victories even when they come at the cost of others' patience. His lines kill you, too, especially when he's trying to kill Lewis, for whom the TV reunion turns out to be a bad idea.<br /><br />""You're out of touch!"" Willy tells Lewis at one point. ""I'm still in demand. I'm still hot!""<br /><br />""If this room was on fire you wouldn't be hot,"" Lewis replies.<br /><br />Director Herbert Ross shoots everything in a very casual and understated way, with low lighting and mid-range shots even in emotional moments so as to leave room for the comedy and the film's overall zen message of grace through quiet acceptance. You never get the feeling you are watching a movie, one of ""The Sunshine Boys"" many charms, and Ross's direction, like the acting of the three principals, goes a long way toward achieving that end.<br /><br />Comedy is hard, especially when the subjects are people watching life pass them by, but ""The Sunshine Boys"" makes it all seem a pleasure, because, for us watching, it is.",positive
"Maybe it's just a personal affection for this screen version of the Mika Waltari novel, or a fondness for things Egyptian (I grew up loving to visit the mummies in Boston's Museum of Fine Arts) but I think Maltin is a tad tough on this rather good film. The production values are great regarding color and cinematography, and it appears some effort went into historical authenticity (much of it from the novel, I'm sure). Purdom is admittedly a bit stiff in the lead role, but one can accept this as part of Sinuhe's character. Victor Mature is, well, Victor Mature. Peter Ustinov is a delight to watch in this type of role, which he always did so well and so wittily. Bella Darvi's performance as Nefer is classically camp, and I find even Michael Wilding's rather dry portrayal of Akenaten to have its own appeal.<br /><br />The historical oddity of Akenaten's monotheism, a brief detour in ancient Egypt's theological history, is interesting, as is Akenaten himself, and well worth reading about; the religious wars portrayed here have a basis in fact.<br /><br />An interesting footnote regarding Darvi, whose birth name was Bayla Wegier: she was a Polish emigre who producer Darryl Zanuck and his wife Violet took under their wing (I believe they may even have adopted her). Her screen name Darvi is formed from Zannuck's and his wife's first names. She continued her acting career in France, but never achieved great success and, after a rather unhappy life, died at her own hand in 1971.<br /><br />Altogether this is an interesting film and enjoyable to watch for the visual values alone. American Movie Classics shows this occasionally in letterbox, which is essential to capturing the scope and sweep of the story.",positive
"This is what I was expecting when star trek DS9 premiered. Not to slight DS9. That was a wonderful show in it's own right, however it never really gave the fans more of what they wanted. Enterprise is that show. While having a similarity to the original trek it differs enough to be original in it's own ways. It makes the ideas of exploration exciting to us again. And that was one of the primary ingredients that made the original so loved. Another ingredient to success was the relationships that evolved between the crew members. Viewers really cared deeply for the crew. Enterprise has much promise in this area as well. The chemistry between Bakula and Blalock seems very promising. While sexual tension in a show can often become a crutch, I feel the tensions on enterprise can lead to much more and say alot more than is typical. I think when we deal with such grand scale characters of different races or species even, we get some very interesting ideas and television. Also, we should note the performances, Blalock is very convincing as Vulcan T'pol and Bacula really has a whimsy and strength of character that delivers a great performance. The rest of the cast delivered good performances also. My only gripes are as follows. The theme. It's good it's different, but a little to light hearted for my liking. We need something a little more grand. Doesn't have to be orchestral. Maybe something with a little more electronic sound would suffice. And my one other complaint. They sell too many adds. They could fix this by selling less ads, or making all shows two parters. Otherwise we'll end up seeing the shows final act getting wrapped up way too quickly as was one of my complaints of Voyager.",positive
"I saw ""Sweeney Todd"" on Broadway in 1980. It starred George Hearn and featured most of the other cast principals who appeared in the national touring company production, which was videotaped for TV in Los Angeles in 1982. Last night I watched the new DVD release of the Los Angeles production, although I have owned the videotape for many years. The production and the performances could have hardly been better but the original tape's age showed because both the audio and video quality are below modern standards, even on a newly pressed DVD. Nevertheless I still give it 10 out of 10 because of the greatness of the work and George Hearns's and Angella Lansbury's startlingly wonderful performances. Even today, my most memorable recollection from a live musical theater performance has to be Hearn's rendition of ""These are My Friends."" ""You'll drip rubies,"" brrr.",positive
"This is one of the best and moodiest Vampire Tales ever! I love this movie really. The character are great, even the locations and the story. Indeed the Picture isn't a big budget production, but it is absolutely worth seeing.<br /><br />OK there are some faults (especially the Names of the Castle and the Locations) in this movie, but such mistakes are typically and are almost in every Horror Movie.<br /><br />The scenery fits perfect to the story and is close to reality,I can say that honest, because I visit them once when I was in Romania in my Vacations.<br /><br />In my opinion this is the Best Part of the Subspecies Series.",positive
"There really isn't much to say about this movie....it's crude, but fun.<br /><br />Plot outline (From IMDB)<br /><br />_____________________________________<br /><br />Two losers from Milwaukee, Coop & Remer (Parker & Stone), invent a new game playing basketball, using baseball rules. When the game becomes a huge success, they, along with a billionaire's help, form the Professional Baseketball League where everyone gets the same pay and no team can change cities. Coop & Remer's team, the Milwaukee Beers is the only team standing in the way of major rule changes that the owner of the Dallas Felons (Vaughn) wants to institute.<br /><br />_____________________________________<br /><br />The Acting is pretty good, since there arn't many big stars in this movie. Although I am not a big fan of 'Southpark', Parker and Stone do a pretty good job in their first real movie. <br /><br />There are so many funny moments in this movie I can't come close to naming them all. It never really lets up, and they don't try to put some cruddy drama in to make it more serious. <br /><br />And my favorite aspect of this movie: The Soundtrack. It's GREAT. I especially like ""Take me on"" and ""Beer"" by Reel Big Fish. Very underrated.<br /><br />Overall, a crude, but extremely funny, movie. 10/10<br /><br />James ""Black Wolf"" Johnston",positive
"I can't add much to what has been said already, except I'm going to have to because of the 10 lines minimum policy.<br /><br />I've actually got this on a VHS-to-DVD copy, but the quality is quite poor and I desperately need for it to be officially released.<br /><br />I can just imagine what extras I would like to see (Tim Healy's character swearing his way through one of those 'Football Bloopers' type programmes would be great!). You can imagine it now, can't you? But of course, it looks like most people will have to carry on dreaming about a DVD release.<br /><br />Surely to God there must be someone in the DVD releases department at ITV who also knows something about British culture, is web savvy and has enough about them to look at IMDb now and again? Oh, well.",positive
"There's so many negative reviews about ""Stay away, Joe"" in here I just can't stay quiet any longer and let this injustice happen. Here's a side you haven't heard yet.<br /><br />Elvis Presley's movies are my guilty pleasure for a simple reason: they are perfect films for a pure relaxation because I don't have to think when I watch them. That means I don't have to worry about missing a complex plot because there never is a proper plot to start with. I can just kick off my shoes, grab a beer, sit back, switch off my brains and enjoy all the general wackiness and catchy easy-going rock n' roll tunes from the grooviest decade of them all.<br /><br />In my books ""Stay away, Joe"" definitely falls into the ""so bad it's good""-category. Now if you're like me and appreciate ""the trash value"", this is the ultimate 1960's camp experience. It's so bad that it's almost surrealistic to watch and just when you think that it can't possibly get any worse it surprises you in the most imaginable ways. In the end you're so amazed by all the new levels of stupidity you just don't know whether to laugh or cry. In a nutshell: I love it because it's so damn amusing that there once was a generation that actually made films like this. I still give it 1 out of 10 though - once it hits the bottom 100 it will became an instant bad movie classic.",negative
"Robert Downey Jr. in a 17th century wig and dress was enough to make me shudder, but I couldn't believe a great actor like Sam Neill actually took a part in this movie. The whole thing was unbelievable. I especially like Merivel's ""cure"" for the crazies. They dance...and hey presto! everyone's happy and they're all better! I guess I just didn't like the character Merivel too much. Therefore, watching a whole movie about his supposed transition from a whoring buffoon into a great physician was grueling. <br /><br />Also, I'm not entirely sure, but I didn't think the plague as well as the famous fire of London took place simultaneously.",negative
"This movie is more deceiving than ever, using a suspenseful looking actor like Walken to play in this piece of junk made it look like he had nothing better to do than play a boring role like this one! And the fact that the movie was supposed to be about some witch and you really don't see that until almost the end of the movie but meanwhile you have to sit and watch this boring film while it gets, or tries to get to the meaning of the point and you have to go through this whole trail of boring actors and actresses thinking the whole time of how you passed off another movie and decided on this one and how you have just waisted your money just makes the whole point of time useless sitting there. I'd rather watch cartoons for goodness sakes. Leave this one alone,please!",negative
"I agree with what so many others have said about the shallow and offensive nature of this film's examination of racism. It is baffling to me that so many people seem to have been fooled by its pretentiousness. I want to comment on the Matt Dillon character as an example of what's most infuriating about this movie. Here we have a man who -- contrasted with the film's underlying message that ""we're all a LITTLE racist"" -- effectively rapes a woman in public, cruelly humiliating her husband and deliberately goading him to make a move that, as he well knows, will lead to his arrest or even death. He does all this after pulling the couple over without any legal cause but because, as we come to understand, they are black and wealthy and he is a hurt little boy who is now the police and can therefore do as he pleases. This behavior is not a LITTLE racist. This behavior is evil. It is disturbing to me that this extreme of racism is held up next to another character's behavior -- spouting her paranoid stereotypes about gang violence -- to illustrate that everybody's a LITTLE racist. Later, we're spoon-fed some tripe about Dillon's poor old dad and how black folks drove him into the poor house. Is this supposed to explain, or worse, excuse this behavior? And is Dillon's character meant to redeem himself by committing the utterly unmotivated and unbelievable, laughably coincidental act of saving the woman he sexually assaulted the very night before? Please. The fact that so many people seem to feel some kind of self-congratulatory admiration for this film makes me feel sad about the shallowness of our understanding of racism, and our apparent lack of commitment to condemning and ending it.",negative
"For me, North and South (Books I&II) is the ultimate TV series of the 80's. Just spotting all those cameo appearances was highly entertaining.Gene Kelly, James Stewart, Elisabeth Taylor, Olivia De Havilland, Robert Mitchum, even Johny Cash¡ No series has come close to this achievement.Have you ever seen anyone looking like Lincoln? Dick Smith's prosthetics made Hal Holbrock's powerful performance even more so. The crafted costumes, the jaw dropping locations, everything. It's clear that nowadays there are excellent and bright TV series (Desperate Housewives, Lost,24) but North & South was, and still is, one of its kind. Don't miss it. Only David Carradine's portrayal of the ultimate villain (you may call him just violent husband) worths the viewing. Maybe some characters and situations are too stereotyped, I admit it but the positive sides clearly cast a shadow over them. I'm so glad that finally is available on DVD in Spain.",positive
"It is a real shame that nearly no one under 30 knows the ""over the top"" writing of Michael O'Donoghugh- magazine articles and SNL skits that were genius for the time...and so it is a true shame that anyone who may take the opportunity to research his work will no doubt take the easy way out and watch videos- thus leading them to MR MIKES MONDO VIDEO. <br /><br />This movie has clever elements that never fully connect to the funny bone. The viewer experiences such things as cat diving/swimming with the man who thinks he's found feline happiness by hurling these kittens into a pool which the camera follows in slow motion and montage sequence. Then we are taken to an island to where all past fads are retired (hula hops, pet rocks, rainbow dread wigs etc.) Then we enter the music world (punk was a new variety of music at the time of this film) where ""D"" rate bar performer Rootboy Slim performs ""boogie till you puke"" in his own lazy style of dirt and eclectic sleaze. Now the real beauty of all this is the back ground music. In many different styles with many different instruments the sound of TELSTAR plays and replays- for those who don't understand Telstar was the first American Satellite launched into space and the theme was created to celebrate mans genius and triumph. MR MIKES seems to have been meant as a signal of societal decay ridiculous wastes. Now one thing the theater offered that the video release does not was a live performance of Sid Vicious (ex sex pistol not the wrestler) singing MY WAY. His version is very different than Sinatras as one might imagine but frankly I feel it is very much worth the listen...it's good! That is the sad part- in the VHS release Paul Anka refuses the rights of his song and the viewer is forced to experience 3 1/2 minutes of silence with an explanation rolling across the image of the singing dead sex pistol. <br /><br />I would give the theater release a 5 or 6 the video is closer to a 4 and now that so much is passé I can see where many people would give it a 3 or 2.5. If you want to see a good O'Donoghugh script watch SCROOGED...it is a better tribute to the mans insight and talent.",negative
"This should be re-named ""Everybody Loves Sebastian"". The 1983 rural go-nowhere town high school junior (or senior? - they seemed to flip flop on that one) with weird hair and ""Leo-like"" good looks has a big plate full of issues. His step-dad announces definite plans to have a sex-change operation, upon which his mom calls the marriage quits; Sebastian is called the ""f"" word by everyone and their mother, all-the-while ""kissing around"" with various girls, getting high on Ready-Whip at a supermarket, and saving a ""strawberry"" prostitute from the clutches of her ruthless pimp.<br /><br />Sebastian's ""buddies"" make Eddie Haskal look like a choir boy; bad association doesn't get much worse. Sebastian seems to go for ""Harold's"" suicide attempts record (although he won't admit suicidal tendanccies). For no apparent reason the genius level SAT scoring Sebastian MUST graduate a year early, although he has no clue about the future, nor does he want to attend college (what gives with this nonsense?).<br /><br />This film is a look into a few weeks in the life of someone who is PRETTY MESSED UP. The final scene suggests that things will be alright, although the HOW is left entirely up to the viewer.<br /><br />The makers of this film seem to bank solely on the undisputed appeal of the very attractive male lead. The ""story"" leaves a lot to be desired. Looking for ""what will this gorgeous kid do next...?"" doesn't exactly satisfy. The lackluster production values just don't measure up to other films, independent or otherwise. A low budget and weak story need more than a pretty face to carry it through. The ""results"" of this project are forgettable and an insult to intelligent cinema fans.",negative
"This film is a tapestry, a series of portraits of Rom communities woven together by music. It's very much a musician's film, because of the paucity of spoken dialogue - and what dialogue there is, is not important to the structure of the narrative. Some might expect a National Geographic tale of ""customs, dress, and music"" or a plot-line orbiting a few central characters - don't look for that here.<br /><br />This is because it paints a portrait of a family of peoples, rather than telling a story of individuals. The plot is the story through space (India to Andalucia) and/or/ time (we cannot tell) of a people. There is no need of narration. You get a sense of a joyous people, strongly linked in small communities where social interaction is very important. And a great sense of sadness in parts, at their rejection by society at large.<br /><br />So it's a paean to Rom culture, very beautifully shot, with a wide spectrum of Rom music, and a sting in the tail which is the oppression these people have faced, and still face.",positive
"Why, o' WHY! ...did I pick this one up? Well... i needed a no-brainer in the summer heat, and the cover looked cool.<br /><br />Of course I should've known better. This is a really, really bad movie. And it gets embarasing when the makers know it's bad, and try cover it up by adding some sexy/beautiful women, and some sex-scenes to it. Well, folks... it does'nt cut it, does it!<br /><br />If you WOULD like a cool movie about a big reptile that is actually very, very good, well-played and funny: go rent Lake Placid! (that is an order)",negative
"I tend to get furious when hearing about Lucio Fulci's reputation as a director. Too often he's categorized as a no-talented filmmaker, only out to shock and disgust entire audiences with images of pure gore. True, his films contain more explicit filth and sickness as your average mainstream American production, but his films always are of wide range and the plots are gruesomely morbid. Don't Torture a Duckling is yet another story! This film is a pure gem of the Italian shock cinema! I easily dare to call this film a masterpieceit's an old-fashioned giallo that includes all brilliant aspects of genuine horror. The film shows the search for a inhuman serial murderer in a small Italian mountain-town. The bodies of 3 young boys are found, horribly mutilated. There are quite a lot of pseudo-madmen in the town but every trail leads to nowhere. Among the suspects are a greedy bum and a scary woman, obsessed by witchery and voodoo. Like a true mastermind, Fulci knows to find the right creepy tone for his film. He portrays the small town as a claustrophobic and inescapable setting of macabre happenings, supported by a giddy soundtrack. Fulci also develops himself as a genius storyteller here. The script always is one step ahead of you and the complex plot will mislead you more than once. In other words, this is a unique giallo (horror slash murder mystery). The gore isn't presented as grotesque and explicit as in Lucio's later milestones (among them are the legendary Zombie 2, The Beyond and the New York Ripper), although there still are a few nauseating and hard-to-watch shock-sequences shown. <br /><br />Don't torture a Duckling is the most compelling and effective achievement Lucio Fulci ever brought forward and it easily ranks among the greatest Italian horror movies ever made. Right next to the masterpieces made by Mario Bava and Dario Argento. The film is fascinating from start to finish, some plot aspects are alarmingly realistic and the tension is adrenalin-rushing at all times! A must see for horror fans and an absolute priority for Italian shock-lovers!",positive
"I do admit that my review is from a 2006 point of view, nearly 30 years after the making of this movie and at the time of its conception, it may have been a brilliant horror/thriller movie.<br /><br />Beginning on Halloween night 1968, 6 year old Michael commits the brutal murder of his 18 year old sister. Michael is committed to a mental institution and 15 years later escapes and returns to his home town to murder again.<br /><br />From this point it is clear that the movie will follow a basic and rudimentary path that is highly predictable. The beginning of every scene is easily predictable in the way it will end whilst the music for each scene containing Michael (the murderer) is exactly the same throughout the movie, thus alerting the viewer to the likely events to follow.<br /><br />For the horror/thriller enthusiast, there is a severe lack of blood/gore compared to modern day films although I am not akin to the amount that is displayed in this day and age. A happier medium could have been found.<br /><br />From a half hour into the movie, not one scene is unexpected. The acting for a horror/thriller film is fairly typical of the era and thus lacks any punch for the modern day enthusiast.<br /><br />A positive for the film is its lingering camera shots and dark lighting which creates a frightening atmosphere. A second positive would be the character of Michael's doctor, who provides clues to the probability of where the story may lead.<br /><br />However, it is clear that the star, in Jamie-Lee Curtis, is in the infancy stages of her acting career and thus fails to provide a truly frightened central victim.<br /><br />It is hard for me to rate this film as it was in its day, but from other horror/thriller films of indeed the 80s and to a lesser extent, the 90s, it falls far short of a truly great horror/thriller film.<br /><br />I suggest you move on and find a classic from the 80s. Cheers!",negative
"I picked up the movie with no cover and not even knowing what it was, but when I watched it I laughed so hard. It is now one of my favorite movies of all time. Rusty and the guys created a masterpiece I would highly recommend this movie to any one with a sense of humor. Thank You Rusty for giving us something to laugh at.",positive
"I first saw Love in Limbo playing late on free to air TV about five years ago, and since then it's a movie I'll always remember warmly as one of those films you see and are forever influenced by.<br /><br />For the uninitiated, Australian film has a long history of making off-beat comedies about lovable losers, and Love in Limbo is a sterling example of this. Whilst Russel Crowe is the only name actor in it (although these days he's all a movie needs), the rest of the Aussie cast is good- he still steals the show as a nervous, nerdy, virgin loser though.<br /><br />The general premise is a lot like American Pie. A group of friends wanting to get laid and become men. As you'd expect, the entire movie focusses on this (with a sub-plot about the lead's mother and various other incidents), and is full of humorous situations that push it towards the inevitably sweet ending.<br /><br />If you enjoyed American Pie, don't expect this to be the same- but expect the same conventions to make appearances. Love in Limbo isn't a gross out romantic comedy- but it definitely has its share of laughs, fist pumping moments when the good guy wins, and the situations every guy, Australian or otherwise, can relate to.<br /><br />See it if you liked: American Pie, Almost Famous. Strengths: Good Aussie cast, easy to relate to, good perve value. Weaknesses: Predictable at points. My Rating: 8 out of 10",positive
"At first,this movie seems so bad that i almost fell in a trance the first time i saw it.It was like a bad dream.A cosmic bore.But i gave it a second chance,then another and another,etc...I finally got addicted to this film,due to it's dreamlike slow pace,wonderful natural sets,bathed in a mellow autumn light and especially the musical score,which is made of some 70's progressive rock and absolute exquisite folk songs by actor/singer/songwriter Derek Lamb(the Troubadour).You should notice the song about hazel wood,silver trout and lady vanishing in the air...,heard in the middle and near the end of the film.There are some carnal scenes in the beginning ,wich allow us to appreciate the natural charms of Elizabeth Suzuki.If that movie had been made by some ""repertoire"" directors like Bergman,Lars Von Triers or Jean-Luc Goddard,critics would have rolled on the floor,raving about that movie as if it were a cosmic masterpiece.I personally think this film is one million times superior to any of Fellini's cinematic sh#¤@t!Definitely not for the pretentious.",positive
"i can't believe how dumb this movie truly is. the storyline (written by keira knightley's mother) is what ruins the movie to the extreme. it is straight out dull, absurd, and makes absolutely no sense whatsoever...<br /><br />this movie lagged so bad for most of it, especially at the beginning. the story just kept going on and on about their everyday flirts with each other, often times seeming like a threesome. in this movie, you have an annoying deadbeat couple (the poet and his wife) who are complete total drunks from the start. the wife sleeps around with other men to make ends meet, while the poet is a pervert who thrives on cheap boos and women. the wife, who waaayyyyyy too quickly becomes friends with his former childhood lover (played by keira) suddenly gets jealous, knowing full well that the two were lovers since they were kids. something doesn't seem right here....i mean, come on... get with the program lady! what'd you expect.<br /><br />bottom line is: former lovers meet again with new wife embracing it, then gets jealous, then former woman lover gets married and her husband gets jealous, bombards the crazy drunk couple's home, crazy husband calls police, and they end up going to court for the man's attempted murder charges. that's it summed up in a nutshell...<br /><br />this movie had it's moments such as the quality and good acting by cillian murphy, but other than that, i cannot believe i watched it... i complained about it during the movie and some family members watching it with me fell asleep. i decided to give it a chance and i should have stuck to my first instincts.",negative
"I want very much to believe that the above quote (specifically, the English subtitle translation), which was actually written, not spoken, in a rejection letter a publisher sends to the protagonist, was meant to be self-referential in a tongue-in-cheek manner. But if so, director Leos Carax apparently neglected to inform the actors of the true nature of the film. They are all so dreadfully earnest in their portrayals that I have to conclude Carax actually takes himself seriously here, or else has so much disdain for everyone, especially the viewing audience, that he can't be bothered letting anyone in on the joke.<br /><br />Some auteurs are able to get away with making oblique, bizarre films because they do so with élan and unique personal style (e.g., David Lynch and Alejandro Jodorowsky). Others use a subtler approach while still weaving surreal elements into the fabric of the story (e.g., Krzysztof Kieslowski, and David Cronenberg's later, less bizarre works). In Pola X, Carax throws a disjointed mess at the viewer and then dares him to find fault with it. Well, here it is: the pacing is erratic and choppy, in particular continuity is often dispensed with; superfluous characters abound (e.g., the Gypsy mother and child); most of the performances are overwrought; the lighting is often poor, particularly in the oft-discussed sex scene; unconnected scenes are thrust into the film for no discernible reason; and the list goes on.<br /><br />Not to be completely negative, it should be noted that there were some uplifting exceptions. I liked the musical score, even the cacophonous industrial-techno music being played in the sprawling, abandoned complex to which the main characters retreat in the second half of the film (perhaps a reference to Andy Warhol's 'Factory' of the '60s?). Much of the photography of the countryside was beautiful, an obvious attempt at contrast with the grimy city settings. And, even well into middle-age, Cathering Deneuve shows that she still has 'it'. Her performance was also the only one among the major characters that didn't sink into bathos.<br /><br />There was an earlier time when I would regard such films as ""Pola X"" more charitably. Experimentation is admirable, even when the experiment doesn't work. But Carax tries nothing new here; the film is a pastiche of elements borrowed from countless earlier films, and after several decades of movie-viewing and literally thousands of films later, I simply no longer have the patience for this kind of unoriginal, poorly crafted tripe. At this early moment in the 21st century, one is left asking: With the exception of Jean-Pierre Jeunet, are there *any* directors in France who know how to make a watchable movie anymore? Rating: 3/10.",negative
"Wow, what a strange film. It's a David Lynch movie so it's no surprise that it is weird. <br /><br />I defy anyone to totally explain everything in this film. I can't be done. After some research following my second viewing of this film, I pretty much know most of the story but on a first look, and with no aid from other reviewers or outside help, it is hard to figure things out. So, if you're in that boat and was confused, don't feel bad; that's normal. Let me just say the key to the film is Naomi Watts' character.<br /><br />At any rate, I find the film fascinating. I love the wonderful visuals and rich colors and find each character in this movie really different and fun to watch. The camera-work is excellent and the music is creepy, a la Lynch's ""Blue Velvet."" There also are some good sound effects to help some of the dramatic scenes. In all, it's very well scored.<br /><br />Like Lynch's ""Twin Peaks"" television series, this was a film in which the end was pieced together afterward since Lynch thought this film was going to be a long, drawn-out TV series. When that didn't happen, he pieced at the last minute this ending. That may account for some of the confusion at the end and the lack of explanations concerning characters we see earlier in the film but who mysteriously disappear.<br /><br />The theme of the story, supposedly, is a negative comment about Hollywood and what it does to people, especially those whose dreams of being an actor are crushed.<br /><br />Both Watts and the other leading lady, Laura Eleana Harring, are very interesting to watch, especially in their celebrated lesbian sex scene. Looks- wise, both women were chameleons, looking average at times, stunning at other times.<br /><br />I enjoyed this movie more on the second viewing than the first. It's not just a curiosity piece; it's a very intriguing movie.....just don't feel stupid if you can't make sense of a few things.",positive
"The movie starts out with a bunch of Dead Men Walking peeps sitting in individual cells, waiting for their inevitable meeting with death represented by the electrical chair.<br /><br /> Then our ""hero"", who is called Tenshu, is taken to the chair, he's zapped, and then....he's still ""Alive"". AHA ! He is given a choice by some creepy military guys who look really cool : Either we zap you until we've made sure you're actually dead OR you can walk through this door and take whatever destiny might lie ahead of you"". Our hero says yes to option 2, and then the actual story commences.<br /><br /> He wakes up in a different sort of cell (very high-tech and very big), where he finds another cell-mate, who also managed to survive the electric boogie-ride. A voice in the speakers tells them that they are free to do whatever they wish, as long as it happens within that room. Sounds a little suspicious, but the two men accept : What else can they do ?<br /><br /> What these two men do not know is that they have been set together, so they can awaken an inner urge to kill within them. Basically the unknown scientists in the background p**s them off until they decide that they should kill each other. Sounds weird ? Indeed, but there's a greater purpose to all of this. THIS is the part which should not be revealed, and so it shall remain unrevealed.<br /><br /> But fear not, it is the unknown that lures the viewer to watch more of this pseudo-action movie, fore it has an entirely different approach to the question : How long time can you stand being with a man who's an S.O.B. and would you kill him to obtain freedom ?<br /><br /> The first hour is basically trying to awaken your interest, it sneaks up without you actually knowing it. Then it becomes a roller coaster ride with WILD Matrix-like action fight-scenes with a touch of individuality to honor the comic book from which the movie is based upon.<br /><br /> The movie is indeed very special, so special that normal cinemas won't view it under normal circumstances. However, the story is fascinating, the music is fantastic, and the actors do their bit (some more than others) to make the movie truly unique.<br /><br /> If you should be so fortunate that your cinema or video store has it, watch it, and enjoy the fact that not everyone is trying to make mainstream movies to earn huge bunches of cash.<br /><br />",positive
"As the film opens, two thugs kill another thug. When the body is discovered and about to be autopsied, the doctor realizes that although the man was shot dead, he was also suffering from the Pneumonic plague--a very nasty and more virulent version of the Bubonic plague! So, it's a race against time to find those who came in contact with the dead man and treat them immediately, otherwise a disaster could erupt.<br /><br />Oddly, I actually know quite a bit about the Pneumonic plague, as I taught a series of lectures on it for my history classes. The film really did not do a good job of getting the facts right about the disease in that it looked little like what the people had in the movie. The biggest problem is that this illness is so incredibly grotesque that in 1950 they really wouldn't have been allowed to show it. Sure, there is high fever and coughing (they got this right) but also lots of bleeding and explosive vomiting of blackened blood--along with the enormously swollen lymph nodes like you'd get with the Bubonic plague--all purply and gross! I can certainly understand why they didn't go this far. Also, I am sure that the federal government would have had a much, much greater involvement in controlling and treating the disease--here in the film it was handled on a very local level and everyone seemed ill-prepared and a bit dumb. No one seemed willing to believe the doctors!! As for the acting, the film had some excellent actors here. Richard Widmark and Paul Douglas are, respectively, the public health doctor and police chief. Good actors but also known actors back in 1950. However, in his first film is the very menacing Jack Palance (still going by his original moniker, 'Walter Jack Palance') as well as the relatively unknown (at the time) Zero Mostel. Palance was great--very scary and very physically adept in his own stunts. Mostel played a heavy typical of his early work--a greasy and cowardly sort of evil.<br /><br />Overall, despite really not getting the details right and wrapping everything up a little too neatly, the film is very tense and has excellent acting--and is well worth seeing.",positive
"Well, I only caught the tail end of this film on HBO, just the final 10 minutes or so, but I must say that it contains probably the most laughable depiction of distance running EVER put on film! I'm a serious distance runner and a dedicated fan of the sport, and I've sat through many painful demonstrations in movies before. However, nothing could have ever prepared me for what is shown on screen in the final 10 minutes of this movie, it literally defies belief! The depiction of the runners is even more ironic considering that African runners completely dominate the sport, and they are elegant and graceful. The female protagonist shuffles along like an overweight pregnant woman, and her ""highly trained"" male supporters are no better. Well into the race this alleged world class runner is surrounded by pudgy, overweight people, many of whom are WALKING! I find it interesting that the director decided to have her lead the female competition, yet near the end she is shown passing people who look like they're staggering along on two broken legs! Are we to believe that this amazing stellar athlete has only overtaken a crippled person at the very end of the race? Maybe the director just thinks that female runners can't run faster than 12 minute miles, and he has obviously never heard of athletes like Paula Radcliffe or Tirunesh Dibaba.<br /><br />Even if you aren't a running fan you'll be astonished by the insanely inaccurate portrayal of running, and this movie is only watchable as unintentional comedy. Here is a note to the director: The next time you decide to make a movie about a sport, it might be worth it to hire at least one person who actually has observed that sport in action.",negative
"It's a poor film, but I must give it to the lead actress in this one....Francine Forbes. She appeared to be acting the least and I personally thought she was kind of cute. Too bad she only appears in one other film in the database. Besides that, the film is filled with laughable gore and fakey death scenes. People get stabbed and they GUSH like 2 gallons of blood! But, if you like to watch poor horror films, I recommend this one highly.",negative
"Solid comedy entertainment, with musical interludes, it generates a fast pace that carries proceedings along in zestful tempo through a maze of humorous and chiller complications. Boris Karloff, Bela Lugosi and Peter Lorre form a strong setup of sinister villainy. The script contains all the standard mystery film props-sliding panels, secret passageways, thunder and lightning and poisoned blow-darts. Karloff, Lugosi and Lorre go in for heavy leers and obvious melodramatics of the gaslit era. Kay Kyser and his band offered great entertainment for the people living in the 1940's who were trying to forget about the horror's of World War II.",negative
"THE RUNNING MAN, along with TOTAL RECALL, is my favorite Schwarzenegger movie. No, this isn't 2001, but it's not meant to be. And the acting and script here isn't even up to par with other Arnie movies like PREDATOR or THE TERMINATOR. But I submit that the IDEA behind this movie is one of the coolest ever to hit the big screen. A state-sponsored game show in which criminals convicted of serious crimes compete against ""heroic"" stalkers armed with all kinds of weapons (the runners are equipped with none) in order to satisfy the public's lust for sport and blood. The ultimate prize for a winning runner: freedom. Or so the rules claim.<br /><br />For a movie with such over-the-top gory death scenes and cheesy one-liners, it really does have a lot to say. Someone else has pointed out all the commentary on culture/government presented in this movie, so I won't go into it here. Suffice it to say that if you can look beyond the seemingly silly feel of the movie, you will enjoy it very much (especially if you're a big SF fan with a lot of imagination). Like I said, it's not trying to be a serious art film, but it IS surprisingly layered for a 80s shoot-em-up flick. The premise is borrowed from a Richard Bachman (aka Stephen King) short novel, but diverges fairly strongly from its source material, especially towards the end. (The book ends rather nihilistically; needless to say this movie doesn't.) I enjoyed both, but I like the movie better.<br /><br />My favorite line: ""Guess it's caused from steroids.""",positive
"As someone who likes chase scenes and was really intrigued by this fascinating true-life tale, I was optimistic heading into this film but too many obstacles got into the way of the good story it should have been.<br /><br />THE BAD - I'm a fan of Robert Duvall and many of the characters he has played, but his role here is a dull one as an insurance investigator.<br /><br />The dialog is insipid and the pretty Kathryn Harrold is real garbage-mouth. From what I read, there were several directors replacing each other on this film, and that's too bad. You can tell things aren't right with the story. I couldn't get ""involved"" with Treat Williams' portrayal of Cooper, either. He should have been fascinating, but he wasn't in this movie. It's also kind of a sad comment that a guy committing a crime is some sort of ""folk hero,"" but I admit I wound up rooting for the guy, too.<br /><br />Not everything was disappointing. I can't complain about the scenery, from the lush, green forests of Oregon to the desert in Arizona.<br /><br />I'd like to see this movie re-made and done better, because it is a one-of-a-kind story.",negative
"If you are in to bad movies for the entertainment of witnessing bad movies, bad acting, bad production etc..aka Mystery Science Theater 3000 quality....you will love Pacific Inferno. Jim Brown will be forever remembered as one of the greatest football players to ever play the game...as an actor he will forever be remembered as one of the greatest football players to ever play the game... I am not sure who Rolf Bayer was...but I am hoping he was 15 or 16 years old when he directed this, perhaps he may have been the next Spielberg in the making...because if he was a grown man directing this...a 15 or 16 year old could have done better.... The basis or plot for the movie probably had some historical merit and maybe even truthfully accurate...but the actual film may be one of worst movies made in American film history...I kept waiting for Lee Marvin, William Holden or Charles Bronson to pop in to somehow save whatever ""face"" was left of this film. I would have loved to have been at the red carpet, black tie gala for the Hollywood opening when this movie previewed...as this movie had to have many a viewer laughing and cringing under their breath... it is on the dime DVD racks now....look for it for entertainment value...this movie is so bad it is too good to pass up...",negative
"There is only one word that describes this film: BAD!! I have no idea why this movie was even made, or how they got Dennis Hopper to star in this film. Stuart Gordon is a better director than this and Hopper is a much better actor. The film is plain stupid. I did like the ""square pigs"" idea and there was an interesting love scene involving a cyborg, other than that, avoid this film at all costs.",negative
I can't get over how lazy the director is with this movie. Instead of setting up scenes in a creative way he relies on boring old zombie clichés.<br /><br />Where the two unarmed leads have to get down the college steps into the van he surrounds them with zombies yet neither of the leads is bitten. He can't be bothered to direct a decent fight scene so we see the leads shove their way down the steps.<br /><br />Sometimes the zombies limp about and at others they run like the wind. This is really convenient for the director because he can set up anything he likes without bothering with continuity in the behaviour of the zombies.<br /><br />With careful planning and a lot more inspiration this movie could have been so much better.,negative
"My mother forced me to watch this movie with her. She apparently will watch anything with a vampire counsel in it. I was bored throughout.<br /><br />At different points, Underworld: Rise Of The Lycans is reminiscent of Spartacus, Battle For The Planet Of The Apes, The Passion Of The Christ, and Mandingo! What it reminds me most of are those Italian sword and sandal pictures of the nineteen-sixties (not the good ones) that spend an inordinate amount of time showing Greek or Roman despots in robes talking and plotting incessantly while you wait impatiently for the muscle man hero and his lover, usually the despots daughter, to do something.<br /><br />This film was in desperate need of some color and suspense. The characters were pretty two-dimensional.<br /><br />The sets looked as if they were constructed entirely of pewter! I wonder how many Civil War Chess Sets were melted down to make this movie.<br /><br />All those wearing fishnet stockings on your arms and black lipstick, feel free to click NO.",negative
"I like bad films, but this thing is a steaming heap. From the shaky cameramen to the horrible sound and devastating acting, don't waste a second on this pile. Fifth graders could have made a better film and first graders could have written a better script. Want a real synopsis? Ugly chicks in neon bikinis dancing for way too long. A disjointed plot made worse by hideous acting. The on-location sets weren't even passable. The church scenes take place in a dance studio, and oh yeah - what's with the two tap-dance numbers that come up out of the blue?<br /><br />Oh, and the total number of naked breasts, which couldn't have even saved this film - 0. Add this one to the trash heap.",negative
"I was excited to discover this late sixties comedy staring some of my favorite people - Maggie Smith, a very young Bob Newhart and, of course, Peter Ustinov. My disappointment was thus compounded to discover the film doesn't work as either a comedy or a perfect heist film. Ustinov plays a small time crook just out of prison who sets his sites on a large American corporation based in London. Bluffing his way past dimwitted CEO Karl Malden and tech geek Newhart, Ustinov passes himself off as a computer expert and immediately plans the 'perfect heist' part of the film. To do this he needs to get passed a tamper proof security system that guards the corporation mainframe. And here is problem one. His perfect plan only works because everyone else in the film is remarkably trusting and stupid. His lame excuses are taken at face value and this must be the only computer center anywhere not to bother with video cameras. The second problem is the heist (fraud really) happens within the first 30 minutes of the film robbing the rest of the picture of much in way of dramatic tension. Maggie Smith is sadly miscast as Ustinov's ditsy next door neighbor/secretary who just can't keep a job. I love Maggie Smith but she just seems too together here, too composed, the part called for more of a wacky, physical comedian. Furthermore, Ustinov and Smith have no chemistry together, maybe it's the age difference, but the later romantic relationship, as devoid of actual romance as it is, still comes off a little creepy. Ustinov co-wrote the script, and it was thought well of at the time, but I found it unfunny, meandering and a sad waste of a great cast.",negative
"I think a great many viewers missed entirely the fact that this is obviously a parody of western films.<br /><br />This is not a bad movie - it is a clever tongue in cheek take on westerns. I don't believe this film was taking itself seriously for a moment.<br /><br />What makes this film even more unique is the fact it is centered around 4 strong, beautiful women, two of which are black, one Asian, and a Mexican/Hispanic character.<br /><br />These aren't your usual western women--they're tough--they can draw fast and shoot straight.<br /><br />They're so tough even the bartender is shaking when he pours their whiskey.<br /><br />The plot which moves this story along is typical of westerns--in the vein of ""you shot my brother--so I'm gonna get you!"" Only in this western, a woman's sister has been shot and she's out for vengeance on the gang who did it.<br /><br />So she goes and rounds up her old cronies from her bank robbing days.<br /><br />One of them, Maria, is not really all that interested in avenging Rachel's sister, but she is motived by the fact there's gold and jewelry hidden in the town where they're headed.<br /><br />There are a couple of scenes that don't quite make sense, not that they interfere that much, they can be ignored, but I wondered why they were there. So the film could use a little tightening, but over all, this is a well made film that has failed to find an audience that recognized what it is.<br /><br />My only disappointment was that the only lesbian in the film is a villain--of the ""heroines"", one is obviously straight, the others sexual orientations are never disclosed.<br /><br />7 Stars",positive
"I usually don't walk out of a movie, but halfway thru I did. This movie promised something different, but I kept thinking haven't I seen that before? Spoiler Alert! Back in 1, the spaceship crashes and lands on earth, well, all these years later, with a super adult on board no less, this thing still manages to burn up and crash! What, this advanced civilization can't seem to develop landing gear? For an industry that's so liberal, we get to see another Woody Allen movie, no blacks please! Superman runs around saving people, making sure he sticks to Europe and the US, don't go into darkie areas please. Maybe I could stomach this about 30 years ago, but now now.",negative
"This movie is a true reflection of the Australian resourcefulness that has been required to make this country what it is over the last 200 years. Not pompous like the British, not Gung-Ho like the Americans. If either of those countries had attempted what this crew did, it would have failed dismally. Either due to ignorance on the British part, or too much faith in superior firepower on the American side. ""True"" Australians (i.e. non-imports) are the only ones who can excel in modern military conflicts because they have had to improvise most of their adult lives. Just look at examples like Gallipoli; Paschendale; Tobruk; New Guinea and Vietnam.",positive
"Every time I watch this show I just want to turn it off and curse the makers for wasting my time week after week. The dialogs, or monologues rather, as everybody just rants on endlessly about nothing, are just becoming so tedious. For example, the episode I watched yesterday began with a seemingly unending rambling about how a particular dish (I forgot what it was, pasta with meatballs perhaps) always manages to turn the Gilmore family dinner into all-out war. And these were just the few seconds or so.<br /><br />So it seems every time, lots of lines, with absolutely zero content. The scripts they use must be enormous.<br /><br />But then every once in a while something happens. The babbling stops and suddenly there are these wonderful silent, emotional moments. For example, this week it was Lorelai's breakdown at the estate agent's. I just thought it was the best piece of TV I have seen for a long while.<br /><br />Almost makes everything worthwhile.",positive
"Project A II is a classic Jackie Chan movie with all the kung fu, crazy stunts and slapstick humor you expect. Not as good as the prequel but still it is a great movie if you just want something fun to watch. The story is simple, jackie chan versus the evil men. So if you want a movie that you don't have to be a braniac to understand, i would suggest this one.",positive
"I've watched a lot of television in my 51 years, but I've never had so much fun week after week, as I had watching Oz. The acting by the entire cast was excellent. The writing was just perfect, with every character remaining consistent throughout the six year run. I also enjoyed the mayhem and the ultra-violence. It may sound odd, but it was at times, comical finding out how one of the characters would eventually end up dead. I particularly enjoyed the true romance and love between Beecher and Keller. Those two men really knew how to throw down, in every way possible. I truly hope that HBO will continue to show us re-runs of this great show FOREVER! I've watched every episode at least 4 times yet I still look forward to Tuesday and Thursday nights at 11 p.m. for an episode of this fun and very entertaining show.",positive
"Okay, so I'm not a big video game buff, but was the game House of the Dead really famous enough to make a movie from? Sure, they went as far as to actually put in quick video game clips throughout the movie, as though justifying any particular scene of violence, but there are dozens and dozens of games that look exactly the same, with the hand in the bottom on the screen, supposedly your own, holding whatever weapon and goo-ing all kinds of aliens or walking dead or snipers or whatever the case may be.<br /><br />It's an interesting premise in House of the Dead, with a lot of college kids (LOADED college kids, as it were, kids who are able to pay some fisherman something like $1,500 just for a ride after they miss their boat) trying to get out to this island for what is supposed to be the rave of the year. The first thing that comes to mind about House of the Dead after watching it is that it has become increasingly clear that modern horror movies have become nothing more than an exercise in coming up with creative ways to get a lot of scantily clad teenagers into exactly the same situations. At least in this case, the fact that they were on their way to a rave excuses the way the girls are dressed. They look badly out of place running around the woods in cute little halter-tops, but at least they THOUGHT they were dressed for the occasion.<br /><br />Clint Howard, tellingly the most interesting character in the film by far, delivers an absolutely awful performance, the greatness of which overshadows every other actor in the movie. I can't stand it when well-known actors change their accents in movies, it is so rarely effective, and Howard here shows that it is equally flat to have an well-known actor pretend that he's this hardened fisherman with a raspy voice from years of breathing salty air. He didn't even rasp well. It sounded like he was eating a cinnamon roll before shooting and accidentally inhaled some powdered sugar or something. Real tough there, Clint! I expected more from him, but then again, he did agree to a part in this mess.<br /><br />Once we get to the island, the movie temporarily turns into any one of the Friday the 13th movies that took place at Camp Crystal Lake. Lots of teenagers played by actors who were way too old for their parts getting naked and then killed. The nudity was impressive, I guess, but let's consider something for a minute. These kids pay almost two grand to get out to this island to go to the Rave Of The Year, find NO ONE, and say, well, who wants a beer! Even the guy who pulled that stack of hundreds out of his wallet to get them all over there didn't think anything of it that they found a full bar and not a single solitary person in sight. Here you have the input from director Uwe Boll - There's alcohol! They won't notice that the party they came for consists of no one but themselves!<br /><br />So not only do they start drinking, not minding the fact that the whole party seems to have vacated the island, but when one of the girls goes off into the dark woods to find out where everyone is (dragging one other girl and one of the guys reluctantly along), the guy and the girl who stay behind to get smashed decide that it would be a great idea to strip down for a quickie now that they're alone. It's like they expected to find the island empty, and now that they rest of the people that they came over with were gone for a little while, they would have some privacy since there's no one else around. Brilliant!<br /><br />Now for the things that everyone hated, judging by the reviews that I've read about the movie. Yes, intersplicing shots from the video game into the movie, mostly in order to show that, yes, the movie was being faithful to/directly copying the video game. Sure, it was a stupid idea. I can't imagine who thought up that little nugget, but worse than that is the Matrix-style bullet time scenes that were thrown in over and over and over and over. After the first time (at which point I found it pretentious and cheesy for a movie like this to have a shot like that as though it was something original) it is noticeable more for the technique of the shot itself rather than any dramatic meaning or creation of any kind of tension for the film.<br /><br />One of the things that makes a zombie film scary and gets you on the edge of your seat is to have them slowly but relentlessly coming after the living humans, who are much faster but getting tired, running out of places to run, and with a terrifying shortage of things with which to fight the zombies off with. The first two are done right in the movie, the kids are terrified and don't have a lot of places to run since they're on an island, but since they caught a ride over with a smuggler, they find themselves heavily armed. And I mean that very strongly. I mean, these people have everything from machine guns to hand grenades, which removes most of the tension of the impending walking dead.<br /><br />Then you have what I call the techno-slasher scene. Since the rave never happened, and I guess since Uwe Boll thought people were going to be disappointed at not hearing any techno music in the movie, there's one scene right in the middle where all the humans are fighting off the living dead, and amazingly enough it turns into something of a music video. There's techno music blasting as the shots are edited together faster and faster until it's nothing but a blur of gory shot, mostly only about 5 frames long (which is about 1/6 of a second) flashing across the screen in time with the speed techno music. Clever, I guess, but it has no place in a horror movie because it completely removes any sense of scariness or tension of even the gross-out effect because you can't see any one thing for long enough to react to it. You're just watching these shots fly across the screen and wondering what the hell the director was thinking when he decided that it would be a good idea to put something like this in the movie.<br /><br />I've seen a lot of people compare this movie to Resident Evil, mostly claiming that it copies the premise of it, and they're exactly right. I appreciate that at least here, as was not the case in Resident Evil, it wasn't some man-made virus that turned people into walking dead that were able to infect other people, changing them the way vampires turn others into vampires. 28 Days Later was also clearly an inspiration for this movie, it's just too bad that House of the Dead didn't do a single original thing, except for the somewhat moronic idea of putting in quick shots of the video game on which it is based, just in case you forget. I really think that this should have been a much better movie. While obviously I can't say that I know much about the game it's based on, just the title and the movie poster deserve a much better movie, but unfortunately I think that's more often the case than not with horror movies. It's really kind of sad when a movie comes out that is so obviously advertised as a no-holds-barred horror film, and the scariest thing in the entire movie is the closing shot, which suggests the possibility of a sequel.",negative
"0*'s Christian Slater, Tara Reid, Stephen Dorff, Frank C. Turner, Mathew Walker, Will Sanderson. Directed by Uwe Boll.<br /><br />Based on the video game director Uwe Boll attempts to recreate the game into an action-packed nail biter sadly he doesn't succeed. Instead he makes one of the worst movies ever MADE! Even though he gets minor celebrity such as Christian Slater, Tara Reid and Stephen Dorff his movie lacks the necessary fundamentals that a movie needs to be good such as a story line, and some basic relativity of what's going on in the dark and the light. The movie bounces all around and Uwe Boll has no creative control. And not to mention the bad CGI used on making the monsters. Even though they did look cool and the feedings were well, a little lame. Honestly this is one of the worst movies ever made. My final rating 0/10.",negative
"""Deliverance"" is one of the best exploitation films to come out of that wonderful 1970's decade from whence so many other exploitation films came.<br /><br />A group of friends sets out on a canoe trip down a river in the south and they become victimized by a bunch of toothless hillbillies who pretty much try to ruin their lives. It's awesome.<br /><br />We are treated to anal rape, vicious beatings, bow and arrow killings, shootings, broken bones, etc... A lot like 1974's ""Texas Chainsaw Massacre,"" to say that ""Deliverance"" is believable would be immature. This would never and could never happen, even in the dark ages of 1972.<br /><br />""Deliverance"" is a very entertaining ride and packed full of action. It is one in a huge pile of exploitation films to come from the early 70's and it (arguably) sits on top of that pile with it's great acting, superb cinematography and excellent writing.<br /><br />8 out of 10, kids.",positive
"Anyone notice that Tommy only has 3 facial expressions.<br /><br />1. The angry eyes look he gives every enemy. 2. The holding of the hands to face, mouth agape and frightened eyes. 3. The smiling Tommy Turnbull.<br /><br />I have to say that i pretty much hate this show, i don't watch it but it's like Code Lyoko, we've all watched at least one, i must say that this show is borderline racist, uninteresting and pointless.<br /><br />every episode ends with robotboy winning, except for one exception when robotboy basically let this overly geeky freakazoid fly away on a jetpack.<br /><br />The jokes are pretty crude too, i think it's mostly people saying the word ""Suck"" or farting, i think the bullies of the show are quite shocking too.<br /><br />Isn't there one that hides a bowling ball under his hate, and the other uses a chain, for god sake, what kind of school is he going to. Not to mention his older brother, who is borderline psychopathic and has no other character qualities.<br /><br />The whole show i feel is ripping off megas XLR and Fosters. Like you could say the trio of coop, jamie and Kiva, as well as Robotboy being similar to Megas where he beats everyone no matter what the odds and he's free spirited despite being a robot.<br /><br />There is simply no appeal to this show, i'm surprised that it's still running.",negative
"Largely dense road movie with some comic relief provided by the excellent John Cleese (although he is really sending up his performance in Fawlty Towers). Seems to flip from over the top slapstick to slushy sentimentality at the drop of a hat, and the worst part of the film is that Martin and Hawn have to ""find themselves"", who they are, etc. See it at your peril.",negative
"Sitting in a big wing chair with a huge book in his lap, the one and only Bela Lugosi looks into the camera and, in a dreadful vocal delivery that sounds as if he were mocking a reading of Shakespeare, intones sloooow-ly: ""Man's constant groping of things unknown, drawing from the endless reaches of time, brings to light many startling things; (snicker); startling?, because they seem new (Lugosi's eyes now bulging, with raised eyebrows, and mouth sneering, he continues) but most are not new, the signs of the ages"" (cue a visual of lightening, accompanied by the sound of thunder which then continues to rumble for an astonishing 86 seconds).<br /><br />And so begins what is arguably the worst film ever made. This ""movie"" almost defies description. Told in semi-docudrama style with an unseen narrator explaining the plot ... such as it is ... the story revolves around the vicissitudes of a man named Glen (Ed Wood, Jr.) who cross-dresses; hence the reference to Glenda. The film has no real structure. Instead, it consists mostly of a random assortment of vignettes that may ... or may not ... relate to Glen or to the cross-dressing motif. One long sequence consists of some unknown woman wriggling on a sofa, followed by a man whipping a woman in what we would today refer to as S&M.<br /><br />Then, at odd moments Bela reappears, for no apparent reason, and babbles more inane dialogue, like: ""When he's wrong because he does right, and when he's right because he does wrong; pull the string, dance to that."" Huh?<br /><br />About twenty percent of the film's visuals consist of stock footage, accompanied by a VO that relates to the story motif but not the visuals. Hence, we see stock footage of: bustling city streets, freeway traffic, a thunderous herd of buffalo, and a playground full of kids. But it gets worse. In a film about cross-dressing, we have 58 consecutive seconds of stock footage of a foundry furnace making hot steel, and 84 consecutive seconds of battle scenes from WWII.<br /><br />Even the simplest items are botched. In one scene we see a newspaper headline that reads ""Man Nabbed Dressed as Girl"". Underneath the headline, which has clearly been glued or pasted on, the article is about ... taxes. In one of my favorite scenes, an off-screen woman spouts out: ""airplanes, why it's against the creator's will"", in a voice that sounds like she's just inhaled helium.<br /><br />Except for the performance of Lyle Talbot, the acting is uniformly horrendous. Production design is cheap looking and drab; (but you gotta love that tacky wallpaper). The editing is sloppy. Most of the background music is suitable only for 1950 style elevators. The B&W cinematography has way too much contrast. And the costumes look like something that came from a thrift store.<br /><br />This film is so bad it makes ""Plan 9 From Outer Space"" look like ""Citizen Kane"", by comparison. I just don't know how one could make a film any worse than Ed Wood's ""Glen Or Glenda"". But thankfully, it's got Bela Lugosi in it. Every time he opened his mouth, and gazed into the camera with those big, bulging eyes, I about fell on the floor laughing.",negative
"I don't expect a lot from ghost stories, but I do expect a story to make a bit of sense! Is that asking too much from the screenwriters and filmmakers? When the bad guy, all of the sudden, becomes a homicidal maniac solely because a bunch of crows start pecking him, then I have a problem spending $9.00 for a ticket! Alfred Hitchcock would be spinning in his grave. Didn't anyone learn anything in their college Film 101 class? A good movie has at its roots an INTERESTING story!<br /><br />Here are some of the ridiculous messages in this movie: If you have desperate financial problems move from Chicago to the middle of no-where in North Dakota to grow Sunflowers (I kid you not!). If your toddler has serious neurological problems from a car accident move away from some of the best hospitals and speech therapists in the country to an isolated small town, which, at best, has a community hospital. Hire a drifter to live & work with you, out of the blue, without checking any references, when you have a teenage vixen daughter, a wife and toddler. ( I'm glad they're not my parents!) <br /><br />A town where everyone knows everything would have no problem missing a triple homicide, just outside of town. And, of course, blame the man's lunacy on a bad crop of Sunflowers! (Doesn't anything else grow in North Dakota?) A couple of days after you buy your rundown house - with huge vines growing everywhere - that it reminds you of Jack and the Beanstalk, a guy from the X-Files, ala Smoking Man, (I'm glad to see the cigarettes didn't get him, I guess he doesn't inhale!) will just suddenly sneak up on you while you're working to offer you the sale price of your home, plus 15% more, for absolutely no reason!<br /><br />I think you get the picture. I have seen so many godforsaken awful movies in the past month, it just blows my mind! Is it that difficult to make a movie that doesn't treat the audience like an idiot? I'm glad at least the crows in this sorry film turned out to have the some brains! I wish I could say the same for whomever thinks they are going to make money off this celluloid piece of trash!",negative
"Just bought the VHS on this film for two bucks, Did I waste my money! Hey, I dig Adam ""Batman"" West and Tina ""Giligan's Island"" Louise, but hello! This third rate production is a rehash of a dozen other biker films; crazed bunch of bikers psychos ride into a hick town, beat up everybody and everything, and then are defeated in the man by a dashing hero. Adam West looks the part as a hero, but he's missing cape, and his Batman uniform. Sorry, just isn't the same. Tina L. looks really nervous and frightened the whole show, but at least we know what happened to ""Ginger"" once she was rescued from the island...LOL! The bikers are a motley group, and known of them ever acted again or at least shouldn't have. Hell Riders is Hell to Watch!",negative
"Low-budget murder mystery about a Public Defender trying to clear his client of a murder the man had been convicted of 12 years previously. Complicating things is the fact that he escaped custody after his conviction, but the PD believes the man to be innocent of the murder and works to find the real killer. Gig Young as the PD is okay, and James Anderson as the convicted killer is actually pretty good, but the picture as a whole just rambles along with little suspense, and despite some good character actors in the cast, the performances are generally below par. Director George Archainbaud was apparently more at home making westerns--he was churning out Gene Autry's TV series at Columbia at around this time--but even if he had tried to inject any liveliness into this picture, the hack script would have defeated his attempts. Average at best, the film climaxes with a courtroom scene that's straight out of an episode of ""Perry Mason"" and is just as predictable.",negative
"As hard as it is for me to believe, with all of the awful reality shows out there over the past few years, this one has to take over the top spot for worst one yet. I am still wondering if this was actually just a spoof done by the SCTV gang. If Andy Kaufmann were still alive I'd be sure he was behind this. Can a rock band stoop any lower than has INXS to do such a shameful thing as this? The premise is simple and moronic. Audition a bunch of karaoke rejects to become the new lead singer of INXS, to take the place of Michael Hutchence (who committed suicide in 1997). Eight years and no hits later, the band commit the ultimate act of patheticness by subjecting themselves to auditioning a bunch of talentless wannabes to be the new lead singer of a band that is 20 years past its prime. So they trot all of these awful singers (I thought American Idol had its share of doozies) who do atrocious renditions of just about every classic (and predictable) rock song imaginable. And then they cut to the INXS band members who are seriously discussing the merits of each of these candidates. You could see better (and more original) rock performers at just about any night club in any city in the world.<br /><br />It has all the usual uncreative elements of every other reality show. Lame reality participants, lame interviews, lame host/emcee, lame ""judging"" of performances, and the lame booting of one participant at the end of each show. Can these shows get any more predictable? It's clearly a publicity stunt on the part of the band; a last gasp of hope at rekindling their lost stardom before they are finally buried into oblivion. Michael Hutchence, if he had any shred of dignity when alive, has to be rolling over in his grave. Not that INXS were ever a great band, but I had no idea they were this pathetic. If INXS are at all representative of what rock and roll has become, this show would be the final proof that rock and roll is once and for all, dead.",negative
"Directed by Diane Keaton and adapted from a book by Franz Lidz. A young mother Selma Lidz(Andie MacDowell)is battling a very serious illness and her self proclaimed inventor husband Sid(John Tururro)is a little lacking in the emotions department. Unhappy with the new home situation, their sensitive son Steven(Nathan Watt)decides he wants to stay with his two eccentric uncles Danny(Michael Richards)and Melvin(Lou Cutell)until his mom is well. Steven seems to be happier and even takes interest in his strange uncle's living habits; he even decides he wants to change his name to Franz. Set in the early 60's, this drama is a bit comedic...change that to zany. Not being a MacDowell fan, UNSTRUNG HEROES assures my attitude; albeit I enjoyed the film and it is not a total waste.",negative
"After 21 movies and three years of working in Hollywood Bette Davis finally got a role she claimed as her own and which put her as a force to be reckoned with. As Mildred Rogers, Davis burst forth with a completely unsympathetic role of a slutty waitress who becomes the target of Leslie Howard's affections, and already eager to sink her teeth into a role like this, she had no qualms of the awful things her character was meant to do throughout the course of the film and the awful transformation she would undergo. It also has been widely noted that her performance here, one of the few things that makes this slightly uneven movie watchable, has been the one to remember even after two remakes and the scenes where she rips into Howard have made cinema history.<br /><br />At circa 85 minutes, the story moves at a nice pace, telling the story of Philip Carey (Howard) as his life crosses that of the destructive Mildred Rogers over and over again.<br /><br />Howard and Davis' chemistry is all but non-existent -- Davis sustained in an interview much later in life she personally didn't care much for Howard's iciness towards her and that helped her act even worse (in character) towards him as Mildred. All the same, the two seem awkward with one another; their scenes together remain stiff, only salvaged by the ferocious acidity Davis brings to her lines and her own nervous presence. Then again, Cromwell's direction has a certain stiltedness about itself that fails to come through at times -- he tries to fill in some space (whenever Davis is not there) with dissolves and montages indicating the passing of time (a calendar superimposed over a changing Frances Dee). All much in the style back then. This was before technicalities and complicated camera angles came into being, and in essence, the visual story is a simplified, bare essentials translation of the Somerset Maugham's novel -- which is saying a lot, since at 600 pages, ""Of Human Bondage"" would have been indeed hard to film even then.<br /><br />Storywise, it feels that Philip Carey may be something of a glutton for punishment, since there is no discernible, sexual attraction between he and Mildred and to compound that, Mildred never hides her displeasure from the get-go. Howard's performance never seems to go through much external emotion -- his eyes are constantly sad, his expression never veers too far away from lost (he could almost be a distant cousin to William Hurt in ""The Accidental Tourist"" -- dejected, hurt, and absolutely passive), but this is possibly a part of his character and the reason he fails to see that other women (played by Kay Johnson and Frances Dee) are making themselves vulnerable to unrequited affections. Interestingly, Johnson's Norah, once she realizes Carey will never fall for her, is the one who sums the story up with her observation that people are bound to other people -- she is bound to Carey as Carey is bound to Mildred, and Mildred herself is bound to Miller (or men who fit the role of provider). In her short but memorable scene, she's the one who holds the essence of the story's moral.",positive
"Oliver Stone is not one to shy away from a movie or theme for that matter. He is eager to confront people with their fears or show them their ugly faces in the mirror. Look on his CV for proof! This movie is not an exception, quite on the contrary, it is another gem, that unfortunately not many have seen.<br /><br />As controversial movies go, this is one that you should be thankful for. A movie that should encourage you to think about you, the people next to you. The prejudices that do exist and that everyone of us has in one form or another. Either we like to admit it or not, but it is easier to categorize people and be like ""Ah he's 'xyz', yeah he must be like ..."". Now I might be reading too much into it, but I don't believe that. I believe that Oliver Stone is a very intelligent filmmaker and that he was aiming for those things. And if that's something you want to explore (as a movie or within yourself), than watch this film and be excited!",positive
I am almost tempted to demand my money back from the video store. This movie plumbs the depths of inanity and is almost completely unwatchable. I NEVER bail out of a film early but this was painful to view. A thorough waste of celluloid. My vote 1/10 (it would have been zero).,negative
"These writers are trying to re-create the characters they have on ""scrubs"" in a different occupation however the characters they are stuck with have no charisma or acting ability not to mention the writing seems poor and effortless. These guys are trying to create something that would be good if the writing wasn't so disgusting which is leaving the shows only lifeline to be two attractive teachers that that are barely keeping it alive. The humor in this show seems like it is trying to target an audience with an I.Q. of 40 or below. Another reason why this show is becoming a failure could be that the writing on the show ""scrubs"" is excellent and this show has to follow it up leaving the viewer in an odd position not knowing whether to cry or to just lose hope in new sitcoms all together. This is just my opinion but i think these guys should stop now before they humiliate themselves anymore than they have already.",negative
"I am in a movie club at my school and I was forced to sit and watch this utterly dismal film. The film's story is not dismal, but the entire movie itself is exceedingly dismal. The acting was absolutely dreadful. The children were overly whiny. A metal pole could have done a better job. I wanted desperately to fall asleep, but because the television was so loud, I was kept from peace. The monkey's are neither cute, nor are they funny. The drama is laugh-worthy. I cannot remember when I saw a more dreadful film. The story is weak, thin, predictable, and completely fake. The adults try to be good actors, but they just can't seem to break through stereotypes. The girl even appears to want to leave the film via falling off a hill during the movie in order to leave it, I don't blame her. Micheal Anderson should publicly apologize for this film. Not just to me, but to everyone else who was forced to sit through this awful film. In fact, I apologize to you. Even if I had nothing to do with this project, I apologize for this film, because this means at least someone will. This film even surpasses the dismalness of films that of Rob Schneider and the Cheetah Girls. I would even go as far to say that it is even worse that Hilary Duff's collection of films, but that's pushing it. Just please don't see this film, or else you'll be pushed to write a review similar to this one on how awful this film is. I'm very sorry.",negative
"STAR RATING: ***** Saturday Night **** Friday Night *** Friday Morning ** Sunday Night * Monday Morning <br /><br />Alice, having defeated Freddy at the end of the last film, is now trying to re-adjust her life. But her unborn child is carrying a demonous presence- Freddy, trying to come out into their world again.<br /><br />It's interesting to note the directors who got their big breaks directing Freddy films- Charles Russell (Eraser, The Mask) Renny Harlin (The Long Kiss Goodnight, Cutthroat Island, Cliffhanger, Die Hard 2) and here Stephen Hopkins (Lost in Space, Predator 2.) But while Russell and Harlin made a good job of it, Hopkins IMO has made something of a podge with this entry, that should be quickly forgotten.<br /><br />The story is clearly being stretched as far as it can go here, with Freddy ludicrously a father himself and the ridiculous looking demon baby. Even at about an hour and a half, it all gets rather tiresome, and of course, not scary at all.<br /><br />The ""bon appetit, bitch"" catch-phrase is the only memorable point of this other wise very forgettable entry. *",negative
"I went to see Random Hearts with 3 friends, and at first, I thought maybe it was just me who wasn't enjoying the movie. After all, I didn't like As Good As it Gets and that movie won all sorts of awards. Well, it wasn't just me...none of my friends liked it either. It was unbelievable slow, much like getting teeth pulled. The only action that is in the movie is what is in previews. We didn't walk out of the theatre because we all assumed something more would happen. We weren't as smart as the 7 or 8 people who did walk out. I have never walked out on a movie in my life, but I definitely should have. This is all tough for me to write, considering I am relatively easy to please when it comes to movies. It takes a lot for me to think a movie is awesome, but not much for me to just like it. This movie didn't even come close in the like category. Not only was the movie about 2 hours too long, but it was like two separate trite stories in one, but they weren't smoothly sewn together. Plus, the ""soundtrack"" if you could even call it that was so annoying. Like Seinfeld has the same riff that is played over and over again (difference being that i like Seinfeld)..this movie had this jazz riff that it kept playing, which sounded highly inappropriate at times, especially when people were dealing with the deaths of the plane crash. Hard to explain what I mean, but trust me it was awful. I cannot say enough to make people not waste their money. After I left the theatre, I honestly wanted to write to the movie company and demand my $7 back..sheeesh, I could have gone bowling or something for that money.",negative
"This is possibly the best short crime drama I've ever seen. The acting is superb especially Amanda Burton who's character goes from scary to sweet to disturbing to sad and then some...She does an amazing job balancing Rachels/Carlas feelings and acting out the pain of someone who's lost a child, its so believable that it feels more like a real life story then a drama. The other actors are of course great too which they usually are in British TV/Film. The ending,which I'm not going to give away,is fantastic mainly because you don't really get one... (you'll get what I mean after you've seen it) This is well worth buying and seeing over and over again and if you're not touched by this you're one cold hearted person.",positive
"It's strange what fate does to some people. While looking in the discount bin at a DVD retailer, I came across a copy of Deadly Instincts. Being a collector of any film that is either sci-fi, horror or featuring alien monsters, I decided to buy it (not to mention the fact that it cost five dollars  a bargain, believe me). After viewing it, I came to the opinion that it was nothing special. But after doing some research on the Internet, I discovered that the film was actually called Breeders & was a remake of the Tim Kincaid horror flick that menaced video stores in the mid-1980s. Which I've already seen. My appreciation of ""Deadly Instincts"" grew following that discovery.<br /><br />A meteorite crashes on the lawn next to a private girls' college. The sole teacher there, Ashley (played by Todd Jensen  that's right, the guy who gets turned into a cyborg in the cult flick CYBORG COP four years earlier), notices that some of the students are beginning to disappear, while encountering a black-haired woman with a scarred face & wearing a kinky leather outfit. His investigation reveals that an alien creature had hitched a ride on the meteorite & had come to Earth to breed using the local womenfolk. Along with a local detective who believes him to be responsible for the disappearances, Ashley tries to stop the monster.<br /><br />The original BREEDERS, directed by Tim Kincaid (who would leave the genre to make gay porn), was a sci-fi / horror film which was actually a thinly-veiled soft-core porn film designed to take skin flicks to genre fans. It is, in my belief, one of the worst films made in the 1980s. Why anyone would want to remake it is quite a mystery.<br /><br />This remake is actually a better effort than its low-budget source. The film, which takes the basic concept of an alien monster trying to interbreed with human women, eliminates any pornographic elements. In fact, the film is actually very tame. There are no sex scenes, no nudity (even during the shower scene), swearing & violence are kept to a minimal level & there is no gore (which may cheat gorehounds). This makes the remake a film safe for the whole family, that is if the kids aren't scared by alien monsters (which brings me to the film's M 15+ rating, which seems a bit much).<br /><br />Tameness of subject matter aside, the film does have some faults. The script, while featuring some good characterizations, has a number of holes so big you can crash a meteor through.<br /><br />What? You're mad at me for that? Come on, this review needed a bad pun so it will remain interesting.<br /><br />Anyway, the film's setting is one problem the script failed to fix  the film is set in Boston but the buildings don't look like they belong in Boston. Something about the architecture ain't right. Another thing is the college itself, with a rather large building housing about twenty students (all female, of course) & only having one class  art. The only teacher there has a relationship with a student (& so does the janitor!), which somehow escapes the attention of the principal. Not to mention the cops, who are so one-dimensional (& stupid) that the real Boston PD would have a good case if they ever decided to sue. Oh, & the meteor well the chance that a meteor which is sent from Saturn (check the opening credits) reaches Earth with no onboard propulsion is astronomical. That doesn't include the chances that any passengers in the meteor will survive the landing.<br /><br />As far as the acting goes, Todd Jensen gives a dependable performance as the heroic teacher while the late Kadamba Simmons (who was murdered by her boyfriend shortly before the film came out) cuts a striking figure in that leather outfit, as well as proving she can act. The visual effects are run-of-the-mill, with credits due to the filmmakers for bringing us a cool-looking monster.",negative
"This is an excellent film about a traditional working class family in Northern England. Filmed on location in Bolton, it stars James Mason as the father who is the dominant force within his home. Or so it seems. Cleverly, the film, based on the play, portrays the complexities of family life. The supporting cast is terrific as well, with many familiar faces lending support.",positive
"WE FAW DOWN <br /><br />Aspect ratio: 1.33:1<br /><br />Sound format: Silent<br /><br />(Black and white - Short film)<br /><br />Stan 'n' Ollie get mixed up with a couple of floozies (Kay Deslys and Vera White) after setting out to visit a theatre which burns down in their absence! Needless to say, their tyrannical wives (Vivien Oakland and Bess Flowers) are not amused...<br /><br />Leo McCarey's OK comedy laid the narrative framework for William Seiter's masterpiece SONS OF THE DESERT (1934), with L&H playing brow-beaten victims of circumstance, forced to tell a monstrous lie which backfires in spectacular fashion. Much of it is very funny, especially the scene in which Stan is teased by Deslys, leading to a violent game of push and shove. However, some of the fun is undercut by Oakland and Flowers, playing their roles completely straight, which adds an element of unpleasantness to the 'henpecked husband' scenario. Originally released in the UK as WE SLIP UP.",negative
"Ringmaster, Jerry Springer's pathetic excuse for wasting film that should be recycled as toilet paper recently destroyed my confidence in the art of film. First of all, it was made. Second of all, people went to see it. Third, some people voted it the best movie they have ever seen. If a monkey could make a movie, i'm 100 percent sure that it would be 1 billion times as good. Most crappy movies have their moments, (even Godzilla had a few cool special effects) this film's moment was when I left the theater nauseated. The only thing that possibly could've made this movie any worse would be if Jerry Springer was the star. If I want to stare at crap for an hour and a half, i'll take a dump in a can. If anyone didn't utterly despise this movie, I pity you, and your children, and your children's children's children; however, contrary to Springer's beliefs, I clearly don't condone children having sex.",negative
"I gave this more than a 1 because I did think there were some moral lessons in this story and it provoked some thought and comment from my wife and I. The acting and the dialogue were mediocre and I must confess I came out feeling like I had been beaten over the head with the God this , God that and Christ is our saviour stuff. The movie and the story line did not need it. If , as I am , you are a recovering Catholic or Christian avoid this one it will make you nauseous. The movie did a good job of demonstrating the thin line between being a good citizen and how someone could become a potential stalker focused on what might have been.",negative
"I like this film for several reasons. I have a soft spot for films about intricately plotted criminal plots like TOPKAPI. I also enjoy films (like TOPKAPI and BIG DEAL ON MADONNA STREET) that spoof the the genre. One of the best ones is DISORGANIZED CRIME.<br /><br />Corbin Bernsen has met four cons over the years, and he decides they can all be useful in a bank robbery he is planning in a small Montana town. But he hasn't given any details on the crime to the fellows, nor do they really know each other at all. Shortly after he sends for them Bernsen is arrested by two New Jersey policemen (Ed O'Neill and Daniel Roebuck) whom he escaped from before and have a warrant to bring him back. While he is in their custody the four cons (Fred Gwynne, Lou Diamond Philips, Ruben Blades, and Will Russ) show up without a clue about why they are there except that Bernsen was planning something. <br /><br />The first twenty minutes of the film deal with the four cons slowly getting used to each other, with Gwynne and Philips managing to push away their own suspicions to figure out they have to trust each other. At the same time we see Bernsen patiently waiting for the right moment to escape from O'Neill and Roebuck again - not too difficult as they are not the brightest bulbs who ever existed. The result are two sets of plots that will keep juxtaposing against each other throughout the film: the four cons trying to figure out what Bernsen's scheme was, and how to put it into operation, and Bernsen trying to maintain his own freedom from his pursuers and regain his cabin (and hopefully find his gang there for him to take command of). There is also a third, smaller, plot involving the growing annoyance and anger of local Sheriff Hoyt Axton against the idiots from New Jersey who keep getting into his hair.<br /><br />There are many delightful moments in the film, such as Axton, egged on by O'Neil and Roebuck, into surrounding a house in the town that Bernsen is supposed to be hiding inside of, and yelling (through a megaphone, ""Come out, we have you surrounded!!"", only to have the scene switch to a huge, Montana plain that Bernsen is struggling and stumbling through miles from where the police think he is at that moment. There are moments of misadventures by our four cons, who fortunately put the oldest (Gwynne) into leadership position. This does not always guarantee anything. At one point their car won't start, and they have to thumb a ride by truck. Unfortunately it is a truck carrying manure.<br /><br />The conclusion with the gang successfully carrying out the robbery, including disabling all the police cars at the critical time (Philips specialty is cars) is also a gem of timing, suspense, and comic results. The film is very entertaining, and certainly worth watching.",positive
"THE WATERDANCE (1991) The main character of The Waterdance, played by Eric Stoltz, finds himself in a rehab center with some others similarly injured. And there he must face an harsh new life, confined to a wheelchair. It's an interesting, and promising premise, but unfortunately, it fails to deploy. What ensues instead is largely Hollywood schmaltz, with some interesting moments. Certainly the cast (Eric Stoltz, William Forsythe, Wesley Snipes, et al) is brilliant, and perform well here as one would expect, but their talents are wasted. The characters are mainly stereotypes of one kind or another, and most of them are thoroughly unlikeable (the Snipes character being the exception). I suppose this is some kind of attempt to break through people's ideas about the handicapped being ""crippled"" or ""weak"", by depicting them, for the most part, as in-your-face pricks, but it makes for an entirely annoying experience. Admittedly it will show you something of what those with permanent disabilities go through, in a way that is not softened or romanticized, which is useful, and a good idea, but while the process being depicted can make one a difficult person to get along with, and that's worth dealing with, it is not part and parcel to that that these characters must be, to varying degrees, despicable. They wouldn't have to be Disneyfied, either; surely there's a middle ground somewhere. By the film's conclusion, the Eric Stoltz character has come to accept his status as a handicapped person, but since he is such a flaming narcissistic monster from the beginning of the film to the end, we couldn't care less. <br /><br />In addition to its character problems, the film suffers from that weird syndrome that so many Hollywood movies suffer from; the syndrome doesn't really have an official name, but you might call it ""Inexplicable Forgiveness Syndrome"". It goes something like this: characters abuse the crap out of each other, and then without so much as an apology, all is forgiven (an especially obnoxious example of this is in the movie The Breakfast Club, in which one character spends most of the film verbally bullying everybody within earshot; as a resultthey love him. In one of the the latest examples, Spiderman 3, supervillain The Sandman lays waste to a chunk of Manhattan, then wails on Spiderman for what seems like about 15 monotonous minutes before being waved off with what amounts to ""bye, now""). The most egregious example of IFS in The Waterdance is a sequence in which, after being called the n-word by William Forsythe's racist biker character and his friends in the previous scene, the Wesley Snipes character whoops it up with the same Forsythe character in the next scene, as if nothing had just happened just a short time hence. Again, without so much as an ""Oh yeah, sorry about that business back there where I, you know, called you the n-word"". It makes me wonder, do these people actually watch these movies before they release them, or do they just film them with their eyes closed, kind of slap them together in the editing room according to scene number, and call it a day's work?",negative
"The 60´s is a well balanced mini series between historical facts and a good plot. In four deliveries, we follow a north American family, with 3 members. But we don't only see them. We also follow the story of several characters as a black reverend, an extremist student leader, and a soldier in Vietnam. The filmography is just extraordinary. In the first chapters, we see some shots of the Vietnam war, in between the scenes. The next chapter, doesn't start where the last one finished, it starts some time after, giving us a little mystery on what happened. In general, The 60´s mini series, is a must see, not only for hippies fanatics, but for everyone with little curiosity about the topic.",positive
"Firstly,I must admit that it isn't a good movie. And,I would never watch this movie if Pacino wasn't in it.<br /><br />The movie is about a publicist's strange 24 hours.And he is overworked,dizzy,sick and sometimes regretful.I don't like the character at all.It's really boring,after 20 minutes you may fall asleep.And I don't understand why Pacino wanted to be a part of this horrible movie.Just because of money or what?<br /><br />Since I'm an avid Pacino fan,I bought this 2002 movie People I Know.If you haven't bought it yet,don't even think about it,it's just a waste of time.",negative
"I watched this film in shire joy.<br /><br />This is possibly one of the best films of all time. It has a timeless value, you can get so much out of it it's amazing. There are parts that are moving, funny, and just great.<br /><br />All aspect are spot on, the portrayal of the story is perfect, every detail is 100% genuine, even small Irish subtleties have been covered.<br /><br />The use of low and high shots gives two great views on Cristy (look out for that).<br /><br />Daniel Day-Lewis's performance is incredible. I've never seen an actor do that, ever. It really is amazing.<br /><br />And it's so great to watch, it flows so well, it's probably the closest thing yo can get to real life experience. I love it.<br /><br />If you haven't seen it, you should see it. Don't have any doubts on it, there is something there for all.",positive
"Not since Bette Davis's 1933 vehicle ""Ex-Lady"" have I seen a film that was so much better than its star said it was! Most of the bum rap ""Atoll K,"" a.k.a. ""Utopia,"" a.k.a. ""Robinson Crusoeland,"" a.k.a. ""Escapade"" has got over the years has come from the horror stories Stan Laurel told of its production. Given that he suffered a stroke during filming, looked like death warmed over through much of it (from the opening two-shot of them together you'd never guess that Laurel survived Hardy by eight years) and was subsequently diagnosed with diabetes (once he adjusted his diet accordingly he restored himself to health), one can understand why Laurel didn't think this film was the most pleasant experience of his life. Yes, it's flawed: the cheapness of the production shows through, the dubbing is awful and Laurel and Hardy were too old to do the energetic slapstick of their greatest films. But it's still genuinely funny, and Léo Joannon's story introduces elements of political satire (sometimes libertarian, sometimes communalist) one would expect to see from more socially conscious comedians like Chaplin or the Marx Brothers but never from Laurel and Hardy. The film deserves credit for being different (though its debt to the Ealing Studios' classic ""Passport to Pimlico,"" made just a year earlier, is pretty obvious) and for integrating the Laurel and Hardy comedy into a rather edgy context completely different from anything they'd used before. This isn't a great movie, but it's certainly better than the eight dreary ones for Fox and MGM they'd made in the early 1940's. I suspect only the film's technical crudity kept it from earning the cult following among anti-establishment baby-boomer youth the Marx Brothers' ""Duck Soup"" acquired in the late 1960's/early 1970's.",positive
"Your ability to enjoy The Ashes of Time may depend on our expectations before stepping into the theater. Even its most strident supporters seem to agree that audiences can be split right up the middle in their appreciation of this unique film.<br /><br />Unlike most HK actioners, the battle scenes are curiously kept at a distance. When they do happen, they're rendered in a jerky style in which it's difficult to make out exactly what's occurring on screen. The dramatic scenes can be extravagantly beautiful, with the of Maggie Cheung, Brigitte Lin, and a roll-call of HK's top acting talent chewing up the scenery. As with some of Wong Kar-wai's early work, the dialog could be more precise. <br /><br />In short, The Ashes of Time requires a forgiving attitude. Released around the same time as Wong Kar-wai's spectacularly successful Chungking Express, it's clear that the director isn't as confident working with the elements of the martial arts film. Anyone looking for tense action is likely to be disappointed. But those intrigued by the director's aesthetic will likely find this a unique experience at the very least.",negative
"Set in and near a poor working class town in the mountains of rural Italy, it's a story of madness. The landscape may be quite picturesque, but there's madness herein, concealed behind the mask of a person who seems outwardly normal. This person kills little children.<br /><br />In style and tone this film resembles Dario Argento's famous Italian giallos, those fascinating whodunit horror films, except that Argento's films are much better looking. Still, the visuals in Fulci's ""Don't Torture A Duckling"" are competent, with some interesting compositions and lighting. Lightning and thunder on a rainy night enhances suspense in one sequence wherein one of the ""ducklings"" is vulnerably alone.<br /><br />In one sequence the gore is a bit overdone. But this is no slasher film. A legitimate theme undergirds the story. And that theme is that madness can take many unexpected forms, not just the obvious delusions of people who practice voodoo or black magic.<br /><br />Plenty of red herrings render the puzzle solution difficult if the viewer doesn't assume an agenda on the part of the director. Don't dismiss someone who might not seem to be a suspect. The twist near the end provides good misdirection. However, in one scene midway through, a line of dialogue could have been added to clarify the relationship between two characters, one of whom is the murderer. The film's finale takes place on a beautiful mountaintop with the wind whistling in the background. We see flashbacks to clues and get insights into the killer's mindset.<br /><br />I don't care for the film's widescreen projection. But background music is effective, and ranges from jarringly creepy at the beginning to low-key jazz, to indigenous Italian songs. Acting is generally average, though in a couple of cases, it's a bit overdone.<br /><br />Though not as visually brilliant as Argento's giallos, ""Don't Torture A Duckling"" nevertheless is a fine film, one that contains a thematic storyline and enough of a whodunit puzzle to interest most viewers who like thrillers and murder mysteries.",positive
"I am so insulted by this movie, it's not even funny... And I thought ""Mulan"" was unbelievable! However low my expectations of Disney have become, I never figured they'd do something so stereotypical yet so off. There is no respect here for any true Chinese culture, just the Hollywood tradition of random martial arts.<br /><br />I appreciate that they tried to make Wendy into a normal teenage girl... But, fortunately, most normal teenage girls--particularly Asian teenage girls--are much less obsessed with such shallow aspects of life. And from a cultural stand point, it's almost impossible. Yes, there are girls who are wrapped up in popularity and fashion, but they're pretty rare. And even the ones who are are still fairly decent scholars. Another stereotype, maybe, but a fairly true one. Because that's how Chinese parents work. That's how Chinese values work. If they wanted to go for authenticity, they would've made Wendy an ironic girl with glasses and a love-hate relationship with her family.<br /><br />This just adds to my frustration with American movies. Asian culture isn't about meditation and vague, nature-oriented phrases that sound wise. We don't walk around smiling enigmatically all the time, and we don't all know some form of martial arts. We're a PEOPLE, and I'd appreciate it if someone would write an Asian part that doesn't portray us as some sad caricature.",negative
"Don't listen to most of these people. ill give you a better review of this movie which me and my friend love! Its about Jill Johnson, played by Camilla Belle, who babysits at the Mendrakis' house and someone breaks in. if you're wondering how he got in the house, he went through the garage most likely. so anyway, don't listen to, ""the worst acting"". it has amazing acting. with a great story. I think that there are 2 benefits that Jill has. 1. shes a fast runner and is on the track team. 2.she got out alive! lol.<br /><br />it is a cool movie and quite scary. check it out, you will be happy with this masterpiece. don't listen to the other people on the site. its very good. trust me, i am good at reviewing movies. I'm a future movie critic. i totally want to buy this movie. and you will too when you see it. it is amazingly awesome.",positive
"A cheesy ""B"" crime thriller of the early '50, the story is droll, the characters wooden, Allison Hayes and Abbe Lane are the only two sexpots that make it an eye-catcher, but one short shot, only a few frames long, shows an ""el"" train crossing the river on the State Street bridge, of the 6000 series Pullman-built cars painted in their original 1950 paint scheme, as they were delivered when new in 1950. For traction fans like me, that one short take makes the picture worthwhile. I think films like this one, Ulmer's DETOUR, D.O.A. with Edmund O'Brien,THE FUGITIVE with Harrison Ford, and others of the film noir genre, (big city crime dramas) make it interesting if for nothing other than the fact that I know Chicago and San Francisco intimately and recognize most of the street locations. Other wise it's a really droll boring film!",negative
"Two Hands is a highly enjoyable Aussie crime caper, which ultimately succeeds by the way the film easily combines tense dramatic moments, with very funny characters and situations, to give the film the right balance and feel. The comedy of the film occurs naturally, and the laughs haven't been set up too elaborately & haven't been too worked at. It really is very funny, thanks to the fact that each character in the movie is excellently cast, and that each actor/actress recognises and can relate to the Aussie humor. They portray it very well and very realistically. Of course, they're helped out immensely by a fantastic script by writer/director Gregor Jordan. I was reading another review of this film by an American who had seen it, and he heavily criticised it, basically passing it off as a Pulp Fiction clone. I think that that's just rubbish. This film isn't trying to be Pulp Fiction, the feel and style of each of this excellent films are totally opposite. Without wanting to sound superior or arrogant, I think to fully understand this film; the humor, the sincerity, the characters, etc....you have to be Australian, or at least understand the culture, which the other guy obviously didn't have the faintest clue about. Some Americans, whose reviews of certain non-American films, seem ignorant to (and have trouble comprehending) anything that isn't an American product. It's a real shame, because this is a really great film. The love story featured between the main character and the girl is also portrayed in a very real, sincere and sweet way. I'm very proud to have this film in my collection. 4.5 out of 5.",positive
"Black Candles is rather a muddled mess from the same director that brought us ""Vampyres"" and much later, ""Rest in Pieces"", among others..I'm only noting the ones I've seen. At any rate, we have a couple making love and then somewhere near by a pin is poised over a voodoo doll and then pierces it, and the man keels over. Not sure if it was good for either of them, at that point. Fast forward to where the man's sister has come to the house to investigate and hear the reading of the will, or something to that effect, and of course everybody else except her is in on something, which happens to be devil worship. It's really hard to say who is who at moments during the movie and it does get a bit confusing at times. To spice things up though, there's a simulated bestiality scene (I HOPE it's simulated) with a black goat, sure to be a crowd pleaser. Ugh. At times this echoes ""Rosemary's Baby"", minus the baby, because the hostess is always giving one woman herbal tea and the place reeks of whatever nasty Satanic herbs these are too, because that keeps getting remarked upon. However, the herbs aren't the only thing that reeks about this film. The end seems to be back to the beginning again, and many viewers might find themselves wondering where they've been during the middle part. It's not unwatchable, it's just not very good, and I guess it all depends on what you like to see in films, and there wasn't much here that did anything much for me. 3 out of 10.",negative
"I claim no matter how hard I seek I'll never find a better movie version of ""Othello"". If you love Kenneth Branagh's magnificent masterpieces ""Much ado about nothing"" (1993) and ""Hamlet"" (1996) as much as I do I'm dead certain you'll also find Oliver Parker's ""Othello"" irresistible. Laurence Fishburne has been in a various splendid roles during his career. He was quite terrific in ""Boys n the hood"" (1991) - I've always considered his amusing role of Furious Styles as his very greatest achievement. That was, of course, way before I saw this.<br /><br />He plays the part of Othello and he is probably in the most challenging role of his whole career but he does a brilliant, fantastic job. Irène Jacob is absolutely charming Desdemona and Kenneth Branagh is just simply phenomenal in a most fascinating role of the story's crooked, manipulate villain Iago. Marvelous ""Othello"" is part of the absolute elite among Shakespeare's ingenious works. It deals with his favorite topics: crookedness, envy, deceitfulness and jealousy. This movie adaptation is certainly one of the finest films I've seen that's based on William Shakespeare's plays.",positive
"When I was a kid, I remember watching this while visiting a friend of our ""Uncle"" Phil. We're Back! A Dinosaur's Story is a silly cartoon about a dinosaur called Rex (voiced by the wonderful John Goodman). He tells a little boy dinosaur the story about how the dinosaurs came back to Earth to live. He explains that he was part of the thing that brought them back, along with some friends. The Doctor/Professor villain of this film I think might have been responsible for them being them back, but I don't care about him. The kids might like this, but personally it is just too cheesy. John Goodman was probably the only decent thing. Poor!",negative
"THHE2 is entertaining in that you'll laugh a lot and cringe and probably say ""oh sh*t!"" and ""get your face away from the goddamn hole you dumb**s"" or things along those lines but I don't know if its really worth seeing- I was very annoyed throughout the entirety with the horrible military characters who don't seem to know the first thing about combat.<br /><br />Yes there was more violence, gore, and a higher body count than the first one but I am still am debating whether that cancels out my feeling throughout the whole movie about how ridiculous it is (and not a good ridiculousness like Dead Alive or Feast). My time would have been better spent watching Aja's remake for the 5th time.<br /><br />So go for some laughs, or go for some gore, but don't go hoping to come out of it satisfied.",negative
"This is easily the most disappointing, least gratifying movie of the entire so-called blacksploitation genre, which, by the way, are films we generally enjoy a great deal in our home. Rather than being ""exploitation"" or demeaning, these films actually provide a priceless insight into an era. Well, not Bucktown.<br /><br />In this story, Duke returns to Bucktown to operate the night club left to him by his recently deceased brother. He quickly learns that the city is entirely controlled by a corrupt police force, bleeding protection money out of all the local businesses. Duke resists, and determines that he will rescue the city from the corrupt police. Unfortunately, he does so by calling in a posse of his friends (these people are vaguely explained as some former black-militants who have worked with Duke on ""jobs"" in the past) and they simply murder the entire police department in cold blood. And literally in the presence of hundreds of witnesses who do nothing to stop it. Ignorance is not a justification for murder, and it would have been much more entertaining to see the Cracker Police suffer for their actions as opposed to merely getting whacked in the street. While revenge is a ubiquitous and generally satisfying theme in films of this genre, it is a far cry from seeing Pam Grier track down the thugs who off'ed her family, cuss them out, give them a jujitsu ass-kickin' and set their 'fro on fire. That has art (and a reason for existing) and merits a level of respect that is quite undeserved by simply shooting someone in the back. Of course, in this bizarre tale, she is playing a woman completely under The Man's thumb, afraid of the Crackers who run her town and oppress her people. Indeed, her advice to Duke is, ""Run, man, they gonna kill you!""<br /><br />Following the sickening and gratuitous violence, we are expected to believe that the town's mayor wholeheartedly condones the actions of Duke and his friends, congratulating them and offering to throw a parade in their honor, as opposed to, say, calling the district attorney to press capital murder charges against them and have them taken into custody. Duke's posse declines the parade and instead opts to fill the numerous vacancies on the police force created by their recent killing spree. They immediately prove to be even more corrupt than their Cracker Police predecessors (to quote the mayor, ""They are ten times worse than what we had before!""). Now Duke finds he must again rescue the citizens of Bucktown from corrupt, protection-racket law enforcement officials and again make it safe for decent folk to operate a prostitution business in the streets. Unfortunately, Duke has already lost all moral high ground and sympathy due a hero, as he was a willing participant in the murder of the original police force. I wouldn't have cared one way or the other if he had rescued Bucktown or gotten plugged himself at this point. I suppose we are to be entertained by the clever way Duke has to outsmart the new Police Goons, but in reality the film has now just become an opera of gratuitous violence, Duke murders all of his former friends and allies in cold blood with the same absence of compassion he had when gunning down the Cracker Police. Duke is a pig.<br /><br />Finally, when everyone in town but Duke, Aretha, and the employees of the local brothel are dead and bleedin' in the street, our hero and heroine walk off into the night as though they had some admirable qualities or redeeming values; they don't. Duke is merely a murderous thug and Aretha his enabling misogynist accomplice. If you are interested in this genre of film, by all means, I highly recommend them, see Coffy, Foxy Brown, Truck Turner, Blacula, Sheba Babybut if in the process you should run across this DVD, throw it as far away as you possibly can! Drop it like it's hot! It should be treated as one would treat a glowing puddle of nuclear waste! There is no single film in the entire Blacksploitation era that is not dramatically more entertaining, satisfying and populated with more sympathetic and admirable characters than this piece of slime, obviously written by and targeted at some hormonally imbalanced high school sophomores.",negative
"The Monkees, surprisingly, are a big favorite of mine. Yes, they might have been the original manufactured rock band; a gimmick that certainly has reached overkill in the 21st century. However, their music holds up as some of the best the 1960's had to offer. Last Train To Clarksville, Daydream Believer, I'm A Believer, (I'm Not) Your Stepping Stone, Valleri and Pleasant Valley Sunday are great songs, written by good songwriters such as Boyce/Hart, Neil Diamond, Goffen/King and John Stewart. While they weren't great musicians or songwriters, they had a likable screen presence and plenty of appeal and some of their own stuff was actually decent. Their T.V. show is dated stuff in 2007 but I still watch the show on occasion as a time capsule to life in 1966-1968; that magical and dangerous time in U.S. history.<br /><br />However, as we all know, as a portent of things to come for the likes of Kelly Clarkson, The Monkees didn't want to be considered manufactured and just puppets for their recording company. Despite their average talents, they wanted to write their own songs, produce their own albums and call the shots when it came to tours. Sadly, this turned out to be a disaster; especially when Peter Tork's choice of Jimi Hendrix as an opening act was nixed due to his stealing of the show and heavy sexual suggestions in his music compared to The Monkees G-Rated content.<br /><br />However, the final nail in the coffin for the Monkees (until 1986) was the infamous motion picture Head. Head was written by Bob Rafelson and Jack Nicholson while they were allegedly high on the Mary-Jane. The film received poor reviews and only made $16,000 in the box office. Today, the film is a cult classic, ahead of its time and delivers a message of what was on the minds of the youth in 1968, the Summer Of Anger.<br /><br />Head really has no plot. Basically, one to four of The Monkees lurch from scene to scene without any rhyme or reason. They go from eating in a diner, to seeing Davy Jones getting bashed by Sonny Liston, to a Western, to being sucked into a vacuum, to performing at a concert and so forth. The film basically offers up oblique opinions of what was wrong with American society. The Monkees bash commercialism, the war in Vietnam, American policy, censorship, the Establishment and greed. You have to read between the lines to see what the targets of derision were.<br /><br />The Monkees spend a lot of time boxed up at certain junctions of the film, symbolizing how they felt their record company saw them; as nothing but toys for them to play with when it was time to record another hit album. A scene where they are outnumbered 16-4 in the Western scene could be a symbol of them against the session musicians, songwriters, record producers and whatnot who controlled their careers and the cannon they fire at them is their way of saying ""Begone!"".<br /><br />The film is truly a psychedelic trip to behold. The flashy tie-dye colors, the hypnotic concert and belly dancing scenes and the druggy imagery is everywhere. The acting is actually very good but that's being biased as I like The Monkees T.V. show. A small soundtrack features ""The Porpoise Song"" and three songs written by The Monkees themselves.<br /><br />The film actually has some hilarious scenes on occasion; although maybe they weren't supposed to be. Mickey Dolenz beating up a Coke Machine that didn't give him a soda or his violent punch-ups in the boxing scene (I mean, he was a wiry guy who probably weighed no more than 135) had me laughing it up.<br /><br />All in all, this movie is an absolute must-see for any Monkees fan. I think a lot of people will feel this movie is indeed ""over their Head"" but for those obsessed with the 60's and society at the time will find it a great time capsule.",positive
"Annie Rooney lives with her officer father and brother Tim in the slums of New York, where she is constantly getting involved in many fights with the other neighborhood kids. Annie secretly has a crush on Joe Kelly (whose little brother Mickey is head of the gang that Annie constantly battles), who is in a gang that is headed for trouble, says Officer Rooney. Kelly sponsors a dance, where Tony plans to shoot Kelly in order to get even with him for making him look like a fool in front of his girl, but Officer Kelly gets fatally wounded instead. Tim (part of Kelly's gang) is told by Tony, and friend Spider, that Kelly shot his father, so he goes after him in vengeance. Annie learns of this and goes to stop her brother, if she is in time. Very good mix of humor and heart in this film, even though the plot doesn't start until the 40 minute mark of the film. Pickford is enjoyable (even though she was 33 playing a girl no more than 12-13) and really gets into her character. Haines doesn't play Kelly as tough as he should, but is able make the audience feel for him on an emotional level. The scenes where the officer tells Annie of her father's death and the ending really put a lump in your throat. The mix of all sorts of kids throughout the film are fun to watch. Rating, 8.",positive
"It's funny... one day before i have seen this movie i had been watching a documentary about Leni Riefenstahl, so comparison kind of came automatically... of course there isn't any :)<br /><br /> This movie is weak in every aspect... acting is not convincing (especially the one who plays Simona...) and unnatural..., editing in confused and always leaves a taste of unfinished shot, music doesn't fit, the story doesn't flow, it gets boring and the movie comes out much longer as it is... oh, and the characters aren't very well shown, you actually can't tell much about the girls (except what you see)... The movie also tries to shock with explicit cursing (which is very laughable :)<br /><br />So... 2/10",negative
"If you want to be cynical and pedantic you could point out that the opening where a RAF Lancaster bomber is mortally wounded on the 2nd of May 1945 is somewhat unlikely since German air defences were as lively as Adolph Hitler on that day but this isn't a movie that should be viewed by a cynical audience and I guess a character being killed in literally the last hours of the war adds to the poignancy . In fact you'd have to have survived the second world war to fully appreciate the intellect , beauty and soul of Powell and Pressburger's masterpiece . The scenes of heaven are painfully twee when viewed today ? Again you have to view the movie of the context when it was made . RAF bomber command lost 58,000 men during the war , the same number that America lost in 'Nam but during a shorter period and a far , far smaller pool of active combatants , there's no atheists in a fox hole and I doubt if you'd lost a relative during the conflict you'd view material atheism as being a sensible thing . When Richar Attenborough's young pilot looks down in awe at the sight below him many war heroes must have openly wept at this scene as they remembered much missed comrades who didn't survive the war . Also bare in mind that despite losing several million people from 1939-45 there seems to be very few people from Germany passing through the pearly gates . it's obvious Nazis don't go to heaven <br /><br />The plot itself where dashing young pilot Peter Carter arguing for his life in front of a celestial court wouldn't have had much appeal to me if it wasn't for the subtext , you see A MATTER OR LIFE AND DEATH is a highly political and visionary film that laments the end of the British empire as it's replaced by American ambitions . There's little things that show up the film as being made by people aware of American history and culture . One is the ethnic mix of America , even today many Britons think that the USA is overwhelmingly composed of White Anglo Saxon Protestants when in fact only 51% of Americans are "" White European "" . The film rightly contains a scene where a multitude of different races confess "" I am an American "" as Peter is judged by Abraham Farlan , an Anglophobe who was the first revolutionary killed by British forces in The American War Of Independence . As for the "" special relationship "" between Britain and America - What special relationship ? Powell and Pressburger know their history when it comes to Britain and America . They obviously know their future too <br /><br />So remember to watch this movie with some of your mind in the past and some of your mind in the present . It's strange , beautiful , poignant and clever but most of all it's a film that would never ever work if it were made in the last 40 years . Can you imagine if the story was set in 2003 and revolved around a British soldier killed in Iraq ?",positive
"This movie is up there with the all-time classics. The music, camera shots, and acting are excellent. Showing the movie in black and white gave it a much better appearance and complemented the music perfectly, like Psycho. Its surprising how so few people have commented on this movie. My guess is that its a hard movie to find. I gave the film a 9. See the movie and you'll know what I'm talking about.",positive
"lovely. i just love the movie. i want to see this movie because Rupert Grint is a fantastic actor. his expressions are great, spectacular. the movie was excellent. Julie Walters it was perfect too. I think that Rupert is the only boy with red hair that i love. Rupert have a beautiful smile, a beautiful voice. and a wonderful accent. i think that the movie was great and was great see Rupert in another thing but harry potter. and its a very good actor, so it deserves that and more. he just have a golden globe but probably it deserves an Oscar academy award. there are some actors that do not act very well but have a Oscar anyway. it does not matter. but he is perfect, brilliant and beautiful",positive
"Fascinating downer about a would-be male hustler in New York City forced to live in a condemned building with a crippled con-man. Extremely bleak examination of modern-day moral and social decline, extremely well-directed by John Schlesinger (who never topped his work here) and superbly acted by Jon Voight and Dustin Hoffman. Packs quite a punch overall, yet the ""fantasy"" scenes--some of which are played for a chuckle--are mildly intrusive, as is the ""mod"" drug party. The relationship that develops between the two men is sentimental, yet the filmmakers are careful not to get mushy, and this gives the picture an edge it might not have had with a lesser director than Schlesinger. Originally X-rated in 1969, and the winner of the Best Picture Oscar; screenwriter Waldo Salt (who adapted James Leo Herilhy's book) and Schlesinger also won statues. ***1/2 from ****",positive
"Dear God! I kept waiting for this movie to ""get started""... then I waited for it to redeem itself... and when it did neither, I just sat there, dumbfounded that: 1) it could possibly be this bad, and 2) that I had just wasted a couple of hours on just sheer stupidity. I had faith that Drew couldn't possibly have made this bad of a movie... and boy, did I ever lose my faith! Don't bother with this one! Drew tried, but the movie was poorly written, poorly acted, and just poorly conceived! I can't believe a script this bad ever got funded! It had a million chances to actually do something with the idea, (the word ""concept"" is too big for this movie to even qualify for!) and it STILL didn't go anyplace! Its just pitiful! Where the other reviewer got the idea that it wasn't the worst, baffles me! Because believe me, if it got any worse I'd have slit my wrists before finishing it!",negative
"This movie was one of the worst I have ever seen (not including anything by or with Pauly Shore). I couldn't believe that a film could actually be THIS bad!<br /><br />Coolio has to be the single worst actor (again, not including Pauly Shore) to ever ""star"" in a movie. The temptation to hit the STOP button during this movie was huge (in fact, if there was a THROW IN THE TRASH button on my VCR, I would have been inclined to press that).<br /><br />Do yourself a favor, and do something more interesting than watch this movie, like watching the grass grow, or watching golf on TV.",negative
"I have been a Mario fan for as long as I can remember, I have very fond memories of playing Super Mario World as a kid, this game has brought back many of those memories while adding something new. Super Mario Galaxy is the latest installment in the amazing Mario franchise. There is much very different about this game from any other Mario before it, while still keeping intact the greatest elements of Mario, the first noticeable difference is that the story takes place in space.<br /><br />The story begins much like any other Mario game, Mario receives a letter from Princess Peach inviting him to a celebration at her castle in the Mushroom Kingdom. Upon arriving at Peach's castle Mario finds Bowser and his son (Bowser Jr.) attacking the castle with their airships. Bowser kidnaps Princess Peach and then lifts her castle up into space. In the midst of the castle being lifted into space Mario falls off and lands on an unknown planet. Mario is found by a talking star named Luma and is taken back to the Luma's home, a floating space station, here Mario meets many other Lumas and also meets their leader, a woman named Rosalina. Rosalina tells Mario that Bowser has taken away the space station's Power Stars and scattered them across the universe, it is up to Mario to help the Lumas find them and save Peach, thus the adventure begins.<br /><br />The way you play the game is by flying from the space station to other galaxies, each galaxy consists of multiple planets that Mario travels amongst in levels via these shooting stars to retrieve the Power Stars. Mario can at many times walk all the way around planets without losing gravity, some planets are small and others are big, many planets are similar to classic Mario environments. The best thing about the game are the controls, all of the stuff like jumping and such is still the same, but the wiimote is used in many unique ways in this game. You shake the remote Mario will perform a spin that is used as the primary attack in the game, and it will as well activate the shooting stars. You can also point the remote at the screen and use the pointer to fire star bits at enemies or objects in the environment. Then there is the graphics, these are by far the best graphics on the Wii, it is just so hard to describe how great this game looks, you could probably almost say it looks as good as some 360 games.<br /><br />My only minor gripes is that the going upside down effect takes some getting used to, and also the story is pretty weak. The worst part is that you lose all of your lives when you turn off the game, no matter how many you had when you last quit you restart at 4 lives. Still these minor problems aside it's a superb game that is highly entertaining and is very challenging. This is the type of game that we've been waiting for on the Wii.<br /><br />A perfect 10 out of 10!",positive
"I loved it, it was really gruesome and disgusting. I thought that the tearing of the human flesh was thoroughly provacative. the way that it was depicting the human crucifix about Jesus Christ was really interesting. The tearing about limbs and jaws was awesome brutally gruesome. Don't watch this if you have a weak heart, you wouldn't be able to stand it.",positive
"I would reccomend this film to everyone. Not only to the fans of the rocker Luciano Ligabue, but to all film-buffs. Because it's sincere, moving, funny and true. Because Ligabue is a born storyteller and a film lover, and every frame of his film is made with love and care. Because his characters are loved and ask to be loved. Because most of the Italian debut films are lousy and this one, done by an outsider, is a real joy to watch and to listen at. Because Stefano Accorsi is gorgeous and reminds me of Andrea Pazienza, who was, like Freccia, beautiful and talented and good and lost his life because of the heroin, that Ligabue shows as it is, unglamorous and ugly, without indulging in easy moralisms. Because it's a film that speaks to our heart, our ears, our souls. And because I lived the experience of the FM radios and it was exactly like that. Thanks, Luciano!",positive
"Anyone that is looking for an episode of ""Law and Order"" or ""CSI"" would have to look elsewhere as the most basic elements of police or forensics work were totally ignored in this case.<br /><br />A murder took place, and all the police did was to grab a 15-year-old boy off the street and take him to the only witness - a 65-year-old man - and say is this the guy who did it? Sure, the old man thought that the kid in the back of the police car had to be guilty. never mind that he looked nothing like the real killer and was dressed completely differently. He must have shrunk, reversed his age by 5-10 years and changed clothes.<br /><br />The police made absolutely no effort - and they admitted it! The did no forensics on any of the evidence, they questioned no other witnesses, and they beat a confession out of a 15-year-old.<br /><br />The saddest thing about this compelling look at the criminal justice system is that it occurred right down the road in Jacksonville, Florida. Let everyone now start talking about ""Southern justice.""",positive
"I used to LOVE this movie as a kid but, seeing it again 20+ years later, it actually sucks. Up The Academy might have been ahead of it's time back in 1980, but it has almost nothing to offer today! Movies like Caddyshack and Stripes hold-up much better today than this steaming dogpile. No T&A. No great jokes except for the one-liners we've all heard a million times by now.<br /><br />I recently bought the DVD in hopes that it would be the gem I remembered it being. Well, I was WAY off! The soundtrack had only 2-3 widely-recognizable hits (not the smash compilation others had mentioned) and the frequent voice-overs were terrible. The only thing that was interesting, to me, was predicting what the character's lines were before they said them. Yep, I watched this movie that much back then! <br /><br />The only reason I am writing this review is to give my two cents on why this movie should be forgotten, sorry to say. :(",negative
"In terms of the arts, the 1970s were a very turbulent era. In literature and the visual arts, it was the closing of a great fifty or sixty year period of creativity that has yet to be restarted. In music it was a decade that many see as a low point, due to corporate rock and disco. On television it was a Golden Age for situation comedies, from The Odd Couple to the Mary Tyler Moore Show to M*A*S*H to All In The Family, but in film it was even a greater period of creativity, in all genres, that saw the rise of the American auteur- directors like Robert Altman, Francis Ford Coppola, and Martin Scorsese- from the ashes of the old studio systems that had dominated Hollywood for over half a century. These directors wanted to craft literate, arts films for the masses, of the sort that had been staples in Europe since the end of the Second World War. Yet, the studios were trying to keep pace, with socially aware films of the sort not seen since the 1930s.<br /><br />But, unlike the films of the 1930s, starring actors like Jimmy Cagney and John Garfield (usually co-starring the Dead End Kids), that dealt with social issues in a gritty realistic way, or as realistic as one could get on a sound stage, the social consciousness of the late 1960s and early 1970s manifested itself most in science fiction films, which allowed the Left Wing of Hollywood to preach to the masses under the guise of what most considered little above comic strip entertainment. There was precedent for this approach, for several of the flying saucer films of the 1950s dealt with the political zeitgeist of the McCarthy era- most notably The Day The Earth Stood Still and Invasion Of The Body Snatchers. And the early 1960s saw Rod Serling constantly subverting the political conservatism of the time by casting social issues into science fiction settings on his classic sci fi television anthology show The Twilight Zone. Among the studio offerings of this time were the ecologically sensitive Silent Running; George Lucas's first film THX 1138, which dealt with consumerism, group think, and existentialism; and Logan's Run, which hammered away at Communism and state control versus the rights of an individual. Some of the film's references are quite heavyhanded- and reek of the then current Arab oil crisis and rampant inflation. A few jarred strawberries cost $150, and Soylent rations its assorted colored foods- Soylent Yellow, Soylent Red, and the new Soylent Green, reputedly made from 'the finest undersea growth,' in a manner not unlike the gas rationing of the time. Scenes of food riots are eerie echoes of the oil riots at many gas stations during the year of the film's release, and the scenes of crowding, and bodies, live and dead, lying all about are still chilling, as well as influential. A later film like Escape From New York is an obvious progeny. The rest of the script, by Stanley R. Greenberg, however, is rather pedestrian, and fairly standard for a dystopian flick, but Fleischer and cinematographer Richard H. Kline do a great job of filling the screen with interesting images and sounds, to spice things up. The use of soft, dimly lit visuals, murkily filtered, add a Stygian feel to the New York of the film, almost like a colorized version of Carl Theodor Dreyer's Vampyr. The only light in the film comes from artificial sources, and were it not for the fashion faux pas the film could truly seem timeless.<br /><br />The end of the film, where Thorn sneaks into the processing plant where human corpses are made into Soylent Green wafers, is both chilling, and oddly drama-less. In the end, the Soylent minions hunt Thorn down, but he survives long enough to utter the film's catchphrase to Chief Hatcher. Yet, one does not know if it is enough, for Hatcher has already been co-opted, and has a track record of taking the easy way out. Yet, that fact, and its ambiguity, shows that the film does not recapitulate its characters' dilemmas, and has a depth many later, better made films, sci fi or not, do not have. It is also why Soylent Green is still a film worth watching.",positive
This movie was a fascinating look at creole culture and society that few African Americans are aware. My own two children are by products of a paternal grandmother whose father was a member of the gens de couleur libre and a black skin woman whose parents were ex-slaves. He married outside of and against his culture and was cut off from all of his family except for one sister who took pity on her brothers plight; raising 8 children during the great depression of 1929; providing the family with food whenever she could. Of course she clandestinely aided this family fearing for her own ex-communication. My daughter was fascinated by the movie. We have made it a part of our library.,positive
"Do you know that they want to escavate the Moon for real?And in Geneve there is the debated project that could lead to make possible time machine?All i can say about this movie that is based on facts about future(at the time of the movie)scientifical projects but real. Hope the moon will exist not happen as in the movie. Now about the movie itself, I saw the original movie too, and I also read the book. The book I didn't like though, but the movie yes.I totally agree with a previous comment that this movie was depressing,unlike the 60's one.That was very good with force, this one was only a paralled future of what is good movie.",negative
"I've been looking forward to the release of this movie since I first heard the concept two years ago, and I was not disappointed. I won't bother summarizing the story since everyone else has, but I will say that it was just plain entertaining throughout. The performances were great, as was the music, and the main characters were likeable.<br /><br />My only complaints are: (1) the story was definitely lacking; the movie wrapped up very abruptly- in fact the writing became pretty lax in the second half, as though the writers weren't sure what to do with the plot. Since the plot wasn't nearly as important as the music and the action, this didn't really affect the entertainment value of the film, so this is not as major a complaint as it would seem.<br /><br />(2) This is really nitpicky, but the music that the characters in the movie were listening to was sometimes dated after 1985, when the movie was set. INXS' Devil Inside was from 1987 and AC/DC's Are You Ready was from 1990, among other mistakes. This bothers me a bit, since they obviously went to lengths to make a good period piece, they could have checked the copyright date on these songs to make sure they were 1985 or earlier. Again, not a big deal.<br /><br />Oh, I thought of something else that was strange. The Steel Dragon band members were supposed to be English, but for some reason Dokken bassist Jeff Pilson and Ozzy guitarist Zakk Wylde played band members, and they each had a couple of speaking lines in AMERICAN accents. That was kind of lazy also, but it was still cool to see actual musicians playing musicians, so I will forgive that as well.<br /><br />I could probably nitpick all day, but I don't want to give the impression that this wasn't a super entertaining movie. I will probably buy the DVD when it comes out, and I will certainly buy the soundtrack CD simply for the six Steel Dragon songs (some of which were sung by the singer from the band Steelheart, if you remember them!). The highlight of the film was possibly a great outtake where Mark Wahlberg is lipsynching to a rock song on stage and suddenly someone plays ""Good Vibrations"" by Marky Mark and the Funky Bunch. The surprised look of Mark's face is priceless. Classic rock and roll flick! Score: 8/10 due to extreme entertainment",positive
"I am not one of those people that will walk out of a movie that was based on source material and automatically say, ""The book was better."" I know better than to demote the value of a movie just because it wasn't a faithful adaptation. There is a lengthy process and lots of decisions that go into making a movie that are sometimes out of the director's/editor's/cinematographer's/producer's control and certainly out of the original author's control. Therefore, it is unreasonable to expect a movie to be exactly the same, word for word, as a book or play or video game or Disneyland Ride, or whatever! A movie should be judged on its own standard and how it fits in society. Moreover, a successful movie should be made because the material is relevant to the society which it belongs and, if it is based on source material, its relevance needs to be reexamined and enhanced by the filmmakers. <br /><br />Films like There Will Be Blood follow this paradigm because while it was based on a novel written at the turn of the century, Oil!, it feels relevant because of things like the Iraq war and energy concerns that the film's country of origin, the US, was and is experiencing. Even King Kong, based on the original film, benefits from using new technology and concerns of animal rights that people have.<br /><br />With that said, I just don't understand why they even bothered to make this movie? Besides the great performances, guaranteed Oscar nods and Shanley's director/writers fee and royalties he will get, this movie seems to come from nowhere. It should have simply stayed as a play. The movie (which is essentially the same as the play) says nothing new about the reprehensible sexual atrocities committed and in many cases covered up by the Catholic church here and abroad. It says nothing new or different than the original play. I can't help but compare this movie to another movie that came out at around the same time: Frost/Nixon, which was also based on a play. Frost/Nixon, while about Nixon's regrets, seems relevant because it seems to have come at a time when President Bush was about to leave office. The regrets that Nixon had, as depicted in the play/movie, about the war and his presidency could just as easily reflected on Bush and his presidency. In that respect Frost/Nixon seemed more relevant and actually benefited from a wider distribution via film because it got people talking and reflecting about the political status quo in the country at the time. In contrast, Doubt felt like it was yesterday's news and didn't seem to offer anything that the play didn't offer.<br /><br />Of course the movie is ""good,"" the performances are outstanding, and the screenplay adaptation is apt, but so what? Why didn't it just stay as a play? Why, besides marketing and financial reasons, make it into a movie? It gave audiences nothing new to discus about the awful subject.",negative
"This 1974 Naschy outing is directed by Leon Klimovsky, and a cursory glance at the publicity photos and packaging might lead you to believe that this medieval romp lies somewhere between ""Inquisition"" and ""Sadomania"". Sadly not.<br /><br />This is a strictly PG affair with tame torture sequences, no nudity and little edge at all. Naschy (of whom I am a fan) struts his stuff as Gilles de Lancre, ""antiguo Mariscal de la nacion"". Sadly he is more pantomime villain than anything else. One gets the feeling with this film that we have seen him (and it) done all before. Strictly therefore for Naschy completest only.",negative
"These days, Ridley Scott is one of the top directors and producers and can command huge sums to helm movies--especially since he has films like ALIEN, GLADIATOR and BLADE RUNNER to his credit. So from this partial list of his credits, it's obvious he's an amazing talent. However, if you watch this very early effort that he made while in film school, you'd probably have a hard time telling that he was destined for greatness. That's because although it has some nice camera-work and style, the film is hopelessly dull and uninvolving. However, considering that it wasn't meant for general release and it was only a training ground, then I am disposed to looking at it charitably--hence the score of 4.<br /><br />By the way, this film is part of the CINEMA 16: European Shorts DVD. On this DVD are 16 shorts. Most aren't great, though because it contains THE MAN WITHOUT A HEAD, COPY SHOP, RABBIT and WASP, it's an amazing DVD for lovers of short films and well worth buying.",negative
"Anyone who thinks Kool Moe Dee, Carol Alt, and Corey Feldman comprise a list of good actors must be smoking something I'd love to try sometime. Where to begin: lousy soundtrack, hammy acting, ""action"" in places. This is the typical amateurishly written hack fodder that washed-up has-been and never-was's love to star in. I actually felt embarrassed for the ""stars"" in this ""film"". The only thespian missing to top this turd was Gary Coleman, who if he would have been in the movie, would have made it at least somewhat howlingly bad, rather than just plain bad.<br /><br />There was one part in the film where Carol Alt screamed, ""DO YOU THINK I'M AN IDIOT?!?"" Yes, Carol, I do, your agent does, and PLEASE for the love of all that is decent and holy... GO AWAY and stop degrading yourself like this! This film is something Anna Nicole Smith would take part in.<br /><br />I would tell you what the plot was, but that would be one more sentence fragment to this article, plus my mind drifted many times during the movie anyway, so I barely paid attention.",negative
"I thought this had the right blend of character, plot, futuristic stuff and special effects without going over board. It will take a while to get going, but the acting was good and I was intrigued by the angel who is not to hard to look at. I like the attitude too! Certainly not like other attempts at futuristic stories.",positive
"Well, I was hoping I'd heard wrong about this film as I'm a big fan of Ruggero Deodato and really didn't want to see him slip up; but unfortunately, this Giallo-styled supernatural load of nonsense is just as bad as I'd been lead to believe it would be - and that's pretty terrible! The plot doesn't work at all, as the film attempts to blend murders and a supernatural theme through a telephone and it all feels very forced and silly. Furthermore, the plot doesn't make much sense at all, and you have to ask yourself ""what's the point"" numerous times throughout the movie. The plot focuses on a young woman living in an apartment block and being terrorised by a telephone. The best thing about the movie is undoubtedly the presence of the beautiful English actress Charlotte Lewis, and unfortunately the good points pretty much stop there. There are a handful of deaths scenes, some of which are gory; but all of which are incredibly stupid, the one that sees someone get killed by coins sticks out especially in that respect. Overall, I really can't recommend this to anyone; non-Deodato fans are unlikely to impressed, and Deodato fans are likely to find the film depressing. Avoid!",negative
"The movie is about two brothers that are supposed to be alike - but are not in any way expect for being smart - one is a surgeon and they other is able to write a computer code. Geniuses as they like to call themselves which sounds very exaggerated if you compare it to personal characteristics can you perceive from the material of the title.<br /><br />I honestly didn't like the style of the movie. I believe that anxiety, confusion and deep blues it brings are there for a purpose, but what I don't get is why there is so much of it. The movie is cheap on scenes and tells the story basically with no human aspect in it at all. It gives the comic book like experience. However it's visually numbing the viewer, it somehow brings him inside the blues with brief dialogs, monotonic scenes, dynamic cut, music and abrupt noises.<br /><br />The movie's storyline is very simple, most of what's going on is being dramatically pictured for long minutes, mostly in confusing delirium simulating effects of drug use and dynamic cuts.<br /><br />I will say openly that this movie didn't meet my expetations a tiny bit.",negative
"Arnold fans will holler in joy, fans of brainless action will holler in astonishment, and Catholics will just holler.<br /><br />Illogically written by Andrew W. Marlowe and ham-handedly directed by Peter Hyams, *End of Days* gets The Terminator out of his open-backed hospital gown (Arnold Schwarzenegger's return to the big screen after his heart operation), whilst blowing things up in Mysterious Ways and blaspheming Biblical verse to give Catholics something more to whine about.<br /><br />It is 1999 and doom-sayers the world over live in trepidation of their computers going fritz and losing their downloaded porn. Even as the technological stank of Y2K muttons the New York streets, ex-cop turned alcoholic security guard, Jericho Cane (Schwarzenegger, with the perfunctory ""dead-wife-and-kid"" back-story for Loose Cannon effect), must brave theological waters to save 20-year-old virgin Christine (Robin Tunney) from being conscripted as  wait for it  The Bride of Satan. Dun dah daaaarrrh! Stupidity ensues.<br /><br />For every anti-hero, there is his anti-Christ. Gabriel Byrne is the devil here  and he's out to party like it's 1999, on a mission to impregnate Christine with the Anti-Christ between 11 pm and 12 midnight, December 31, 1999  ironically, in the hour that all porn will be lost  thereby bringing about the End of Days. Being able to read minds, conjure hallucinations and employ limitless magic, it doesn't occur to Satan to expedite the impregnation process by appearing months in advance and courting Christine as a teen model and then closing the panty raid easily at the appointed time; instead, he appears on December 28th like a Keyser Soze Terminator and wonders why she doesn't welcome him with open thighs (See above comment re: stupidity.) Here is a movie where nothing makes sense the moment it is uttered, let alone after contemplating its veracity or mythology. A priest (Rod Steiger) tells Jericho that '666' is really '999' upside down with a '1' in front of it. So wait - *Prince* is the Anti-Christ?<br /><br />Satan Soze pursues Jericho and Christine (J and C  get it?) around town, at no point doing anything which would actually precipitate their capture. In one scene, Satan recreates Jericho's wife and child to tempt him into revealing where he hid Christine. But if he can see so deeply into Jericho's mind in recreating his family with enough nuance to inspire nostalgia, why can't he see where Jericho hid Christine not ten minutes ago? <br /><br />Satan can make an assassin talk without a tongue, yet he can't make that assassin unjam a semi-automatic weapon. And when Jericho shoots Satan at point blank range, Satan is courteous enough to open his shirt to reveal the wounds closing, so Jericho won't worry unduly about Satan's health - not sanitary to go about with open bullet wounds Matter of fact, instead of simply possessing Jericho himself to get close to Christine and rape her, Satan expends so much unnecessary energy on side-projects (crucifying the tongue-less guy, blowing up Jericho's partner (Kevin Pollak) and then saving him, and then blowing him up again, ridiculously battling Jericho when he could snuff him out with the effort of thought) that we wonder whether a more efficient assassin/lover shouldn't be put on the case  say, Antonio Banderas.<br /><br />What I find most precious about *End of Days* is Arnold's valiant attempts at The Method: ""sad"" means scrunching up his eyes and not blurting out anything in a foreign accent; ""depressed"" means raising a bottle to his lips and not blurting out anything in a foreign accent; ""deathly scared"" means widening his eyes and not blurting out anything in a foreign accent. There's definitely a pattern here, if we could only decipher it.<br /><br />In the end, the devil is dispatched not by the holy men whom Catholics pray to for deliverance from apocalypses such as these, but from the atheist Jericho. While the timid men of an impotent god exhort ""faith"" and quiver in their cells doing nothing about Satan actually walking amongst them, the Prince of Darkness is thwarted by a nullifidian with a big gun and a foreign accent. Which clearly says something that Catholics blindly refuse to hear: that even if the Devil were to exist, those who have been indoctrinated to unconditionally and irrationally fear him would be unable to conjure a belief in his downfall, let alone act towards it. Further, they might not truly WANT him defeated, for only through his contrary polarity does their god's existence become tenable.<br /><br />For it is written in the Book of Revelations: ""And the Prince of Darkness shall descendeth upon the Earth without any solid game plan, and impregnate a virgin on a date which won't have any significance until the Gregorian Calendar of the 1500s adopts the day numbering which will put it in sync with the equinoxes and the Anno Domine syntax which will annoy sensible people for millennia, by which time, Christians will have forgotten Christ's actual birth date and appropriated the pagan Saturnalia festival in its stead. And the Prince shall effect a Revolution through tight purple pants and ambiguously-lesbian band members"" I can believe the people being drained of blood and crucified, and the alcoholic built like a Mr. Universe; I can believe that a giant, supernatural monster can't kill a guy armed only with a foreign accent; I can even believe that the devil needs to perform some hokey thirteenth century Celtic Druid ritual as foreplay - but what I cannot believe is the 20-year-old virgin in New York City in 1999.<br /><br />Especially around Prince...",negative
"There are plenty of comments already posted saying exactly how I felt about this film so Ill keep it short.<br /><br />""The Grinch"" I thought was marvellous - Jim Carrey is a truly talented, physical comedian as well as being a versatile clever actor (in my opinion). Mike Myers on the other hand gets his laughs by being annoying. I used to like him very much in his ""Waynes World"" and ""So I Married an Axe Murderer"" days - but Ive never been fond of Austin Powers and ""the Cat In The Hat"" has just finished me off. <br /><br />This film was horrible - the gags were horrible! inappropriate for children not only in adult content but in the fact that some of them were so dated they havent amused anyone for 50 years! The plot was messy, messy, messy! Its a shame really because the children were very likeable as was ""Mom"". They probably could have picked a better villain than Alec Baldwin - but he could have pulled it off if it weren't for Myers ugly, revolting over-acted portrayal of the Cat.<br /><br />I mean - did Myers even glance at a script? Was one written? The other actors seemed to have one - but the Cat just seemed to be winging it!<br /><br />On the other hand I would like to mention that the sets and props were marvellous!!! But unfortunately they cant save this film.<br /><br />Poor Dr Seuss - the man was a genius! Dont ruin his reputation by adapting his work in a such a lazy, messy way!!!<br /><br />1/10",negative
"I saw the trailer for this film before watching Titanic, and I must admit that it whetted my appetite. Volcano seemed to be quite spectacular and full of promise. But what a damp squib. Corny is not the word for the script, and the characterizations are often ludicrous. The stupid daughter is just beyond belief - she is supposed to be 13 not 4. But then the scientists,firemen and peripheral characters don't offer any more. This movie ranks just in front of Cruise II and Twister, but only because those 2 films are completely appalling. This does have some reasonable effects, but overall its a 1 out of 10. Don't waste your time",negative
"Most italian horror lovers seem to hate this movie since because it has no connection to the first two Demons films. And with the ""Demons III"" in the title, one would assume it would. The problem is that this film was never intended to be part of the Demons series. The distributors only a ""Demons III"" above its original title ""The Ogre"" to cash in on the other films popularity. The new American DVD release of this picture has the title ""Demons III: The Ogre"" on the box art but the film itself only says ""The Ogre"". I don't know if past releases had the title ""Demons III"" on the actual film itself, but this new release just seems to be a little white lie. If you can get past the ""Demons III"" in the title, you might some enjoyment in ""The Ogre"". It starts out with a creep intro, and stays pretty creep throughout. There's no gore and the film movies slowly, but I still dug it. Just don't expect it to be like the other Demons films. I give ""The Ogre"" 7 out of 10. Italian fans should try it out.",positive
"I have seen previous movies from Cédric Klapisch, and therefore expected a quality movie with psychological depth. Having been an Erasmus student myself and having visited several friends studying abroad, I know very well what it means to spend some time abroad and mix with different cultures at the same time. Yes, it is great fun! Because of that I thought I should not miss this movie. Unfortunately I was disappointed to find that L'Auberge Espagnol fails to satisfy in many ways: the characters are stereotyped, the events are trite and the story is shallow. Although there are quite a few familiar situations, they are irritatingly cliché and do not go beyond the trivial events. This made the movie uninteresting to watch, and gave me a strong ""been-there-done-that-don't-you-have-anything-to-add?"" feeling. Apart from that, the movie lacks a firm story. It sometimes looks more like a documentary or 'real-life' show than a seriously made movie.<br /><br />However, I can imagine that if you haven't studied or travelled abroad, this might be fun to watch.",negative
"Mickey Rourke is enjoying a renaissance at the moment... and fair play to him. I always liked his image and his acting ability in such fare as Angel Heart and Johnny Handsome. You know what you are going to get with Rourke - mean, moody, dirty. But this film gives you much more - and you don't want most of it.<br /><br />First and foremost - this whole thing just doesn't make sense. Rourke is a hardened IRA killer who after killing a bus-load of schoolchildren flees Ireland for London. He is on the run from the cops and from his own Army comrades. He has also vowed to never kill again. It looks like the bus full of kids finally did it for him.<br /><br />However, when he gets to London he is tracked down by a local mobster (Bates - looking like his eyebrows and hair came straight off a Burton's dummy) to kill his main competitor in turn for £50,000 and a boat trip to the US. Rourke reluctantly agrees to do it but is seen by a priest (Hoskins) and confesses the crime to him in the confessional in order to keep the priest's mouth shut. He figures it is better than killing him.<br /><br />A wealth of things arise here which just don't add up : 1. Why pick Rourke to off your competition? As is illustrated by a scene whereby an employee is pinned to a wall by a couple of heavies with what look like awls - these London guys are tough enough anyway to do their own killing. 2. Not only that but the Mobster gets a guy to follow Rourke and witness the killing with his own eyes. Why didn't that guy simply kill the competitor and save all the hassle of dealing with Rourke? 3. Hoskins sees the murder take place and the police let him go off - without protection, I may add - to take confession? No way. 4. Rourke hangs around the church (right next to where he carried out the murder ) immediately after the crime takes place to go to confession. Why aren't the cops checking the place out? 5. Rourke hangs around the church and Hoskin's blind niece in particular, for days afterwards without anybody bothering him. What? He's on the run and he stays put by the very place where he committed another murder? Stupid. 6. The cops actually meet Rourke in the church ""fixing"" the organ and have no idea who he is. Do they not know he is on the run for the school bus bombing? They don't even check up on him? 7. Why get Rourke to kill for you, and then tell him to wait around for a few days to get on the boat? You'd think you'd want to get rid of him immediately. Or kill him. One or the other? 8. Why does Bates' brother suddenly decide to rape the blind niece in the midst of all the waiting? Could he not restrain himself for a few days? At least until Rourke has been safely offed to the States? Ridiculous. 9. Rourke suddenly has inner turmoil after all his years of killing and wins over the blind niece immediately - even after she knows he is a killer, she still loves him? Again - utterly ludicrous. And besides - she falls in ""love"" with him in record time - a few days !!!! 10. The whole bomb thing at the end is just plain silly from Bates point of view. 11. Things happen in parts of this film that just do not make sense or are simply in there to help the storyline (and I say that in jest) along. Bates' houses Rourke in a whorehouse until the boat is ready to sail and Rourke suddenly displays a moral high ground to respect the whore in the house - but yet will bed a blind girl. 12. Rourke asks a henchman on the boat where Bates is - and the henchman practically spurts out the entire movements of his boss in less than 10 seconds. It was embarrassing - the guy was telling Rourke far more than he even asked. 13. Hoskin's priest is an ex-army guy and we see him beat up three henchmen behind a pub. Totally uncalled-for and yet another cringe-worthy scene.<br /><br />I'm gonna stop there at unlucky 13 without mentioning Rourke's hair (so falsely red it is laughable), his accent (which to be fair is not too bad sometimes but deteriorates to a barely heard mumble at other times), his clothes, walk, looks to the heavens etc. Nor will I mention the music and the choppy editing style.<br /><br />Oooppps - I have just mentioned them.<br /><br />Overall - a disaster of a film with some obvious religious imagery thrown in (Rourke on the cross, preaching from a pulpit) which would embarrass a first year film student never mind a top star and director.<br /><br />4/10.",negative
"Lovingly crafted and terribly interesting to watch Garfield's gritty, breakthrough performance (introducing a new kind of rebellious acting style that would carry over to the Brandos and Clifts and so on after the war) but all that sisterly affection is a bit suffocating. Priscilla Lane is a bright, engaging performer but the other sisters don't really register (though they're all allowed to be tart and witty) and I just had a hard time buying any of the other male characters besides Garfield. Jeffrey Lynn is a pleasant enough actor, but he lacks the movie star weight to match up with Garfield's hard luck Mickey Borden and that throws the film a bit out of whack. (Imagine a Jimmy Stewart or someone in the part.) Also, I was not convinced that Garfield would make the pivotal (to say the least) final decision that he made. The film needed another half hour of running time to better explain that action; it feels awfully rushed and under-motivated.<br /><br />Still, it's not hard to understand how anybody who grew up with this picture would remember it fondly. It falls short of being a classic, but it does contain a few classic moments. The two gate swinging scenes are pure movie magic.",positive
"I bought this movie sight unseen at a sci-fi convention and I got what I deserved for doing something so silly. Simply put this movie is implausible, boring and unwatchable.<br /><br />I was so bored and disgusted with the lack of plot development that I turned it off to watch a repeat of Mythbusters. I understand that this was a very low budget move, or least it looked like a very low budget move, but that does not excuse the horrible acting, terrible plot and even worse camera work. It looks like something a group of college students did in between classes and getting drunk.<br /><br />Maybe if the villain wasn't so laughable and the plot was something that actually could happen in real life with respect to law enforcement it might become so bad it's funny. This movie isn't funny, it's just bad.",negative
"Hugh (Ed Harris) is a hotshot, bachelor senator determined to run for president. One day, however, he happens upon an old high school classmate named Aggie. Aggie (Diane Keaton) is an accomplished and award-winning author with a lovely face and an independent spirit. Hugh is smitten. He convinces Aggie to become his fiancé. But, will Aggie have to sacrifice her principles of honesty in the world of politics, where things are not always what they seem to be? And, will she be able to withstand the rigors of a harsh media blitz? This is, mostly, a nice romance for those who adore tales of affection. Hugh and Aggie are absolutely in love and their banter and conversation are a good view. However, although the movie tries to show the political life in its reality, it doesn't completely succeed. Nevermind. The production values are high and the script is very elegantly written. With these advantages and the handsome personages of Keaton and Harris, those who sit down to the film will find it to be good entertainment.",positive
"The 1960's were a time of change and awakening for most people. Social upheaval and unrest were commonplace as people spoke-out about their views. Racial tensions, politics, the Vietnam War, sexual promiscuity, and drug use were all part of the daily fabric, and the daily news. This film attempted to encapsulate these historical aspects into an entertaining movie, and largely succeeded.<br /><br />In this film, two families are followed: one white, one black. During the first half of the film, the story follows each family on a equal basis through social and family struggles. Unfortunately, the second half of the movie is nearly dedicated to the white family. Admittedly, there are more characters in this family, and the story lines are intermingled, but equal consideration is not given to the racial aspects of this century.<br /><br />On the whole, the acting is well done and historical footage is mixed with color and black and white original footage to give a documentary feel to the movie. The movie is a work of fiction, but clips of well-known historical figures are used to set the time-line.<br /><br />I enjoyed the movie but the situations were predictable and the storyline was one-sided.",negative
"What is supposed to be a simple generic mystery plot involving a dead philanthropist is, in fact, a head-ache inducing tale about a bunch of characters (the only big actor being Ginger Rogers, in a very early role) all trying to find the murderer among a small cast of residents in a posh apartment building. These characters range from utterly stupid to downright mean. As a cheap, low budget production, most of the action revolves around Rogers and her lead man (some guy, I don't care who he is 'cause he really sucked) talking about their various possibilities of solving the crime, while being constantly cut off by an absurd detective with his head in his butt. Honestly, I've never had a worse time watching an old b-rate movie of this type, and I've seen some real head-slappers.<br /><br />Oh, and the butler didn't do it, because there wasn't a butler. But pay attention to the guy who's closest to a butler. There ya go.<br /><br />--PolarisDiB",negative
"I am a fan of the paranormal and I love Ghost Hunters so when this show first came out I decided to give it a try. I could barely sit through one episode. The show is so obviously staged. I mean come on, every single episode involves someone being possessed or involves a demonic force trying to kill the family. Another huge flaw is that these guys never debunk anything. When I watch Ghost Hunters they find evidence and try to disprove it and if they can't then it is evidence. On this show they find a voice or a piece of video evidence and they are very quick to call it a ghost. This completely ruins their credibility unlike TAPS and Ghost Hunters who actually know what they're doing. Honestly if you're interested in the paranormal and want to watch a show about it watch Ghost Hunters.",negative
"If you like The Three Stooges you'll undoubtedly like this 17 minute short. There were certainly some amusing moments in it, but like all the Stooges' work, this revolves around their particular style of slapstick comedy, and I have to confess that somehow the Stooges just never really did it for me. Their slapstick always seemed angry rather than funny, and even though it was obviously fake, their antics always seemed more likely to cause hurt rather than to cause laughter. In this short, the slapstick revolves around the attempts to find Shemp (who is a Professor of Music in this) a wife, because he's just inherited half a million dollars on condition that he marry within 48 hours of the will being read. One of his students is interested, but once word of the inheritance gets out , there's suddenly a long line-up of potential brides, and a pretty good cat fight emerges between them. Fans of the Stooges will enjoy. For me, it has all the elements that drive me nuts about them. 4/10",negative
"Two years ago at Sundance I loved Josh Kornbluth's directing debut-Haiku Tunnel. So I was looking forward to his brother (and frequent collaborator) Jacob's, The Best Thief in the World. This is a drama about a seemingly good kid growing up in a lower-class area of New York. The movie is not without its poignant moments. But at times it is as if Kornbluth is working way too hard to state the obvious: Life can be very difficult for some people. And life isn't fair.<br /><br />More subtle, and more important, is our understanding that despite all of these somewhat abhorrent cultural underpinnings and the anti-social behavior they may spawn, these characters have no shortage of goodness and humanity. We can recoil at their language and their living conditions, but we are cannot discount their intent. And in fact, their struggles to maintain a family under such adversity has a certain nobility that most of us can barely appreciate. Kornbluth grew up in this neighborhood, and his compassion for the people is evident throughout.<br /><br />Having said all this, The Best Thief in the World suffers from many painful flaws (including the title). The characters aren't very believable. The writing is uneven. And the plot-line is barely discernible. And for many the most disturbing is that Kornbluth uses two young black boys mimicking gangsta rap between scenes. To each his own: But while I don't question the potential realism of this phenomenon, it pains me to see 5-year-old children mf'ing and talking about having sex with a line-up of women. It's unnecessary shock value and is a forced bit of borrowed interest.",negative
"This third Darkman was definitely better than the second one, but still far worse than the original movie. What made this one better than D2 was the fact that The Bad Guy had been changed and Durant was not brought back again. Furthermore there was actually some hint of character development when it came to the bad guy's family and Darkman himself. This made my heart soften and I gave this flick as much as 4/10, i.e. **/*****.",negative
"I was a little to old for this show I was 6 when it first came out. First off when I was a young child there were a few children's shows that were on sesame street which I did watch and learned from, but other than that there wasn't much else. My Cousins were all born a few years after me 7 years was the first one more came latter. Barney was a very big part of what they watched. When I first saw this show I told my grandmother how it doesn't teach anything just uses magic to fix everything. I was 9 at the time, how many 9 years old have any idea what is really going on with a TV show. More and more that I saw or heard what the teachings of Barney were the more and more I told people how bad the show was. The funny thing is my parents who had a young child in the mid to late 80's which was me by the way. They agreed and said the same thing as I did. The sad thing about this is my cousins who are older now 13 and such still agree with what they saw. Its not cheating its creative, its not right to think differently than what someone tells you to. Its o.k to steal if the person wont find out or mind that it is gone. Lets be honest with ourselves, Barney is out to make money not teach children anything. The more flashy the program the more inclined children will be to watching it. Children are stupid not because they are not educated they just do not know any better, second Barney put on a show and parents bought it. I never believed that TV could affect people the way Barney does. If you have a young child read to them watch a show that teaches them numbers, do not let them get involved in this show. Barney is like smoking once is to much, smoke a few and your hooked let your kid watch this show they are hooked and one day their kids will watch the same crap and buy the same crap you bought",negative
"An art house maven's dream. Overrated, overpraised, overdone; a pretentious melange that not only did not deserve Best Picture of 1951 on its own merits, it was dwarfed by the competition from the start. Place in the Sun, Detective Story, Streetcar Named Desire, Abbott and Costello Meet the Invisible Man; you name it, if it came out in '51, it's better than this arthouse crapola. The closing ballet is claptrap for the intellectual crowd, out of place and in the wrong movie. Few actors in their time were less capable (at acting) or less charismatic than Kelly and Caron. My #12 Worst of '51 (I saw 201 movies), and among the 5 worst Best Picture Oscar winners.",negative
"I saw this back in '94 when it was finally released. Apparently because Orion pictures was in bankruptcy, I think, the movie had not been released a couple of years earlier.<br /><br />I have problem remembering details partly because I haven't seen it in a long time, but I do remember it as a very dull movie. I kept debating whether to walk out of it. The store was not at all interesting or engaging. Was a 3rd rate America Graffiti imitation. <br /><br />None of the performances make it worth watching either. One of the biggest disappointments since a local newspaper reviewer gave it a high rating.",negative
"This is a children's TV series about a Mary-Sue who is at the same time, mean and bitchy. I couldn't bring my self to sit through 3 episodes of Zoey101. Not to mention that Jamie Lynn Spears can't act to save her life! What message does this show bring to kids? If you're not perfect like Zoey, you're unworthy *rollseyes*.<br /><br />It's absurd how Zoey's character is exactly the type of person who would be despised in real life yet she manages to become so popular. Then there is Chase who is basically a lovesick puppy who worships the ground Zoey walks on. Then there is the fact that all the other characters seem to have been dumbed down in order to stop them from outshining Zoey. I'm sorry but the characterization in this show = extremely unrealistic.",negative
"This movie truly shows the farce and hypocrisy of Indian society. What it tries to show you is only ONE side of the story. The other side of the story is the hidden emotional and mental abuse of Indian children which this movie does not show.<br /><br />""Indian Parents"" are culpable for the following: a. Destroying the individuality of the children by making them completely dependent on the parents at a very early age. Such children grow up to be Adults only in physical looks but remain children in minds. Since everything has been provided to them by their great Indian parents, They children automatically do not feel the need to work hard at something or learn the basics of human communication with other human beings apart from their parents.<br /><br />B. I can show you so many Indian parents who try to prevent their kids making friends, going out or prevent them to do anything which starts making them to grow into adults.<br /><br />The reason why they do is the same selfishness. Indian parents ""expect"" their children to take care of them when they grow old. They do no savings for themselves and once they reach the age of 50...They cry out LOUD......We have grown old now and so we are dependent on you children since we have done the GREAT SERVICE of bringing you to this world and taking care of you and making you intellectually weak.<br /><br />Most of the Indian parents at the age of 50 have dilapidated bodies and health and are financially completely insecure. Most feel that they ABSOLUTELY have no need to take care of themselves since they ""expect"" their kids to take care of them.<br /><br />In the west the opposite of that happens. People start planning at the age of 20 about their retirement and once they retire they are financially secure.<br /><br />Indian parents do NOTHING of that sort since like I said they have brought the kids in the world and what better investment at that?.<br /><br />I am a victim of my Indian parents (i am sure there are countless other Indian kids like me), who have grown up physically but are still struggling with their lives on THEIR OWN and they continue to have pestering 50 year olds who cry out loud for HELP all the time.<br /><br />This movie shows only ONE side of the story.....UTTER piece of JUNK",negative
"What can you say about this movie? It was not terrible, but it was not good! Two days earlier I had watched Lillies and that was one of the best Gay films I have ever seen. So this was not the best time to watch a mediocre Gay flick.<br /><br />The story was silly and the acting was OK. It was not bad enough to turn off, but it had some bad moments and some terrible stereotyping. It was not very well cast either.<br /><br />Would I recommend this movie? No you would be wasting your time and money. I don't understand why movies like these are made and who is funding them. Spend your time Watching Noah's Arc on Logo instead. I think this is where this movie was trying to go but never got there.",negative
"This film really disappointed me. The acting is atrocious. Unbelievable. And it's about actors. The story is incredibly obvious: A group of independent actors stage a Passion Play and, in turn, they start to live out the lives of the characters they play. I've been watching a lot of movies lately, thanks to Netflix, and this is the first one I haven't watched all the way through in a long time. I felt I didn't need to see the end; we all know the end of this story.<br /><br />For some, it seems, this ""modernization"" of the Gospels is either sacrilegious or enlightening. I cannot speak to any of this as I wasn't raised in the Christian church. That being said, I was raised in the US and I live in an increasingly Christian culture. I'm curious enough about Jesus and about the modernization of the religion, for better or worse. I haven't seen Mel Gibson's version, but I'm guessing that those who liked that one will like this, except for the most conservative. I just wish this was a better film.<br /><br />Lots of these reviews praise Arcand's direction and especially the cinematography. I liked neither. The film itself is rather prudish and preachy. I didn't believe the characters' personae and I was never involved with their on screen lives. The play within the play is very much dated and would not, I think, carry it's own weight in a real time production. But that's beside the point. What I really needed for this to work would have been stronger development of the characters and the plot to support the philosophical and theological questions the film would like to be about. And the musical choices are obvious and unoriginal.<br /><br />There were two examples of this that come easily to mind. Firstly, there is a reenactment of the parable of Jesus driving the money lenders from the temple: the lead actor, who has fallen for the woman who will play Magdalene and who is also a model and dancer, becomes enraged that she must debase herself by auditioning for a commercial (with a wicked producer and plenty of panting men in the audience) with her pants off. He trashes the place and chases them all out. I guess this is the level that the film wishes to reach. The romance between these two is entirely arbitrary and not at all emotionally realized and the scene is played out like a high-school rendering of Death of a Salesman, i.e., not well. Please stop hitting me over the head with this high-handed ""significance."" The other is the relationship between the other female lead and the priest who has asked them to do the play and who, eventually, turns against them and betrays them to the nowadays-corrupt Church. Why. Why does she sleep with this guy. ""It brings him so much pleasure and me so little pain."" Ah, the saintly whore and the lovable old coot. It seems to be just enough for Arcand to signify but not worth the trouble to enrich and enliven these characters. They are going through the motions and I'm reaching for the eject button.<br /><br />Feel free to write me off as bored, jaded or just not interested. Feel free to watch this movie and see the Passion, in all its beauty, sadness and inspiration, delivered as an amateurish and gimmicky charade. Feel free to have all your preconceived ideas affirmed and see any shred of artistic integrity forsaken for monotonous drivel. But don't say I didn't warn you.",negative
"Licence fees to watch this trash, And pay for it with hard-earned cash? Humourless, no hint of laughter, God knows how it won a BAFTA! <br /><br />We've now been subjected to ""Eastenders"" for twenty years. When, oh when is the Great British public going to see this awful soap for what it is? Crass Pap! This programme no more depicts reality in the East End of London than everyday life in Beirut, and never has done.<br /><br />The Eastenders I know (the real ones) are kind, courageous, hardworking and loyal. And one of their greatest attributes is humour. It was the Eastenders who went through the worst of the London blitz and still stuck two fingers up to Hitler. And what do we see on our screens for five days of the week (including an omnibus)? Nothing but a bunch of moaning, wailing, ""dead from the neck up"" wimps, who seem to do little else than sit in a pub all day sniping at each other. What a great advert for Britain that is!! Do the writers actually believe this garbage they're pumping out? Obviously the woolly-minded section of the public does, but then I've heard that apparently anyone can be brainwashed into believing anything.",negative
"I'll make this brief. This was a joy to watch. It may or may not have been more effective if the characters had resembled their real life counterparts, but aside from this minor observation I found the fantasy animal characters to be most enjoyable. The visuals were most stunning except for the second-rate CG scenes, which could have been left out. I dislike computer generated animation anyways, it defeats the purpose of a biopic such as this one. Watch it, you will appreciate it too!",positive
"I wanted to watch this, to get a inside look at the show. It told the story more of Robin Williams, then Mork & Mindy. Still, thought it was great. We got to see, Robin always being 'on', no matter what. The performance of Diamontopolous was awesome.<br /><br />The introductions of the main players, seem so real to me. Roebuck as Garry Marshall was wonderful. He was so charming in this, which helped me get through all the Williams energy. The little behind the scenes pieces of his other shows (Happy Days, and Laverne & Shirley), was enlightening. I also thought Richmond-Peck's Harvey was also a nice rock in the pond. (This is a good thing).<br /><br />This movie told the age old story of Hollywood folks, going through the ups and downs of stardom. It kept me glued to my TV, and I learned to love Robin, well hell, mostly everybody seem to be the super people I sometimes think Hollywood is. Go figure.<br /><br />I sometimes wonder why the network people are always played to be idiots. We never saw the head of ABC. Just heard him, like Charlie from Charlie Angels (I wonder if this way planed?). It seems so sad, that a show at number 1, could be so destroy by their own network.<br /><br />I think this story could be told about anyone's life, as they climb the ladder of any job. Movie, and TV stars are always loved or hated by so many people, that you grew up with, you just want to reach back in their past, to remember your own past. I Remember watching the show, and always wondering what does happen in their personal lives.<br /><br />Mork and Mindy, will always be part of me, and I got to see part of them. It may not all be the truth, it's also all not a lie, but in the end, it told me a wonderful sad, happy story.",positive
"Beautiful film set in 1962 Hong Kong about a man (Mr. Chow) and woman (Mrs. Chan) who become close friends when they suspect their spouses are having an affair. Stylistically, the film is also beautiful. Wong Kar-Wai uses a lot of slow motion and close-ups on parts of the body (feet, hands, waist). The film itself has a reticence and properness that suggests its time period. It's sexy without showing everything. Wong Kar-Wai also doesn't allow the audience to see what the spouses look like, suggesting that Mr. Chow and Mrs. Chan should be together. Smoking is even made to look elegant with close-ups of the curls of smoke. A really lovely film. Just prepare yourself for the ending.<br /><br />",positive
"I highly reccommend this movie. It blurs the line between childhood fantasy and everyday reality in such a seamless fashion that it has to be seen to be believed. The actors and director have such perfect timing that in one scene a name calling fight becomes a sort of dance. I loved the story line, the actors, everything. While I do think there were one or two decidedly cheesy scenes, over-all the movie was impeccably done.",positive
"I am a Shakespeare fan, and I can appreciate what Ken Branagh has done to bring Shakespeare back for a new generation of viewers. However, this movie falls short of conveying the overall intentions of the play with the ridiculous musical sequences. Add that with Alicia Silverstone's stumbling over the dialogue (reminiscent of Keanu Reeves in Much Ado About Nothing) and other poorly cast roles, it all equals an excruciating endurance of viewing.",negative
"I would highly recommend this movie! And I certainly shall be personally recommending it to my friends and family here and abroad! It was with excited anticipation, that I have just pre-ordered it online, I enjoyed it so much! It is not out until February/March 2008, but it will be well worth the wait! But first go and see it in the cinema if you can. There is nothing quite like the Cinema-Experience of a cinema-made movie! Insist that your local cinema puts it on! I went to see 'Seachd, the Inaccessible Pinacle' tonight, down here in London, and was really impressed. It is a marvel: a truly beautiful film set in the Scottish Highlands: you will laugh, you will cry, you will be moved in may different ways, you will be intrigued, and as the story within the stories is revealed, you will be amazed at that revelation.<br /><br />This movie is in Scottish Gaelic with English Subtitles, but do not let that detract you if you are not a speaker of the Gaelic: I am just starting, and my son does not, nor did many people there tonight, and it did not spoil it for us by any manner of means! Superlatives do not suffice! The photography is superb - there is no CGI here, and the movie is all the better for that- here you have true photography! The script is so skilfully and subtly written. The many-layered plot weaves the magic art of the ancient storytellers. The music is at times rousing, at times haunting, but always adding to the atmospheric ambiance. And the acting? ... it is to behold ... and the actors?... they the true weavers of this delightful yet profound film, particularly the two main actors, 'Padruig-the-young' and 'Padruig-the-elder' (A true bard, if ever there was!), who both carried a very heavy load! And the Direction? Well watch out Richard! And the Producer, responsible for raising funding, hiring key personnel, and arranging for distributors? A task well done! I hope that you will make sure that distribution goes out to our communities abroad! And the Gaelic community? Uill, without you it could not have happened! We were told that this movie was made on a low budget, but you would not know it, and I think it might well be because, for what they might have lacked in money, they more than made up for with the richness of the heart, and the warmth and co-operation of the local Scottish Gaelic community.<br /><br />A heartfelt thanks to all concerned in the making, and the sponsoring, of 'Seachd' - Mòran taing! (Many thanks!) From the Gaels to the World! From the World to the Gaels!",positive
"Humphrey Bogart clearly did not want to be in this film, and be forced to play a part-Mexican or he would have been suspended. Believe me , he made the wrong choice! Presumably, after the success of ""Dodge City"", Warners tried a follow-up with Errol Flynn and his usual list of buddies, like Alan Hale, Guinn (Big Boy) Williams, Frank Mc Hugh and the ever-present John Litel, but they made the huge mistake of trying to present Miriam Hopkins as a love interest for Flynn v. Randolph Scott, and as a singer to really make things bad, because she proved one thing, and that is she cannot sing. The story was not too bad, but with Bogie clearly miscast also, it turned out to be a poor Western that was overlong, and on a low budget, but in fairness, color would not have helped.",negative
"It's nice to see Julie Andrews trying a straight dramatic role here--something she hadn't done in awhile--but her character of Judith(wise they didn't try to pass her off as a 'Judy')has the old refined manners and tomboyish hairstyle of yore, and Andrews enacts 'grown-up' as any other actress would interpret frigid. It's a surprisingly bland drama set in Barbados involving Omar Sharif(not the liveliest leading man around--not even in 1974!)hoping to make Andrews a spy while also slowly leading her into the proverbial bedroom. Unmemorable outing does have some camp value: the James Bond-like credits at the beginning are a cheesy hoot. As for Julie: she's quiet and contemplative, but that doesn't do much for the audience, or for the film. Blake Edwards paces the freakin' thing like a funeral. * from ****",negative
"This movie was the worst movie I have seen since ""Date Movie."" I was laughing through out the whole movie instead of being scared. It was funny how the snakes would search for particular section of the passengers body to attack for example, the eye, the tongue, the butt, the breast. If we have seen national geographic channel we know snakes wont stay clinched on the body once they bite. For each particular scene the snakes would bite the passengers and would stay on the body biting the person. I believe the producer did not study his information on snakes and their behavior. I cant believe I wasted my money on this movie.So I don't recommend this movie trust just wait until it is at the dollar theatre or rent it.",negative
"You will be able to tell within the first 30 seconds of this film whether you want to finish watching it. The film opens with images of planes landing at an airport, one plane after another diving into a mirage-filled runway. You will be able to accurately guess that this movie is not about a ""story."" At first viewing, it's even easy to think the opening images are repetitive shots of the same plane. The initial drama is in the acuteness of your perception, which is built on your willingness to experience the film simply as a series of images. If after this opening, you want to see the movie, you will not be bored. You may even be mesmerized. The movie may be an emotional experience; it may be an intellectual experience; it may be both. Judging from the DVD commentary, which is essential, it was primarily an emotional experience for Herzog, and, at one point, he talks explicitly about how the film is a collaboration between filmmaker and viewer. There's plenty of room for the viewer to make of this film exactly what he or she wants to make of it. Take a gamble?",positive
"Jim Carrey is one of the funniest and most gifted comedians in film today. With his hyperactive spontaneity and his rubber face he can just go crazy, and we love him for it. He has the ability to make mediocre comedies (ala Ace Ventura), and turn them into decent comedic outings. Or, in the case of 'Liar Liar', make them some of the most hilarious contemporary comedies around. Carrey has also proven himself capable of tackling dramas. He was excellent in both 'Man on the Moon' and 'The Truman Show.' The guy is remarkable.<br /><br />Then comes 'Bruce Almighty,' an ideal vehicle for Carrey, and a premise that should have worked; Carrey, after complaining about God and how his life stinks, is enabled with God's powers. However, the script is pure recycled garbage. Now, no matter how bad a script is, Carrey's improvisation alone sometimes makes an unfunny scene funny. The problem is that there are very few opportunities for Carrey to be unleashed because so much of the comedy relies on silly special effects, only some of which are amusing. Carrey is rarely able to improvise because he has to work around the special effects. The writers apparently thought that all these special effects and superpower sequences were funny, because the rest of the movie is simply filler giving Carrey nothing else to work with besides a whiny character who is absolutely humorless. He seems more like a 5-year yearning for our attention, wanting the viewer to find what he is doing funny, when it's really just annoying.<br /><br />I have always enjoyed Jennifer Aniston on 'Friends' and she was superb in last year's 'The Good Girl.' She too has a gift for comedy, but with the script as linear as it is, she is simply given the part of the bitter girlfriend. She comes across as nagging, grumpy, and there is no chemistry between the two stars.<br /><br />'Bruce Almighty' should have been a comedy that works. But it doesn't even have the guts to tackle the subject matter that it's making fun of; religion. A few minor giggles (his internet is Yehweh), but instead it's just turned into a comedic superpower comedy. Not to mention that it's tone shifts from silly to heavy-handed, and even black comedy at times. The movie fails on nearly every level. That's not to see it is entirely devoid of laughs, but it's close. Any movie that feels the need to incorporate scenes of a dog peeing to get it's laughs has problems. But hey, if you find pee jokes funny, go for it.<br /><br />",negative
"Even if it were remotely funny, this mouldy waxwork of a film would still be soberingly disrespectful. Stopping just short of digging up the boys' corpses and re-enacting 'Weekend At Bernie's'  but only just  producer Larry Harmon and the director of the frickin' 'Ernest' films use holding the copyright as an excuse to crap all over Stan and Ollie's legacy. Gailard Sartain does a fair Ollie impersonation but Bronson Pinchot wouldn't reach tenth place in a Stan lookalike contest; even if they were both spot on the film would be no less detestable. The less said about the surrounding catastrophe the better. Makes 'Utopia' look like a dignified swan song.",negative
"Where to start? Some guy has some Indian pot that he's cleaning, and suddenly Skeletor attacks. He hits a woman in the neck with an axe, she falls down, but then gets up and is apparently uninjured. She runs into the woods, and it turns out there's the basement of a shopping center out there in the woods. She meets a utility worker and Skeletor attacks again. Luckily, like any good utility worker, he's got a gun and shoots at the guy. Doesn't work, everything starts on fire.<br /><br />Cut to some people walking through the woods. Even though they've been hiking together for some time, they sit down and introduce themselves to each other. Wouldn't they have probably done that when they first met? Anyhow, they're ""undercover"" Delta team members (undercover, I suppose, because that way they don't have to pay to dress them in uniforms). The cute girls are various things such as a sniper school instructor and, oh, I can't remember the rest. It doesn't matter. Eventually they all take their guns out and immediately start aiming them at various things. ? Anyhow, they meet an old Indian who is sitting out in the woods. He wants beans. You know, like pork and beans? He mumbles some stuff, I can only assume that it's the premise of the movie. I relied on having heard the premise from the commercials, because you can't really understand anything he says.<br /><br />So, they walk around the woods some more. All the dialogue is a load of quasi-military, macho BS. I mean all of it, as in every single word. Like ""This reminds me of when we were in Kabul"" or ""This reminds me of when we were in Laos"". Skeletor attacks again. Let me give you a rundown of a basic attack. One of the female characters is crouched behind a tree and she aims her gun at the approaching guy on the horse. For some reason, she doesn't fire but yells several times for someone else. Then as Skeletor approaches, she jumps out from behind the tree so that Skeletor can stick her with his spear. Then everybody starts shooting. The bullets cause sparks to fly from the trees. Apparently the folks who made this movie never shot a tree with a bullet. They don't make sparks.<br /><br />Then Casper Van Diem is all of a sudden driving a semi-truck, trying to run over Skeletor. He misses, and the truck slides to a stop. Van Diem is injured, apparently he slid across the seat and bumped his hip on the window crank or something, so he crawls out of the truck and it explodes. Later he's in the woods dying and everybody says a bunch of quasi-military, macho BS. They meet a couple guys in the woods and blow their ""undercover"" status by immediately identifying themselves as being from the Army. They beat on the guys for some reason, then they go away.<br /><br />Some other stuff happens, people mumble, the camera shakes, etc.<br /><br />I think it comes to an end eventually.<br /><br />My theory is that the Sci-Fi Channel is getting a little annoyed with everyone bashing their movies, so they put this out to remind us all how bad movies can really be. Like, you think our movies are bad? Well, you haven't seen bad. HERE'S BAD!!! Okay, now that we've got that out of the way, the rest of our movies are pretty good in comparison, right?<br /><br />Well, it's just a theory.",negative
"This takes place in 1920s Harlem. A black owned nightclub has to deal with gangsters and corrupt policemen.<br /><br />Terrible vanity project for Eddie Murphy. It tries to mix comedy and drama and fails at both. The comedy simply isn't funny and the drama is boring and badly acted. You think a film with three comedy legends--Eddie Murphy, Redd Foxx and Richard Pryor--would be great but it isn't. There's nonstop swearing and the OPENING scene has a young boy shooting a man to death (this is shown as being OK). Also we have the beautiful Della Reese degraded into playing a madam. One of the ""comedic"" highlights has a long, unfunny and terribly vicious fight between her and Murphy. A boring, offensive and stupid mess. Not the worst Murphy movie but pretty close. A 1 all the way.",negative
"Well, this movie actually did have one redeeming quality. It made up the funniest season one episode of MST3K. I wish Rhino had released this one instead of ""The Crawling Hand.""",negative
"While I was watching this movie I never thought I'd be defending it. It's honest enough from the begininning about not having much of a plot. There's no real characters to latch onto except the killer. Some of the acting can be better, but most of it is capable.<br /><br />I know, a three out of ten isn't stellar, but there are reviews saying it was shot poorly and completely useless, etc. I think it set out to do what it's supposed to fairly well. The lighting is minimal at times, more natural than most audiences are used to, but it's supposed top look like a camcorder snuff film. In fact, at times the quality is probably still too high to be true to that, but nobody would make it through tne minutes of camera work that's truly that bad.<br /><br />It's not particularly scary, but it is disturbing at times. There are one or two characters who don't come across as believable at all and the soundtrack does get tiring at times, but overall it was put together cleaner than a lot of camcorder movies.",negative
"Bottom-of-the-barrel stinker is so bad it's beyond funny. The ""plot"" is about an American mercenary, played by Reb Brown (in the film he's called a ""military adviser"" but it's not really clear if he's in the American military or not), helping the army of a Latin-American country fight guerrillas who winds up joining the guerrillas when the government turns on him, imprisons and tortures him. Shannon Tweed is a ""sports equipment saleswoman"" he picks up in a bar who gets caught up in all the intrigue. That description actually makes the movie sound better than it is, because it's really a stinker of almost Biblical proportions. How bad is it? Well, Shannon Tweed turns in the movie's most professional acting job. If that isn't an indication of just what a 12th-rate piece of junk this turkey is, nothing is From mismatched sound effects to a music score that sounds like it's from a 1940s ""Z""-grade horror flick (and may very well be) to the same footage (i.e., armored personnel carriers going down the same jungle trail) reused constantly to some of the most ineptly staged ""action"" scenes in recent memory, this laugh-a-minute sludgefest has to be seen to be disbelieved. Tweed looks bored, Brown looks hung over, and by the time this thing is finished--if you can last that long; I couldn't--you'll know just how they feel.<br /><br />Although there are a lot of explosions and gunfights, this can't be considered an ""action"" picture by any stretch of the imagination. It's boring (there's a scene in the back of a truck where everybody just stares at each other for three or four minutes), repetitive (the same ""rebels"" and ""soldiers"" being killed over and over), illogical (when a group of rebels is caught in an open field by a government helicopter gunship, instead of breaking for cover they just stand there staring up at it), inept (soldiers and rebels falling ""dead"" when no gunshots are heard, a gun battle inside a house where combatants standing against walls are machine-gunned but miraculously the walls escape undamaged) predictable (when the ""Governor"" says to offer a reward for Brown's capture because ""someone"" might turn him in, you know exactly who that ""someone"" will be, and it turns out to be exactly who you thought it was) and just downright stupid (pretty much everything else in the picture). Inept, brainless and stupid beyond belief. Don't waste your time.",negative
"I really have problems rating this movie. It is directed brilliantly, there is obviously a lot of money in it. Gere and Danes are intense (although her screen personality could use a bit more defining and spicing up), editing and cinematography are excellent. On the other hand, it is one of those really really sick movies where one cannot help but wonder whether the director himself likes to stage specific scenes, and, yes, one cannot help but wonder how many copycats will such a movie inspire.<br /><br />In purely artistic terms, it is a 9, but I really have to ask myself who these people are giving their money to produce such a movie ....",negative
"The US appear to run the UK police who all run around armed to the teeth and did you know that CID officers change into uniform when they stop work and go down the pub! This has got to be one of the most unrealistic films with the worst portrayal of ""real"" UK police that has ever been foisted on the unsuspecting public. I can see that Mr Snipes might have needed the money to pay his back tax bill but what the heck a good actor like Charles Dance was doing in it is a mystery.<br /><br />Worse than the worse low budget ""B"" film of the 50's. An hour and a half of suicide and time I will never get back.<br /><br />Avoid it like the veritable plague.",negative
"Well I don't know where to begin. Obviously this was a made for TV movie, so my expectations were low. I was pleasantly surprised by the overall direction of the second hour, but anything before or after that seemed to be a paint by the numbers sort of movie.<br /><br />And talk about bad chemistry between the tow lovebird detectives. ..<br /><br />I would go more in depth, but this movie doesn't really deserve it. Grade: D+ (IMDB rating 3/10)",negative
"Having read another review, I thought this movie would actually be good. I do enjoy the ""B"" movies, but this couldn't even be classed as such. The photography is probably the only half-way decent thing in the movie. But the editing left much to be desired. It was very choppy and staccato. Whoever chose the music and sound did a terrible job. The music was awful, specially anything atmospheric or scene setting. If the acting had been better, they could have pulled the movie off. Unfortunately, I've seen better acting in porn flicks. If you want to see a ""B"" vampire movie, check out 'Blood Ties'. You'll be much more entertained.",negative
"When you think of brilliant Australian comedy you don't think of Skit shows (Although I'm quite partial to a bit of 80's and 90's Full Frontal) or even Sitcoms - you think of SATIRE! Something that we Australians really know how to do well. (Eg: Front Line, The Micallef Program) We know how to take the pi$$, and The Chaser's War on Everything, is a classic example of how to do it, and how to do it really well. <br /><br />I've been a huge fan of Chris Taylor and Craig Reucassel for a long time. I remember listening to them on Triple J's afternoon show. They were, and remain, two of the funniest comedians around.<br /><br />Although I was sad when they left Triple J, I was excited to find out what they were investing so much time in that made them have to leave. (They were doing CNNNN and Triple J at the same time, so I figured this was something much bigger) And what an amazingly HILARIOUS show Chaser is. Biting political and social satire at it's best.<br /><br />I'm also pleased to say that it has recently received a MUCH better time slot than Friday nights and has been moved to Wednesday nights right after Spicks and Specks. THANK YOU ABC!! Finally I don't have to tape it! :)",positive
"i actually thought this is a comedy and sat watching it expecting to laugh my ass off. pretty soon in became clear this is no comedy, or at least not a 'Jim Carrey type' one. what kept we watching was the characters - the movie starts with some pretty grim, troubled people, gathered together to try and fight one of their basic fears - fear of water, fear of swimming. we start to get bit by bit into their lives, witness their troubles, guess of their thoughts.<br /><br />actually i made it look much darker than it actually is, and besides the chain of events soon brings some light and hope to their lives.<br /><br />i probably wouldn't have watched the movie had i known its not a comedy but rather a drama, but i had good time, enjoyed the story and don't mind i spent about 90 minutes with it.<br /><br />many films treat the alienation between people in the western world, this movie shows how people can get together and help each other<br /><br />""and if in the light of dying day you meet her, don't let her pass you by and leave, don't loose her, she is your gift from the sun...""<br /><br />9/10<br /><br />peace and love",positive
"Having majored in Western History when I was a student in college seeing the views on World War II are quite discomforting and in a whole completely wrong. World War II was the most graphic and bloody affairs to ever occur in world history. While the Axis Powers conducted many crimes against humanity which is still the view today and the correct many people forget that not every German soldier was out to exterminate the Jewish population, not every Japanese soldier swung a samurai sword around and flew kamikaze missions, and not every Italian soldier was a Fascist. Most of these soldiers for the Axis powers were normal people like you and I caught in a terrible conflict and just happened to be fighting for a country they loved.<br /><br />The Battle of Stalingrad was arguably the most lethal battles in world history with over 1,500,000 casualties sustained over the course of the battle. The film Stalingrad follows a German platoon and its leader Lieutenant von Witzland as they are reassigned to the Eastern Front to battle the Soviets at Stalingrad. Von Witzland acts as sort of the main character with two other men, Rollo and Fritzi. They all are normal men and seem to be completely unaware to what is happening back in Germany and Poland.<br /><br />The film follows the course of the battle. The film is overall very bleak when it comes to its portrayal of combat and a soldiers life during the battle. We are shown numerous gruesome battles and intense violence outside of the battles (including a firing squad sequence). Overall the battles are the earliest examples that I know of that portray the loss of limbs and overall in your face death sequences and violence. Much of the inspiration for Saving Private Ryan's battle sequences seem to have come from this film.<br /><br />The film does not aim to make the German's completely innocent of everything in the film. Several of the higher ranking officers of the army are portrayed in the usual view most people are use to, evil. Most of the soldiers are just normal people who often speak of home. The film makes it clear quite quickly that not all Germans were responsible for what happened during the Holocaust, most of the country and army was entirely oblivious to the fact that genocide was taking place. The film makes it clear that the soldiers in the Germany Army was simply fighting for a cause they really didn't understand and most wished just to return home rather than freezing in negative degree temperatures in Russia.<br /><br />The film really shows how hellish war is, especially World War II. The battle scenes will shock you with its gritty realism and the story is quite easy to follow as you are simply following a platoon during the battle. As with most war films do not expect much happiness after seeing it. It will leave you in a bit of a depressed mood just from seeing the life most of the soldiers on the Eastern Front faced. Not recommended for children. <br /><br />4/5 stars",positive
Everything about this film was terrible. To start with this film had a pretty good cast and I find it impossible to make such a great cast into the biggest disaster to the gangster film genre ever. The sound track was like one of a very bad slap stick comedy. It had this music through the whole film and it started to get quite irritating.<br /><br />PLEASE PLEASE PLEASE PLEASE PLEASE DO NOT INFLICT YOURSELF WITH THIS DISASTER YOU WILL ONLY BE HURT,negative
"I am a chess player and I wanted to like this film. Trouble is, the content could have been fitted in a 30-minute documentary.<br /><br />There were lots of shots of corridors being walked down and Kasparov gazing out in the hall where he won the World Championship. There were other shots of Kasparov being walked round the site of the 1997 match and being told where he sat and where Deep Blue was located. This just looked like filler.<br /><br />Also, I didn't find it interesting to see in detail where Deep Blue was now and seeing an IBM techie trying, unsuccessfully to 'open' it. What would we have seen of interest inside anyway - a little grandmaster?<br /><br />Also, the recent match against Karpov. I no longer follow professional chess enough to know when and where this was. It would have been nice to have been told: was this a one-off 'just for the money'? Was it part of the world championship cycle? What was the final score? The nub of the film was the play in game two. Could/would IBM let Kasparov see 'inside' the machine? That's where the focus should have been.",negative
"Like in a circle the movie leads back to its point of departure, the image of the cranes that are crossing a Muscovite sky. They represent the freedom to realize your life as you wish, in order to aspire the greatest possible fulfilment.<br /><br />In the beginning Veronica and Boris experience such a promise of happiness, and their eyes follow the path of the cranes in exhilaration. It seems as if they might be able to live according to their dreams.<br /><br />But Man is not a bird. Life draws up its own rules, from which no human can escape and which we cannot change - not even by making a supreme effort. War breaks out, and without much hesitation Boris signs up for the front in order to fulfil his patriotic duty. He cannot even say good-bye to Veronica, for she arrives late at the assembly point from which the soldiers are sent away. Surrounded by a jubilant crowd all her attempts to attract Boris' attention must inevitably fail.<br /><br />Boris eventually gets killed in war, without Veronica learning about it for the moment. His brother Mark, a vigorous musician, who obtained the exemption from military service by corruption, is eager to take his place. Veronica initially resists, but in a frightful night of bombing she finally falls victim to his charms. A marriage takes place, which is never accepted by the family.<br /><br />Soon feelings of guilt seize hold of Veronica and she realizes that Boris' return is the one and only thing she actually longs for. She therefore eases her bad conscience and despair by the self-sacrificing work in a field hospital.<br /><br />When war finally is over, once again a crowd of enthusiastic people gathers in order to cheer the victorious soldiers. Again Veronica is among them, forcing her way through a wall of bodies. In her hand she is carrying a bunch of flowers, until she finally has to give it away to complete strangers, for one of the homecomers has just dashed her hopes by confirming the sad certainty of Boris' death.<br /><br />Once again the cranes invade the sky, drawing their wayward lines. But now Veronica is watching them on her own, and the look in her eyes is a different one. She has had to accept the impossibility to live according to preconceived plans, to follow the guidelines of your dreams. For all humans are nothing but helpless puppets hanging on the inscrutable strings of fate.<br /><br />",positive
"'The second beginning' as it's title explains, shows us the beginning of the end for the human race. Set long before the matrix existed, this short anime written by the Wachowski's shows us the world that could lay infront of us in the not to distant future, set at the turn of the 21st century, the second renaissance delves into issues common with human behaviour; greed, power, control, vanity etc.<br /><br />The use of robots or artificial intellegence as slaves or servents is common among science fiction/fantasy stories. The second renaissance is no exeption to this concept, however instead of a simple man vs. machine layout, this story explains the struggle that the machines put up with, the struggle for acceptance in a world ruled by humans. Where the matrix films show us the human perspective, these short animations tell both sides of the story.<br /><br />The second renaissance part 1 + 2, answer many questions brought up by the original Matrix film, such as how the war broke out, how the sky was blackend, what led to the use of humans as batteries and it also introduces us to the machine city called 01, which may have relevance to the upcoming Matrix Revolutions film.<br /><br />I won't give away too much of the story, as I do not want to ruin the experience for perspective viewers, however, I will recommend it to anybody interested in the world of the matrix or simply anybody interested in Japanese animation (anime).<br /><br />9/10.",positive
"This is the second Baby Burlesk short to be released, and probably the most popular one, is a spoof of the 1926 silent film What Price Glory.<br /><br />I watched this and I do not understand the kiddie-porn that is being claimed. It is just a cute little film. I have seen family shows that I grew up watching in the '80's and '90's that had little girls dressed more provocatively acting in a 'mature manner'. It was more provocative because they WEREN'T dressed in diapers. There's nothing provocative about a diaper unless you have one of those fetishes. (just a joke) I read that description of the movie and where it states only a pedophile would enjoy watching this. That is sick. To me, if you watch this and are bothered by it, then maybe you need to look into your own psyche and try to figure out why it bothers you. It is an innocent film that was made as a parody of another film. All of the B.B. films were parodies, nothing more. The parodies/spoofs of today are graphic in nature and have true almost pornographic scenes and quite vile language. Shouldn't those be more appalling? I can watch those without issue, but they sometimes take children's stories and turn them into filth on those parodies. That is what should get under your skin. Not that they babified (not a word, I know) an adult movie from 1926, because we know how PORNOGRAPHIC those silent films were, huh? Not to mention those 'Forbidden Hollywood Pre-Code era films' so vile and filthy. They would NEVER make such filth today? (note the sarcasm)",positive
"***Might not consider this having a spoiler, but I'd rather be cautious than careless*** I never saw this movie when I was little. I fell in love with it the first time I saw it with my three year old daughter. I can watch it over and over again.<br /><br />For the little acting Ilene Woods did in her lifetime, she was a wonderful voice for Cinderella; very appealing; very believable. The music really fit the movie perfectly. The acting was great; loved the mice!! You really ""hated"" Lady Tremain and the step-sisters; they were just awful. The cartoonists depicted the spoiled behavior very well.<br /><br />This is a wonderful movie, especially if you are into love stories. My daughter has seen the movie about 25 times and still gets excited at the end.",positive
"This Columbo episode is one of the better and perhaps one of my personal favorites. The cast includes Rosemary's Baby John Cassavetes as the maestro, his wife played by Blythe Danner (Gwyneth Paltrow's mom) and his mother-in-law played by Myrna Loy (one of America's greatest leading actresses in film of our time). Anyway I disagree with anybody who criticizes against this film. This episode is one of my favorites because you have an excellent cast who do a superb job in performing. I love watching Columbo with his beloved dog who he never names in the series. This time, the episode focuses in on classical music at the Hollywood Bowl, one of L.A.'s attractions. Of course, Columbo becomes as interested in classical music as he does anything else involving a crime.",positive
"The first time I had the window of opportunity to see this all but forgotten classic was back in the early 1980's,at one of our art houses as a revival. As I watched this fever dream of an exercise in 1930's sexuality, I thought YOWZA! They got away with murder in Europe back in the day. Unfortunately, this film was heavily cut in it's original U.S. release by the blue nosed Hayes Office (the staunch government censorship board,started by the ""holier than thou"" Bible thumper, Will Hayes...a former Post Office official,if you can believe that),due to it's overall theme of human sexuality (Heaven's forbid humans actually had sex in the 1930's). The plot of Ecstasy concerns a young woman (played by Hedy Lamarr)who marries a much older man,and later regrets it. She (Lamarr)meets a handsome younger man & has an affair with him, resulting in a divorce from previous husband (another no no in Hollywood movies back then---Divorce!). Despite the fact that the film was produced in 1933, it was probably the director's first time working in the sound format (i.e. the film seems to possess techniques that were used mostly in silent films---i.e. 1920's expressionism's). It's still worth searching out for a window into early European talking pictures,along with Luis Bunuels L'Age Dor (1930),and Karl Gustav Dryer's 'Vampyre' (1931). Not rated,but contains that infamous nude swimming scene & some thinly veiled sexual references, which would fare little more than a PG-13 by today's standards (but would have easily landed the dreaded 'X',back in the 30's,if it existed then)",positive
"What could've been a great film about the late poker pro (pre-poker craze) Stu ""The Kid"" Unger turned into a disappointment.<br /><br />You can tell the filmmakers were working on a short-string budget. Everything look filmed on the cheap. Timelines seemed a bit off to me.<br /><br />Casting Michael Imperoli from the Sopranos was also a bad casting choice. He looked too old to play the baby-faced Stu, he looked way too healthy for a coke addict (if you look at footage from the 1997 WSOP main event, the real Stu was so skinny and he practically had no nose from too much cocaine so he wore those sunglasses to hide them), and I kept expecting Adriana to pop up and yell ""Chris-tu-phur!!!"" <br /><br />Also they skipped over the fact that he had a son from Angie's previous relationship that committed suicide in the late '80s.<br /><br />Every time I saw Vincent Van Patten appear, I kept thinking he was going to announce ""Show tunes going off in Stu's head."" like he does on the WPT.<br /><br />If you're looking for real Stuey footage, check ESPN Classic because they rerun the 1997 WSOP Main Event every so often. Or try YouTube. Avoid this move like a bad beat.",negative
"The Salena Incident is set in Arizona where six death row inmates are being transfered from the state prison for reasons never explained, while driving along the heavily armed prison bus gets a flat & the driver is forced to pull off the road. Then two blonde birds turn up & after seducing the incompetent prison guards manage to get the better of them, the six prisoners are released but in a shoot-out their getaway car is damaged leaving them all stranded in the middle of the Arizona desert. They decide to head to the nearest town, Salena several miles away & take the cops with them as hostage. Once they reach Salena they find it odd that the place is completely deserted with not one single other person in sight. They soon discover that the entire town has been killed by flesh eating aliens & they are firmly placed on the menu...<br /><br />Also known as Alien Invasion Arizona in the US on DVD & apparently having the working title Terror Town this rubbishy low budget sci-fi horror flick was co-written, co-produced & directed by Dustin Rikert & has no real redeeming features at all, to be frank The Salena Incident is the sort of film which gives films a bad name. The film could roughly be divided into two parts, the opening forty or fifty odd minutes focuses on the prisoners in a thriller feeling opening, the guards & the escape although it's pretty poorly written & staged stuff. The dialogue between the two blonde birds & the prison guards is so bad it's unintentionally funny as the two fit birds chat up the two not so fit prison guards. Funny stuff actually, unfortunately The Salena Incident is supposed to be a sci-fi horror film not a comedy. Then once the escaped cons & their prison guard hostages arrive at Salena it goes into sci-fi horror mode as the aliens turn up & start killing our clichéd character's off which is good because they are annoying. Look, the whole film sucks as it's badly written, thought out & made. I can't really be bothered to go into why but trust me The Salena Incident is awful on every level.<br /><br />As well as being just a bad, boring & stupid film The Salena Incident is also poorly made. The action set-piece scenes are awful, the aliens looks terrible & are never shown on screen at the same time as the human character's & as such it's sometimes difficult to tell what's happening. The special effects are poor too, the aliens look rubbish & the CGI computer effects are absolutely terrible as well. The editing is poor, the cinematography is poor, the sets are cheap & the whole thing is just an eyesore really. There's a bit of gore, there's some gunshot wounds, someone is ripped in half & a severed hand is seen.<br /><br />Obviously shot on a low budget The Salena Incident has low production values & looks cheap from start to finish. Filmed in Superior in Arizona. The acting is terrible from no-one I have ever heard of although the actress who plays the female doctor is pretty good looking.<br /><br />The Salena Incident is a rubbish sci-fi horror film that is terrible in just about every way, not worth 90 minutes of yours, mine or anyone else's time.",negative
"A man named Jerry comes into possession of an ancient Aztec doll.However this creepy little figure is possessed by an evil spirit,which takes over Jerry's body and pushes him to spill the blood...I have seen two other horror movies ""The Dorm that Dripped Blood"" and ""The Kindred"" made by Stephen Carpenter and Jeffrey Obrow and I must say that ""The Power"" doesn't disappoint either.The plot is slow-moving,but there are some effective human goo effects and a little bit of gore.The scene of a female tabloid reporter being attacked by arms that come ripping out of a mattress is a hoot.I liked this low-budget horror movie and you should too,if you are into 80's horror genre.8 out of 10.",positive
"I can't believe that anyone would green light this let alone voluntarily star in it. I will never be able to get that 90 mins of my life back.<br /><br />This has to be one of the worst films I have ever seen. Some films are so bad they're good. This has gone so far round again that's somehow it's so bad it's terrible. I was not exactly expecting much, it being a low budget, bandwagon jumping, rehash of a B Movie, but it still came in way under my expectation levels. Even TV movies have higher production values.<br /><br />There were (very) poor special effects, shocking dialogue, terrible acting and a completely unexplained plot. Who cursed her and why, why did the 6 inch snakes turn into 15 foot snakes, has anyone ever heard of highly venomous garter snakes or pythons? 100 passengers? 3,000 snakes? So many promises, none delivered. <br /><br />Some comments would have you believe that this film is worth watching for the last five minutes. It's not even worth a rental. Stay in and watch a low budget TV movie, you'll enjoy it a lot more. <br /><br />Why was this made? Oh yes, to shamelessly cash in on the internet phenomenon that is SOAP. Shame on you Mallachi Brothers, shame on you",negative
"For that matter one of the worst FILMS ever made. Plot goes as follows. Slog through jungle looking areas for 10 minutes or so. Have Bo go somewhere and strip. Slog through the jungle some more. Give Bo another excuse to strip. Back to the jungle. Oh look! There's a Tarzan looking guy! Strip, Bo - strip. Kill the safari people. Tarzan looking guy has a fight scene. Saves Bo. Bo strips. Run credits. Run credits, run.",negative
"This is one of the funniest movies I have ever seen. If you know the Real World and the people from those shows, this movie will be top notch, if you have never seen the real world you will still think it is an extremely funny movie but you won't get some of the inside jokes about the actors and the tv show.",positive
"The original ""les visiteurs"" was original, hilarious, interesting, balanced and near perfect. LV2 must be a candidate for ""Worst first sequel to a really good film"". In LV2 everyone keeps shouting, when a gag doesn't work first it's repeated another 5 times with some vague hope that it will eventually become funny. LV2 is a horrible parody of LV1, except of course that a parody should be inventive. If you loved LV1 just don't see this film, just see LV1 again!!",negative
"This movie is all about entertainment. Imagine your friends that you love spending time with, the ones that you know inside out becoming a bit silly and perhaps taking on a character or two. That's what this film is about. An inventive script and brilliantly performed. It's not about pleasing the masses with this one, it's about having fun with a bunch of brilliantly talented people. Which is what I'm sure they all thought when they signed up for it. <br /><br />The above review sounds completely unfair and I think that the person who wrote that was in the wrong frame of mind when they watched the film. In a lighthearted moment, there is great dignity in it if you care to look.<br /><br />A job well done, I thought it was a great film. I'd watch this before the North American norm any day.<br /><br />In a nutshell, it's not the best film you're ever going to see but it has a hell of a lot of moments. I haven't laughed that long in an age.",positive
"This happens to be one of my favorite horror films. It's a rich, classy production boasting an excellent cast of ensemble actors, beautiful on-location cinematography, a haunting musical score, an intelligent and novel plot theme, and an atmosphere of dread and menace. It's reminiscent of such classic films as ROSEMARY'S BABY and THE SHINING, wherein young, vulnerable women find themselves victimized by supernatural forces in old, creepy buildings with a macabre past. Here, CRISTINA RAINES plays a top New York City fashion model named Alison Parker. Her happy, outgoing exterior masks a deeply conflicted and troubled soul. This is evidenced by the revelation that in her past, she attempted suicide twice- once as a teenage girl after walking in on her degenerate father cavorting in bed with two women and having him rip a silver crucifix from her neck and toss it on the floor, and the second time, after her married lawyer-boyfriend's wife supposedly committed suicide over learning of their affair. Telling her beau(played by a suitably slimy CHRIS SARANDON) that she needs to live on her own for a year or so, she answers a newspaper ad for a fully-furnished, spacious one-bedroom apartment in an old Brooklyn Heights brownstone. This building actually exists and is located at 10 Montague Terrace right by the Brooklyn Heights Promenade off Remsen Street. The producers actually filmed inside the building and its apartments, paying the residents for their inconvenience, of course. The real estate agent, a Miss Logan(AVA GARDNER), seems to be very interested in having Alison take the apartment- an interest that cannot be solely explained by the 6% commission she would earn. Especially when she quickly drops the rental price from $500.00 a month to $400.00. Alison agrees and upon leaving the building with Miss Logan, notices an elderly man sitting and apparently staring at her from the top-floor window. Miss Logan identifies the man to her as Father Halliran and tells Alison that he's blind. Alison's response is very logical- ""Blind? Then what does he look at?"" After moving in, Alison meets some of the other residents in the building, including a lesbian couple played by SYLVIA MILES and BEVERLY D'ANGELO, who provide Alison with an uncomfortable welcome to the building. Alison's mental health and physical well-being soon start to deteriorate and she is plagued by splitting headaches and fainting spells. When she relays her concerns to Miss Logan about her sleep being disturbed on a nightly basis by clanging metal and loud footsteps coming from the apartment directly over her, she is dumbstruck to learn that apart from the blind priest and now herself, no one has lived in that building for the last three years. Summoning the courage one night to confront her nocturnal tormentor, she arms herself with a butcher knife and a flashlight and enters the apartment upstairs. She is confronted by the cancer-riddled specter of her dead father and uses the knife on him in self-defense when he comes after her. The police investigate and find no sign of violence in that apartment- no corpse, no blood, nothing. Yet Alison fled the building and collapsed in the street, covered in blood- her own, as it turns out. But there's nary a mark on her. What Alison doesn't realize until the film's denouement is that her being in that brownstone has a purpose. She was put there for a reason- a reason whose origin dates back to the Biblical story of the Garden of Eden and of the angel Uriel who was posted at its entrance to guard it from the Devil. She is being unknowingly primed and prepped by the Catholic Church to assume a most important role- one that will guarantee that her soul, which is damned for her two suicide attempts, can be saved. At the same time, the ""invisible"" neighbors, who turn out to be more than just quirky oddballs, have a different agenda in mind for her. This is a competent and intelligently done film and one that surprisingly portrays the Church and its representatives in a mostly sympathetic light.",positive
"What starts off fairly well (and quite disturbing) quickly sinks into an annoying mess.<br /><br />Dee Snider (of Twisted Sister infamy) apparently penned the screenplay from his own idea, and while the idea of a cyber-stalking pierce freak has potential, they really blow it here on uneven pacing, bad dialogue, and one of the greatest non-endings you'll ever see. Despite some lifeless performances, the director manages a genuinely creepy first reel. This really looks like it's going to be a good low-budget effort.<br /><br />No such luck. The plot goes all over the map, and Snider's character relentlessly spits out tiresome psychotic fortune cookie lines that are supposed to pass for meaningful dialogue. Worse, the supporting cast barely registers, and the only halfway believable dialogue comes from a young girl who helps a detective navigate the internet.<br /><br />What a waste of a great idea. Oh, and there is a new twisted Sister song, if you care.",negative
"The script for ""Scary Movie 2"" just wasn't ready to go. This is a problem with the film that is blatantly evident, to the actors and the audience alike. Director Keenan Ivory Wayans, and many of the actors are funny people; and so the movie isn't completely humorless. To their credit, the film has several funny moments. But as a whole, ""Scary Movie 2"" is not even close to being as clever and amusing as the original.<br /><br />The first ""Scary Movie"" was a laugh a minute film. It turned the smallest subtleties of the slasher film genre into comedic gold. The humor in ""Scary Movie 2"" is as heavy handed as it is un-original. They even miss obvious opportunities for parody. Two of the movies stars are former cast members of ""Beverly Hills 90210,"" and this was a show that was begging to be parodied! In the final analysis, ""Scary Movie 2"" is like a fine bottle of wine that was opened far too soon. The script needed a lot more time to age. 2 stars out of 5.",negative
"I had a heck of a good time viewing this picture, and was splendidly surprised at its more erudite features. First off, the film is undeniably cheaply-made with its cardboard sets, limited settings, and creative scientific props. The acting ranges from very poor(the two strippers), barely professional(Herb Evers as the leading man), gothic overstatement(Leslie Daniels as the assistant Kurt)to first-rate with Virginia Leith in the title role as the headless victim alive against her will for the benefit of science and her fiancee's lustful passions. The scripting though is very good and the dialogue is fantastic for a movie of this ilk. Issues abound about what role science and medicine have in our lives and what their boundaries should be. This film is a thinking film in many ways. However, don't be too fooled by its real intent. It is a sleazy story about a man obsessed with his aptitude in medical science who wishes to fuse together his dead girlfriend's head with the perfect body, thereby creating the perfect woman for a man with the best of both body and soul. One other very bright aspect of the film is the sax music which resonates strongly every time the doctor scours town for female beauties.",positive
"It was all over with the slashers around 88 so it was time for the cheesy rip offs of those older movies. The Brain is well done, the script reminded me of Videodrome but then in a more cheesy way as said before. The acting can go through with it. But it's the effects that makes you laugh, the so called Brain is really a turkey and the blood is never shown. The opening sequence is what makes this movie worth watching, the hallucinations are really nicely done and reminded me of Nightmare on Elm Street, remember the telephone coming alive.... Some how you keep watching this flick, waiting what is happening next. It's viewable for all freaks out there cause there isn't any gore in it and as said the blood isn't there neither but there is nudity for the perverts. I have seen worser movies than this one, only wished they had made it bloodier...",negative
"For me personally this film goes down in my top four of all time. No exceptions. James Cameron has proved himself time and time again that he is a master storyteller. Through films such as Aliens, The Abyss and both Terminators it is clear that he was a brilliant and confidant director as far as action and science-fiction goes. He sees a story and adds a strange quality to the film. But Titanic is so much different to his other strokes of brilliance. The film is exceptionally moving and allows room for surprises, plot development and interesting character developments in a story that everyone knows. The story of the famed voyager sinking on her maiden voyage is legend so the challenge was for Cameron to make a truthful, interesting and entertaining film about it. The acting is wonderful as Leonardo DiCaprio who plays Jack and Kate Winslet who plays Rose became superstars overnight with the release of this film and in most films I get annoyed when the supporting characters aren't given a lot to do but in this film it is more purposeful because as an elderly Rose (Gloria Stuart) tells her story it is quickly apparent that it is Rose's and Jack's story alone, no one else. Emotionally it is entirely satisfying and can leave no dry eye in a theater or home. The music has become iconic and legendary. It is composer James Horner's finest soundtrack ever and evokes so much from the film and the audience. The song after so long has become annoying but I still appreciate it for the phenomenon it is and this film is. Only one problem, the usual James Cameron problem, is the dialogue which is memorable but in a bad way as in how cheesy it is at points but all that aside. James Cameron has delivered a masterpiece and a romantic epic that sweeps you away on a journey of a lifetime. My heart won't go on from this one.",positive
"This is probably one of those films too many commented but undiscovered... This is probably one masterpiece of Spanish cinema like some Buñuel's masters-piece. ""15 days with you"" could be the better ""now and them"" re-visitation from others films of long-time ago: could be ""Midnight cowboy"" but could be also ""Les amants du Pont-Neuf"" or a realistic and non-spot-look (but most realistic) ""trainspotting"". This hard story has place to humour, love and obviously dramatic sense. In the new social Spanish cinema this little diamond could be the resurrection of the Italian neo realism mixed whit the best Ken Loach films.<br /><br />Probably the better film I discover in the last 10 years.",positive
"I'm certainly glad that a film was made about Carl Brashear's amazing life story. Coming as it did during the Civil Rights era, Brashear became an inspiration for people of all minority groups not willing to settle for a status expected.<br /><br />Brashear as played by Cuba Gooding, Jr. leads by example in the conduct of the life he has chosen. Very similar to Jackie Robinson who integrated baseball and made it stick by his character and conduct. As Brashear, Gooding knows that he does not want the sharecropper life that his father Carl Lumbly has and Lumbly makes it real clear to get more out of life than he's gotten.<br /><br />But while Harry Truman integrated the Armed Services after World War II, the Navy still has its restrictions. A black man can only be a cook or an officer's valet, the real fighting parts are denied him. That's not good enough for Gooding who applies to become a Navy deep sea diver.<br /><br />Once at the diving school at Bayonne, New Jersey, Gooding gets it all thrown at him, mostly by the Master Chief Petty Officer in charge, Robert DeNiro. DeNiro may have some leftover prejudices, but he's nevertheless a hero and one who can inspire if one can get passed racial divide.<br /><br />The best thing about Men Of Honor is the chemistry between DeNiro and Gooding. They certainly come from different places, but as they get to know each other, both turn out to be Men Of Honor.<br /><br />Other good performances to note are Charlize Theron as DeNiro's wife and Hal Holbrook as the head of the diving school, a guy the Navy just wish would retire for reasons you'll see.<br /><br />Men Of Honor is an inspiring story about people with courage to spare and the ability to change.",positive
"I cannot get past the message of this movie. It's laid out much too clearly to ignore, and it is obscene because it has lost its sense of what it's about. I haven't read the novel, but Pollack's film opens with a scene at a CIA-front organization in New York, which is broken into by two professional assassins, headed by Max von Sydow, who proceed to brutally slaughter the half dozen quirky staff members we've come to know and understand. The staff include an elderly female receptionist, a fussy elderly professorial guy who's toupee falls off when he is machine-gunned (is that a joke?), and, last, the beautiful Tina Chen who looks up from the copier, realizes she is about to be murdered, and says, pitifully brave, ""I won't scream."" Von Sydow replies sympathetically, ""I know."" These murders are completely unexpected, savage, unmotivated by anything that we are aware of, and graphic. It is a brutal scene. <br /><br />There is absolutely no way in which von Sydow and his henchman can be redeemed. And yet that is exactly what Pollack tries to do towards the end.<br /><br />After having killed these innocent good guys, von Sydow switches sides (because the other side is willing to pay him) and assassinates the evil mastermind behind a complicated intramural CIA plot. The script then turns him into a perfectly reasonable, sensitive human being. ""It is better to live in Europe. Things are not so rushed."" Or whatever. I swear I'm not making this up. Pollack wants us to believe that it is better to be an honest mass murderer than a crooked bureaucrat. That's the message. You should write it down in case you forget. Just exactly what kind of psychiatric shambles do you have to be in order to turn ordinary values, not to mention common sense, upside-down like that? I understand that there are thoughtful adults who dislike the government of the United States, even hate it, and who see conspiracies just about everywhere, providing a knee-jerk explanation for otherwise unexplainable events. I know that people who think this way exist because I number some of them among my closer friends. Nevertheless, at some point this dislike, this hatred, if it increases in intensity, must pass beyond politics or ethics and into the realm of the psychiatric. I don't for a moment believe that a man who murders people for money is better than a sinister government official. I don't care how suave and cultured the murderer is or whether he knows how to reach the Louvre on the Metro. Whoever is purveying that message needs either medication or meditation.<br /><br />I'd like to be able to argue that the production is as thoroughly rotten as its message, but I can't. It's quite well done. (In some ways that's worse, because it makes the film less dismissable.) Even New York City looks photogenic on the screen. And it's been a long time since I've thought of New York as photogenic. Robert Redford does an admirable job of projecting his character's initial shock and confusion, but then turns into a telecommunicational semi-genius. And, man, he looks just fine! His wardrobe is just right. Even his rimless glasses are becoming. And his peacoat. It's not everyone who can make a navy pea jacket look glamorous. He seems extremely handsome too, the swine. I want to look like that. I want to wear a denim shirt and a tie with such panache. Faye Dunaway is alright in her role but it's not too believable a role. Would anybody eagerly sleep with a guy who has just kidnapped her and is holding her at gunpoint? Even if he did look like Redford? Would anyone be emotionally wounded if, when this ambivalent relationship is about to end, Redford asked her not to tell anybody about what happened? Cliff Robertson is surprisingly good. He does one or two extremely good double-takes. The mailman is superb. The fight between him and Redford in a crowded apartment is exquisitely choreographed and, for once, we really don't know for sure how it will turn out, because Redford (a book reader after all) seems mismatched against the brute cunning of this hired assassin. This is one of John Housemann's final roles. A shame. He's a magnet on screen. And what an end to his life: a friend finds him lost, wandering the streets of New York, in a neighborhood he'd been familiar with for most of his life. <br /><br />Yes, the movie is very well executed, but I can't ignore that vicious, paranoid message. I have the same problem with Leni Riefenstahl's ""Triumph of the Will."" Or her Olympic documentary in which the announcer is watching a foot race in which Jesse Owens is pulling into the lead and says ominously, ""This Negro is dangerous.""",negative
"I'm sorry to see that it has been rated that low by many people. The series started off very good and after the first season it wasn't that good.<br /><br />People tend to forget the beginning of something and only look at the end. This is not good to do, you should look at the total, not the end result. It is sad that a lot of the ""usual"" characters died but, damn, we had a lot of nice NEW characters.<br /><br />Please do not attach yourself to a few characters but attach yourself to the series, the plot. Please do understand that I didn't like it when Boone died, when Augur died but well... it needs to be done. Can you imagine that everyone keeps living the whole series when they are in a lot of danger all the time? Come on, face it, if they didn't die they would be invincible. In this way you will always keep the tension, will he survive, will he die? I do realize that people attach their selves to characters, I do that too. My favorite character was Augur, the one who could get into every computer he wanted. He was the one who was mysterious, he could do things with the computer no one else could do.<br /><br />I wish to make one statement to all the people who vote negative, does a series which started so good deserve to have such low rating? Should we look at the final season instead of the total? Should we not see how good the series was when it started? Should we not see how much we enjoyed it?",positive
"I think One True Thing is one of Meryl Streeps finest movies to date. Her depiction of a dying woman is perfect. I have recently lived this movie, and it touched me on more levels than I could have imagined. Meryl is truely the greatest actress to have ever walked the earth!!!!!",positive
"My wife and I both thought this film a watered-down, made-for-TV (BBC) version of Manhattan Murder Mystery...which is itself good, but not great. The story has little inter- character tension or chemistry, and not much of a plot. Woody Allen's character just sort of wanders around running off at the mouth, and Hugh Jackman and Scarlett Johannsson don't have a lot more to do. It's pretty disappointing, I must say. Ian McShane's role is just an expanded cameo appearance. <br /><br />The first thing that occurred to me was ""I wonder how much the BBC had to pay Woody Allen to dislodge him from Manhatttan?"" He must've needed the money, and they must have needed his appeal to expand their audience beyond the youth market drawn to the two stars. I'm giving this movie 4 stars instead of 3 because it is unbothersome background noise. If you ever want something to have on while you're knitting or sorting your stamp collection, this'll do the job. I wouldn't pay to rent it again.",negative
"I am a longtime fan of the original of this movie (Bella Martha/Mostly Martha), and everything that makes that movie great and enjoyable to watch is missing from this one. I miss the slow pace, the build-up of characters and their style in small gestures, the dominance of lights and moods and moves over dialog. I don't think that the story itself is enough. Martha/Kate is more secluded, and Mario/Nick is not a clown. In most of the cases the things that makes one scene great in the original, its is not working in its copy here. The small alterations take away the tension. My opinion is that you should go and see the original. It'll worth the inconvenience of subtitles.",negative
"With all this stuff going down at the moment with MJ i've started listening to his music, watching the odd documentary here and there, watched The Wiz and watched Moonwalker again. Maybe i just want to get a certain insight into this guy who i thought was really cool in the eighties just to maybe make up my mind whether he is guilty or innocent. Moonwalker is part biography, part feature film which i remember going to see at the cinema when it was originally released. Some of it has subtle messages about MJ's feeling towards the press and also the obvious message of drugs are bad m'kay.<br /><br />Visually impressive but of course this is all about Michael Jackson so unless you remotely like MJ in anyway then you are going to hate this and find it boring. Some may call MJ an egotist for consenting to the making of this movie BUT MJ and most of his fans would say that he made it for the fans which if true is really nice of him.<br /><br />The actual feature film bit when it finally starts is only on for 20 minutes or so excluding the Smooth Criminal sequence and Joe Pesci is convincing as a psychopathic all powerful drug lord. Why he wants MJ dead so bad is beyond me. Because MJ overheard his plans? Nah, Joe Pesci's character ranted that he wanted people to know it is he who is supplying drugs etc so i dunno, maybe he just hates MJ's music.<br /><br />Lots of cool things in this like MJ turning into a car and a robot and the whole Speed Demon sequence. Also, the director must have had the patience of a saint when it came to filming the kiddy Bad sequence as usually directors hate working with one kid let alone a whole bunch of them performing a complex dance scene.<br /><br />Bottom line, this movie is for people who like MJ on one level or another (which i think is most people). If not, then stay away. It does try and give off a wholesome message and ironically MJ's bestest buddy in this movie is a girl! Michael Jackson is truly one of the most talented people ever to grace this planet but is he guilty? Well, with all the attention i've gave this subject....hmmm well i don't know because people can be different behind closed doors, i know this for a fact. He is either an extremely nice but stupid guy or one of the most sickest liars. I hope he is not the latter.",positive
"This production is an insult to the Stooges, especially Moe. It is inaccurate and poorly acted. Many of the events depicted just didn't happen that way and too much was left out or skipped over. Read the books written by Moe and his daughter Joan instead. This was a waste of time.",negative
"We don't know why this extraordinary film was never made available officially on DVD... Anthony Quinn's performance alone makes this a must-see. There are relatively few films in which an actor identifies so profoundly with his character, a phenomenon always unique for us, moviegoers.<br /><br />But Quinn's powerful portrayal of an innocent Romanian, literally dragged out of his house and everyday life by forces he cannot comprehend, is only part of what makes this film great. The script is based on a book published in Paris by a Romanian priest who fled the Communist take-over of his country, and the film succeeds to go deep into a little known area of East-European history. Told as a succession of Kafka-esquire twists of fate, the misadventures of Johann Moritz (told openly and honestly, without any of the political correctness currently so precious in Hollywood) are in fact a eulogy for the lost innocence of the Romanian people... it is devilishly ironic that this eulogy is signed by a French director, working with the American money of an Italian producer, and overseeing a multinational cast fronted by an extraordinary Mexican-born thespian.<br /><br />I've seen mentions of VCDs of this film in various Asian internet stores, and I was fortunate to take possession of a digital recording of this film, broadcast on the British version of TCM. But it's a shame that ""The 25th Hour"" isn't anywhere on the future DVD release map of MGM studios.",positive
"The story-line of ""The Thief of Bagdad"" is complex, owing to its being told in flashbacks and having three separate and equally important strands woven together. The screenplay by Lajo Biros and the dialogue by Miles Malleson keep the story moving skillfully at all points.The young King Ahmad of Bagdad is angry at his vizier Jaffar for executing a man for having different ideas. He discovers while in disguise that people blame him for Jaffar's deeds and hate him. He is imprisoned by Jaffar, where he meets Abu the young thief. The two escape and take a boat to the city of Basra. There the companions spy when men clear the way so none will see the Princess of the city passing by. Ahmad falls in love with her and visits her in her garden. He tells her he has come to her from beyond time and wins a kiss. Then he is captured. When Jaffar comes to win the Princess of Basra for himself, Ahmad attacks the evil vizier who blinds him and turns Abu into a dog. Jaffar then asks for the Princess's hand, and he gives the gift of a mechanical flying horse to the Sultan of Basra. The blind Ahmad then tells his tale in the marketplace, accompanied by Abu as his dog. The Prince has fallen into a sleep and nothing can wake her. So Jaffar sends his servant Halima for Ahmad and the dog, in hopes the prince can rouse her. He does awaken her. She boards a ship to find a doctor to cure Ahmad, but she is captured by Jaffar who then throws the dog overboard. She then allows Jaffar to take her in his arms, on his promise to restore Ahmad's sight and turn Abu back into a thief. The princess sees a vision of Ahmad; he is in a boat; Jaffar sends a storm to beset him and Abu is shipwrecked on a deserted island. Abu finds a genie or djinn who wants to kill him now that he is free after many centuries spent imprisoned in a bottle. Abu tricks him into proving he really came from so small a vessel, then corks him in again. For freeing him, he gets three wishes. His first is for sausages. In the meanwhile, the Princess pleads with her father to refuse Jaffar; but Jaffar shows the Sultan a new mechanical toy, one of whose six arms stabs him to death. Abu makes a second wish, to find Ahmad. The cunning genie flies him to the goddess of the All-Seeing eye. Abu has to climb a great web to get to the gem that is the eye, battling a giant spider, then scaling the goddess's statue. Abu gazes into the 'eye' and sees Ahmad in a canyon. He has the genie take him to Ahmad. Ahmad uses the eye to see the princess. She smells a flower and forgets everything at once. Abu wishes they were in Bagdad, but the genie laughs and leaves; Jaffar tells the Princess that she is in love with him, omitting mention of Ahmad. Ahmad tries to fight his way to the Princess, but Jaffar smashes the 'eye'. Abu finds himself in the ""Land of Legend"", where the old men who rule want to make him their king. He steals a bow and a magic carpet and escapes instead, to hurry to save Ahmad and the princess. The thief arrives in time to save the young king from the executioner, using his bow from the flying carpet, to the wonder of the throng who had come to watch the execution. Jaffar tries to flee on the mechanical flying horse, but another shot from the bow finishes him. Ahmad is ruler again and plans to wed his Princess; but when he tries to make Abu his vizier, the young thief refuses, saying that what he wants is adventure, not hard work and confinement in a palace however grand it may be. This fantastic story was given a sumptuous production by producer Alexander Korda. The production was designed by Vincent Korda who was also art director, while Georges Perinal did the colorful cinematography. The directors credited are Ludwig Berger and Michael Powell, with Tim Whelan, Alexander Korda, William Cameron Menzies and Zoltan Korda participating. The extraordinary and numerous costumes designs were the work of John Armstrong, Oliver Messel and Marcel Vertes. The production, apart from its gorgeous and expensive-looking visual splendors, I claim is dominated by two other elements, the choral music of Miklos Rozsa and the performance by Conrad Veidt as the evil Jaffar. Rex Ingram plays the genie with a curious accent, plus his usual intelligence and power. June Duprez is lovely and effective as the Princess Mary Morris is a sad and beautiful Halima, and Miles Malleson a properly bumbling and avaricious Sultan. As Ahmad, John Justin appears to do most of what can be done with the part of a young prince in love and then some; he is memorably good in his winning role. This film has a spaciousness about it that is found, I assert, in other Korda works also. Its imaginative content stands in contrast to very-strong realistic sets, costumes and set-design elements. This is one of the most memorable idea-level fantasies of all time, worthy to be enjoyed over and over.",positive
"Jonathan Demme's directorial debut for Roger Corman's legendary exploitation outfit New World Pictures rates highly as one of the finest chicks-in-chains 70's grindhouse classics to ever grace celluloid. Beauteous Russ Meyer starlet Eric (""Vixen,"" ""Beyond the Valley of the Dolls"") Gavin gives a robust, winning performance as a brassy, resilient new fish who does her best to persevere in a grimy, hellish penitentiary. The always fabulous Barbara Steele offers a deliciously wicked portrayal as the mean, crippled, sexually frustrated warden (her erotic dream about doing a slow, steamy striptease in front of the lady inmates is a real dilly). Longtime favorite 70's B-movie actress Roberta (""The Arousers,"" ""Unholy Rollers"") Collins delivers a hilariously raunchy and endearing turn as a cheerfully forward, foul-mouthed kleptomaniac felon who tells a gut-busting dirty joke about Pinnochio. Lynda Gold (a.k.a. Crystin Sinclaire of Tobe Hooper's ""Eaten Alive"" and Curtis Harrington's ""Ruby"") makes her lively film debut as uninhibited wildcat Crazy Alice. And the ever-cuddly Cheryl ""Rainbeaux"" Smith does a lovely, touching reprise of her fragile frightened innocent role from ""Lemora: A Child's Tale of the Supernatural."" <br /><br />Although this picture does deliver the expected ample amount of coarse language, nudity, rape and violence, it's still by no means a typically crass and sexist piece of lurid mindless filth; the movie very effectively explores the many ways in which men cruelly exploit women and strongly asserts the pro-feminist notion that women can overcome any obstacles if they band together into a group so they can bravely face their misogynistic oppressors as one mighty fighting force. Demme's zesty, confidant direction comes through with a glorious abundance of astutely observed incidental details and delightful moments of engagingly quirky human behavior. Furthermore, both Tak Fujimoto's vibrant cinematography and John Cale's marvelously dolorous oddball blues score are 100% on the money excellent. Patrick Wright (Sheriff Mack in the uproariously awful cheap-rubber-monster-suit creature feature howler ""Track of the Moonbeast"") has a sidesplitting bit as a jerky cop who has his car stolen by a trio of prison escapees when he stops at a gas station to use the bathroom. Lively, rousing and immensely enjoyable, ""Caged Heat"" qualifies as absolutely essential viewing for 70's drive-in movie fans.",positive
"Diego Armando Maradona was, and still remains as the best football player, the game has offered. Not just an athlete, but an artist. This documetary if the 1986 World Cup will forever live in the memories of every football fan around the world. Because of his tremendous and unbelievable goal, which he scored against my own country(england). There's absolutely no point of diminishing this star. Although I dont undersand spanish, I can appreciate the argentine narrator. He actually cries of happiness, and can barely express his emotion..... Anything I wrote can be senseless and difficult to comprehend, but readers.....you have to watch this to know what I mean.",positive
"First off I am in my mid 40's. Been watchin horror films since I was a kid so I have seen A lot of variety. IMO,this is not as bad as the multitudes that gave this a 1 or 2. <br /><br />Yes,it is a low budget horror flick. The dialog is soso and acting tolerable,sometimes. The basis of this film plotwise is actually pretty good. For those of you old enough to remember or lucky enough to have seen them on DVD. This is very much like a 1970's movie of the week. Just add in blood and minor gore,minor T & A and swearing, without big names. That is it to a T. I would rather watch this than Jason vs Godzilla or whatever other continuois crap is out there. Tho not as good, EVIL DEAD was a LOW budget film. At least give these guys credit for trying. With acouple MIL budget this could have been a pretty good flick. My score a watchable 4.",negative
"I have a friend that works at blockbuster, and he gets 5 free movie rentals a week, so one day as we were scouring the aisles for something interesting, i stumbled across 18 Weapons of Kung Fu, and judging by the box alone, this movie seemed pretty wack, but nonetheless we gave into temptation and rented it -- afterall, it was free.....and thank god it was....this is by far THE WORST movie i have ever seen....the budget must have been a pickle and a piece of string...the plot was ridiculous, the only mention of the ""18 weapons"" is that there is some book that teaches the ways of the 18 weapons that some bad guy is after -- and thats it! there isnt even any weapon fighting in this movie...that and the action sequences are just flat-out BAD....9 times out of 10 the other guy's punches and kicks come about a foot away from landing on the other guy's, and there are MANY times when the the movie will skip frames (a result of ridiculously poor editing)....the dubbing is as well laughable, and it is hardly even understandable....and we wont even get into the acting...the ending will definitely leave you saying ""wtf??"", however to be fair i must mention that the fighting techniques used by the actors were somewhat decent, and the old guy is a mad chump....but thats about it...thankfully i didnt have to pay for this movie, but i guess at least now i know exactly how bad a movie can actually be....",negative
Definitely one of the most witty and twisted who-dunnit I ever seen. Christopher Reeve and Micheal Caine were brilliant and kept me going through the whole affair. <br /><br />Very classy set pieces and the props really lend a sense of atmosphere to the proceedings. The minimalist feel works for the whole picture.<br /><br />My only complain isn't with the film itself but the lack of a decent widescreen edition of the movie on DVD. I own the fullscreen version (which proves I love the film enough to endure fullscreen presentation) but a awesome Deluxe or 'special' edition would most surely get my cash.,positive
"...un-funny and un-entertaining, possibly the worst movie I have ever had the misfortune to watch. Think 'Ernest goes to..' humour done even worse. Myself and my girlfriend sat through it just to see if it could be as consistently dire as it seems in the opening sequence... Yes it is. Avoid at all costs.",negative
"Fame, I think, was the best movie that I have ever seen. In ways it was funny and dramatic, but that is what makes a movie. True, it has a few loose ends, actually a lot, but I still think that it is a terrific movie. Some of the funny things happen in the audition at the beginning of the movie. I think it is hilarious when the girl tries to act out O.J. Simpson in ""The Towering Inferno"" and Raul/Ralph goes around to every art department saying that his father was great at every one. He says that his dad danced with the Rockets and left Ralph his tap shoes. The Rockets, as far as I know, are made up of women. And the tap shoes were just regular shoes with bottle caps on the bottom. Also the guy who read the lines of Juliet in the Romeo and Juliet play was funny. One thing about the movie that just turns me on is the music. I have never heard anything like it!!! My favorite song is ""I Sing the Body Electric"" and my second is the theme song itself ""Fame"". Irene Cara has a great voice and is a great actress. I like the way the movie focused on many ethnic groups. It showed all of the kinds of people there actually are in what is now called ""La Guardia School of the Performing Arts"". This movie showed the triumphs and trials of many young performers, including Angelo, Doris, Bruno, Coco, Montgomery, Ralph, Leroy, Hilary, and Liza. They all had a hard time, but made it their own way. This movie could have added on about another 30-45 minutes (before the graduation), but it is still my favorite movie no matter what!!!!",positive
"This movie is full of pseudo deep thoughtfulness and it's cloying in its writerly-ness, that includes a canned ham voice-over and some unbelievable dialogue. Dialogue that is tinny and tone deaf the way Spike sometimes (not always) is when writing ""certain"" characters. For those that like nonsense films like Pieces of April and One Hour Photo, this is another one for you.<br /><br />That said, this comment is nothing against Ryan Gosling who has shown his awesome chops in The Believer. A film that proves that movies are a director's medium, and when a movie is rotten it's fair to say the fault lies there and not in the actors.",negative
"THE FEELING of the need to have someone play the role of Arbiter of Public Taste and Political Correctness always manages to get under our skin. It does seem that these self-appointed, self-superior, pseudo-intellectual types do appear everywhere; be it in one's family, church or bowling league.<br /><br />THESE are the guys who would have society completely disregard and ignore all that went before us; unless, of course, whatever 'it' is does not fly in the face of today's ""acceptable"" language, mores and general ""standards"" of ""proper"" behavior.<br /><br />SO it is that these latter day, high tech book burners have targeted a great deal of what was Hollywood's greatest achievement; namely their participation in our own Allied Propaganda via their unselfishly crafted message and theme films.<br /><br />COLDLY brutal in its generation, the Banned Code and List of Now Unacceptable extends into the Wartime Cartoons that don't meet with the new touchy, feely socially engineered 'official' attitudes; which these ""Thought Police"" have foisted down upon us.<br /><br />WE were truly surprised to see that there seem to be volumes of such animated short subjects. The majority we are aware of are from Warner Brothers' LOONEY TUNES and MERRIE MELODIES; featuring Bugs, Daffy, Elmer & Porky, all in conflict with Hitler, Goerring, 'Il Duce', Tojo and the like. Surprisingly though, we found an ample supply of cartoons from MGM, Walt Disney, Lantz, Paramount-Famous Studios and the Brothers Fleischer.<br /><br />YOU'RE A SAP MR. JAP (Famous Studios/Paramount Pictures, 1942) is a prime example of just what we're talking about.<br /><br />BEING virtually indiscernible from the cartoons that were the output of the Studios of Max and Dave Fleischer before the 1941 business coup-de-tat that moved them out, bringing the new name of ""Famous"" Studios, YOU'RE A SAP MR. JAP bore none of the bland plot elements that would reduce the latter day Popeye Cartoons down to the level of the ultimate formula short movie.<br /><br />WE all remember how we'd have Popeye and Olive Oyl together. Enter Bluto, usually the exponent of wolf whistle and an on acceptable on-screen version of a Male reaction to feminine pulchritude. Olive falls for Bluto's less than honorable attentions; until he gets a little too physical and invariably blurts out, ""Hey Babe, how 'bout a kiss?"" At this point we hear ""Help! Help, Popeye and the diminutive sailor shows up to save the day; replete with the obligatory can of Spinach! DO we exaggerate, Schultz? ONCE again this JAP SAP cartoon is nothing like any of that. Oh sure, it follows the storyline of now having Popeye in the U.S. Navy. The Brothers Fleischer put the little guy in the service in 1941 to conform to the mood in the country and as an open gesture of support for the men now being conscripted in the first Peacetime Draft in United States History. Max and Dave even put Popeye in service aboard the mythical Battleship, the U.S.S. Pensyltucky.<br /><br />OUR point is just this. YOU'RE A SAP MR. JAP and others like SPINACH FER Britain aren't cartoon vehicles for comic relief in the Theatre's program at all in the true sense. Rather they are a sort of grouping of Editorial Cartoons much like those from any ""Great Metropolitan Newspaper"". These animated shorts, much like those still one panel illustrations, have characters that are highly symbolic and representative of Nations, Ideas and Ideals, such as a just and lasting Peace. In most cases, the hero (Popeye, Bugs Bunny or whoever) is alone with the symbol of the Enemy. Both are highly exaggerated visual metaphors for abstract concept and thought; even if they are cloaked in humorous trappings for wider palatability.<br /><br />OUR liberal stupidgencia (the antithesis of intelligencia) may not see themselves this way; but for this sort of behavior, they are no more than Neo Nazi Book burners.<br /><br />PLEASE, allow the future generations to view and appreciate a view of past happenings that is both Historical and Humorous.<br /><br />POODLE SCHNITZ!!",positive
"Sorry, but Jacqueline Hyde (get it??? - Jack L and Hyde - Jekyll & Hyde) has some of the worst acting this side of hardcore porn, not to mention a script apparently written by a first-grader with undiagnosed learning disabilities.<br /><br />Jackie Hyde inherits an old mansion by a grandfather she never knew she had. Guess who? Yes, an inventor of the special formula that slowly takes over one's body and mind - yes, that Mr. Hyde! <br /><br />Despite some nice skin scenes, this film fails to register any feeling or emotion other than uncontrollable laughter.<br /><br />As much as poor Jackie tries she just can't stay away from granddaddy's special formula and the result is an hour and half of wasted time.",negative
"How can anyone argue the fact that Urban Cowboy was, and still is, the best document of Texas life for the time period. Consider the following: men beat their wives, get drunk at bars nightly, get married to settle a fight, commit adultery, and compete on mechanical bulls. Try and name a movie that depicts real life so vividly. They dont make them anymore. It seems current films are always about people with lots of money, they live in huge homes, drive expensive cars and don't work. This movie has a celebration scene about getting a trailer for pete's sake !<br /><br />Anyway, I watch it at least once a week. No kidding. I have dissected this movie from end to end. feel free to email me to learn more about my reason for calling it a documentary. Consider the following scenes: Bud sees Sissy - they are split up - he amicably honks and waves, she flips him the bird - he returns half the peace sign honking his horn to add impact then tears off.<br /><br />Buds mom calls him approx. 18 hours after he gets into town, on a Sunday, to see if he has a job yet - all he has accomplished is getting drunk and laid(x2), with help from his uncle and aunt who cover for him.<br /><br />""You all live like pigs"" Think about why this scene is needed. Think about it. Was it necessary ? Could we not figure it out without showing the filthy sink ? God I love that !<br /><br />Sissy allows Wes to help her ride the bull. Only a few days (or possibly the next day) after Wes just kicked the crap out of her husband. Steve asks - Hey Sissy, remember Wes ? Oh yeah, didnt you beat my husband up the other night, so let's get this lesson goin', to make no mention of the fact that she seeks solace in him later during one Bud and Sissy's many fights, which by the way all take place in public - in Gilley's !<br /><br />The Wedding reception picture taking session (oh the humanity !) could they at least arrange or move the chairs out of the way. ""My legs are sweatin' momma""<br /><br />In conclusion, you don't put scenes like this in a movie to try and show insight into human psychology. It is a documentary of real life.<br /><br />I only wish there was a director's cut....",positive
"There are exactly 2 good things to be said about ""Fantasies"" (both mentioned by a previous reviewer as well): <br /><br />a) Bo Derek's extraordinary, poetry-inspiring beauty. She has shots in this movie where she gives even Catherine Zeta-Jones a run for her money, and that's a high compliment indeed. Her nudity is brief and discreet, but just looking at her face is enough.<br /><br />b) The Greek island setting, with its sun and crystal-clear blue waters.<br /><br />Other than that, there is no story, the dialogue is abysmal and at times unintentionally funny (""He touched you where you're a woman!""), and Peter Hooten's character is a slimy jerk. Bo overplays the naivete of her character, but then again when you have to work with dialogue this bad it's unfair to blame the actors (the fact that she kept saying the name ""Damir"" in almost every sentence is a major irritation). Oh, and although the film is set on a Greek island, there is hardly a Greek word to be heard - apparently everyone there, from kids to old people, speaks English the whole time. (*)",negative
"I watched this last night for the first time in 40 years. It's bad. Really bad. But it has enough hilariously awful moments, that it's worth watching. First of all, was it deliberate to make the boy being babysat completely effeminate? He even says to Costello a la Mae West ""you fascinate me!"" as Costello does a double take. God only knows what would have have happened if the babysitter had been a hunk. THIS kid would have seduced him in a heartbeat! Then there's the principal male dancer. He is totally inept. Roar with laughter as he leaps and prances with no talent whatsoever over the giant's grave during He Never Looked Better in His Life. The two romantic leads are zeros, wastes. Abbott gets to sing one line and that was dubbed in by another singer. Geez, I guess he couldn't even carry a tune! Costello does manage to be charming in his I Fear Nothing number, and I guess very small children might like it, but there's not much to recommend it. But oh that seductive effeminate boy! THAT aspect alone blew me away! Plus the fact the family accepted anyone off the street with no references to babysit a child! Today, little femmy boy would be taken away from them!",negative
On a routine mission in Iraq a group of Delta soldiers recover a computer hard drive from an Alqueda training camp detailing the location of weapons specialist Dr Walsh. After witnessing the termination of his top secret weapons development program Dr Walsh finds an alternative funding source and sets up a new research facility deep in the notorious Belzan forest in Chechnya where he is developing weapons and selling them to Chechnyan rebels.The team of Deltas is sent on a black ops mission to retrieve the doctor and his technology before the Russians find him and his lab.What the Delta team soon discover is that the doctors latest weapons is a flock of large carnivorous bats that have been genetically altered to develop a taste for human flesh. I found this movie to be much better than what I was expecting.There is lots of action and lots of blood. Its more or less what you would expect from a creature feature. The acting isn't great but its passable. I have certainly seen worse.Overall its an enjoyable movie for what it is. A good popcorn movie.,positive
"I can not believe such slanted, jingoistic material is getting passed off to Americans as art house material. Early on, from such telling lines like ""we want to make sure they are playing for the right team"" and manipulative framing and lighting, A Love Divided shows it's true face. The crass manner in which the Irish Catholics are shown as hegemonic, the Protestants as peaceful and downtrodden, is as poor a representation of history as early US westerns that depict the struggle between cowboys and American Indians. The truth of the story is distorted with the stereotypes and outright vilification of the Irish Catholics in the story; a corruption admitted by the filmmakers themselves! It is sad that people today still think that they can win moral sway by making a film so easily recognized for it's obvious intent, so far from attempting art. This film has no business being anywhere in any legitimate cinema or library.",negative
"Now, I like sci-fi cartoons. However, when ""Robotboy"" appeared in Canada in late 2006, I watched the premiere and was inevitably appalled. The characters are generic and stereotypical (Do they REALLY need to make an African-American man wear tiger-stripe print clothing and speak in a Jamacian accent? WHY are all the Asian characters vibrant yellow and squinting? Does the mother HAVE to have big thighs and chest and constantly complain?) to the point where things become unrealistic, predictable, gross and sometimes disturbing. There are heavy similarities to, even stabs, at Astro Boy. Allow me to explain (dub names for the young): Robotboy/Astro, Kamikaze/Tenma, Constantine/Shadow, Gus/Abercrombie, Tommy/Alejo, Lola/Zoran+Kennedy, Moshimo/O'Shay, and it so on. Brief resemblances to ""My Life As A Teenage Robot"", ""Star Wars"", ""Teenage Mutant Ninja Turtles"", ""Kamen Riders"", ""Sailor Moon"" and co. are afoot. Not to mention the abundant racial/gender stereotyping. Don't even get me started on the innuendos. I'll just say they're hidden and quite dirty. But seriously. Don't even try watching this. Especially if you like Astro Boy.",negative
"I normally am a glutton for poor movies, but this thing stunk.<br /><br />Do not watch this movie.<br /><br />Terrible effects and very little humour, what the hell was the point of making this movie? No gore to speak of and no acting to speak of.<br /><br />I could only manage 45 minutes of this rat dropping of a movie, and that is rare for me.<br /><br />Something positive to say about this drivel? cover art was OK, I am pretty sure the movie has a ending too, even tho I did not make it to it.<br /><br />The rats were unorganized and blew their lines constantly,they lacked intensity and seemed just to be going through the paces for their paycheque. The actors were worse.",negative
"A very tired looking Burt Reynolds plays a mercenary battling his former employers for some gizmo these non-heroes plan to sell to ""the Iranians."" Low-rent video nonsense by the producers of ""Silk Stalkings"" offers some decent action footage and a lot of ineptly staged ""drama""...a lack of logic and truly dreadful dialogue are the defining aspects, although the final twists and allegiance shifts could've been a nifty end to a better movie. Burt still has presence, although it also means you notice more when he mouths insultingly half-baked ""one-liners"".",negative
"Before I talk about the ending of this film I will talk about the plot. Some dude named Gerald breaks his engagement to Kitty and runs off to Craven Castle in Scotland. After several months Kitty and her aunt venture off to Scottland. Arriving at Craven Castle Kitty finds that Gerald has aged and he has grown meaner. Gerald has certain rules for the castle(the rules have been the same for 200 years). Gerald does not want them to stay but, Kitty insist on staying by making excuses. One night her aunt catches a glimpse of the monster running across the hall. It scares her so much that she faints and (another excuse) they must stay longer. Kitty becomes more worried about Gerald after she tries to go in the maze but Gerald catches her and is even meaner to her. Kitty then sends for reinforcements, she calls their doctor who is actually their friend and his wide. Then to make things not look suspicious they invite a couple other friends(who don't really do anything). Blah,blah, blah Kitty and her aunt end up in the maze where the most suspense of the story is. They somehow get separated and they try to find each other. But the aunt stumbles upon the creature...here it is the moment we've all been waiting for, what is the creature lurking in the shadows?...it is a giant FROG!!! OMG what is better than that! After seeing the aunt the frog literally goes crazy and runs, oops I mean hops up the stairs to the top of the castle. The frog then leaps out an open window. We then go on a shot from the ground and see the frog gall towards us (oh yeah this movie was in 3-D). But you want to know what is funny is the frog that falls out the window is actually a toy because it is 1/10 the size of the frog before it takes the leap. It is then revealed that this was all evolutions fault, blah, blah and Kitty and Gerald get married. Then the last shot of this masterpiece is of the grave of the frog in the maze, the only place where he was ever really happy ;).",positive
"This film was the first British teen movie to actually address the reality of the violent rock and roll society, rather than being a lucid parody of 1950s teenage life. In an attempt to celebrate the work of Liverpool's Junior Liaison Officers the opening title points out that 92% of potential delinquents, who have been dealt with under this scheme, have not committed a second crime. However, this becomes merely a pretext to the following teen-drama until the film's epilogue where we are instructed that we shouldn't feel responsible or sorry for such delinquents however mixed-up they might seem.<br /><br />Stanley Baker plays a tough detective who reluctantly takes on the post of Juvenile Liaison Officer. This hard-boiled character is a role typical of Baker. Having been currently on the trail of a notorious arsonist known as the firefly and does not relish the distraction of the transfer. However, as in all good police dramas he is led back full circle by a remarkable turn of events, back to his original investigation.<br /><br />His first case leads him to the home of two young children, Mary and Patrick Murphy (played by real-life brother and sister duo), who have committed a petty theft. Here he meets Cathie (satisfyingly portrayed by Anne Heywood) their older sister whom he eventually becomes romantically involved with. It quickly becomes obvious that the squalid environment of such inner-city estates is a breeding ground for juvenile delinquency.<br /><br />The elder brother of the Murphy family, Johnny, is the leader of a gang of rock and roll hoodlums. McCallum does an eye-catching turn as the Americanized mixed-up kid, who owes more to the likes of Marlon Brando, than any previous British star. One is reminded of Brando's character Johnny from 'The Wild One' who led a leather-clad gang of rebellious bikers in much the same way as this film's 'Johnny' leads his gang.<br /><br />Thankfully the preachiness of earlier Dearden crime dramas such as 'The Blue Lamp' is not so apparent. Instead we are presented with several well drawn-out characters on both sides of the law as the drama of the delinquents and the romantic interest between Heywood and Baker takes the forefront.<br /><br />The plot, whilst at times predictable, does deliver some memorable scenes. The disruptive influence that rock and roll music was thought to have had is played out in a scene where Johnny abandons himself to the music, leading a menacing advance on the police sergeant. The most grippingly memorable piece of film however is the climatic classroom scene where a bunch of terrified school children, including Mary and Patrick, are held hostage at gunpoint by Johnny. Obviously in the light of the real-life Dumblaine Massacre this scene seems all the horrifying. Understandably because of this the film is seldom aired or available to modern audiences.",positive
"A family with dad Louis (Dale Midkiff), mom Rachel (Denise Crosby), 10 year old Eileen (Blaze Berdalh and about 3 year old Gage (Miko Hughes) move to this beautiful house in Maine--seemingly unaware of the semis that roar down the highway in front of their house every 90 seconds or so! The neighbor across the way (the wonderful Fred Gwynne) makes them feel at home...and shows them a pet cemetery where children bury their pets. But a little further on is a sacred ground which can bring the dead back to life...but the dead come back in a nasty mood.<br /><br />""""DEFINITE SPOILERS** The novel by Stephen King was good--it was long but it developed characters and situations that made you care what happened. This movie jettisons ALL the character development and just plays up the gore and violence. Animals are killed ON camera (I know it's faked but it's still repulsive); a little boy is hit by a semi and his casket pops open during the funeral (in a totally sick scene); he's brought back to life and attacks and kills people including his mom (I DO wonder how a 3 year old was able to hang her); a ghostly jogger (don't ask) tries to help the family for no reason...The movie just works the audience over shoving every gruesome death or violence into your face. It just goes out of its way to shock you. **END SPOILERS**<br /><br />Acting is no help. Midkiff is just dreadful as the father--he's handsome and buff but totally blank. Crosby isn't much better. The two kids are just annoying. Only Gwynne single-handedly saves this picture with his effortless good acting. <br /><br />This picture shows a total contempt for the audience taking large leaps in logic and having characters do incredibly stupid things (especially Midkiff at the end). This movie was (inexplicably) a huge box office hit in 1989 which led to the even worse sequel in 1992. I saw it in a theatre back then and was disturbed how the audience kept cheering on the violence and was just appalled by what I saw. A sick repulsive horror film. A 1 all the way.<br /><br />When you think it's all over and can't get worse the Ramones sing a title song!!!!!! (""I don't wanna be buried in a pet cemetery""). Truly beyond belief.",negative
"I can say without a shadow of a doubt that Going Overboard is the single worst film i have ever seen, and yes, I have seen Cujo. Adam Sandler is an abomination as Schecky Moskowitz, a wannabe comedian working on a cruise liner. That's the plot.<br /><br /> That's it! Nothing else in the film makes sense, it's all over the place like a mad man's breakfast, and not in a wacky naked gun kind of way, but more of a frustrating, 'throw both shoes at the t.v' kind of way. even General Noriega makes an appearance, for no reason i can comprehend (it certainly wasn't for humour). Add to the mix Miss Australia, who has the worst Australian Accent i've ever heared, and you have something which i won't call the worst film ever made, because Going overboard doesn't even fit the basic definition of a film. I highly recomend seeing this film, as it will elevate the standing of every bad film you ever see. I guarantee the first thing you'll say after seeing a bad film will be ""at least it wasn't as bad as Going Overboard"".",negative
"When I started watching ""Fay Grim"", I had no idea that it was a sequel to ""Henry Fool"". Now, the latter was not a movie that I envisioned as having a sequel. But one has arrived, and it's quite good. I assume that you've seen the original, so I won't explain it. This one starts with Fay (Parker Posey) living with her son whom she had with deadbeat Henry (Thomas Jay Ryan). Simon (James Urbaniak) is still in jail. One day, the son gets expelled for bringing a pornographic toy to school. But this is no ordinary toy. It holds a secret that explains much of what happened in the first movie. And this secret delves deeper into geopolitics than ""Syriana"".<br /><br />I must say that I'm quite impressed with what Hal Hartley has accomplished here. Maybe this one doesn't quite reach the original's quality, but it certainly takes a good look at what's going on in the world. And the end leaves open the possibility for another sequel.<br /><br />Also starring Jeff Goldblum.",positive
"I have never understood the appeal of this show. The acting is poor (Debra Jo Rupp being a notable exception), the plots of most episodes are trite and uninspiring, the dialogue is weak, the jokes unfunny and it is painful to try and sit through even half an episode. Furthermore the link between this show and the '70s' is extremely tenuous beyond the style of dress and the scenery and background used for the show -it seems to be nothing more than a modern sitcom with the same old unfunny, clichéd scripts that modern sitcoms have dressed up as depicting a show from twenty years ago in the hope that it will gain some nostalgic viewers or something like that. Both ""Happy Days"" and ""The Wonder Years"" employ the same technique much more effectively and are actually a pleasure to watch in contrast to this horrible, pathetic excuse for a show",negative
"The very first talking picture has returned from oblivion, and now you can hear it and see it! In autumn of 1894, at the Edison lab complex in West Orange, New Jersey, Thomas Edison's associate William Dickson tried to combine two existing technologies (the phonograph and the kinetoscope) to record sound and image together. In the event, Dickson was unable to synchronise the playback of sound and image, so this experimental film was never released to paying audiences ... and consequently (unlike many silent films which Dickson made for Edison at this time) it has no official title. The silent image (recorded at 40 fps) has been in the Library of Congress for years, known to film historians as a mute curiosity. It was also known that the 'soundtrack' had been recorded on one of the crude wax cylinders languishing at the Edison National Historic Site ... although nobody knew which one.<br /><br />But now that's changed. Recently, curators located the wax cylinder, which had broken into several pieces. These were reassembled: a playback was obtained, and the sound was digitised. Hollywood's veteran soundtrack editor Walter Murch cleaned up the background noise and tweaked the digitisation to make it synch with the film image, which Murch had digitally compressed to 30 fps. Sound and image are synchronised at last!<br /><br />The film begins with an offscreen man's voice calling: 'The rest of you fellows ready? Go ahead!' (The unseen speaker remains unidentified, but was probably Dickson's assistant Fred Ott.) On screen, Dickson plays a violin into an immense funnel mounted on a tripod (one of Edison's sound-recording devices) while alongside him, in full view of the camera, two male lab assistants embrace each other for some quick ballroom dancing to the tempo of Dickson's music.<br /><br />The film lasts barely 17 seconds: just long enough for us to marvel at this crude technology before being provoked to laughter at the sight of two men waltzing in each other's arms. Speaking of which, here's a WARNING: a well-known but extremely inaccurate reference book ('The Celluloid Closet', by the late Vito Russo) includes a frame enlargement from this movie and identifies it as 'The Gay Brothers'. That's incorrect. 'The Gay Brothers' is an entirely different movie, made by Dickson at the Edison lab during this same period. 'The Gay Brothers' never had a soundtrack: it's a brief fiction film about two brothers who are NOT 'gay' in the sense Russo meant it. The deceased Mr Russo, for his own reasons, wanted us to perceive Dickson's experimental sound film (arguably the first movie musical!) as an artefact of 19th-century homoeroticism. (Hmm, what is it about gay men and musicals?) Sorry, but there's just no such content here.<br /><br />This vitally important film deserves a rating of 10 out of 10. I've often maintained that no 'lost' movie should ever be considered irretrievable unless it was deliberately destroyed: I'm delighted to report that this film is finally available to audiences as its producer intended it, more than a century after it was filmed!",positive
"Possibly the worst film within the genre in existence. It was announced as a comedy, but is simply tragically pathetic. I don't think anyone could have achieved anything more terrible and irritating if they were specifically requested to. It is toilet humour at its very poorest, I would avoid even watching the trailer. I only went to see it because it was announced that if you like Monty Python, you are bound to love this. Whoever wrote that was either biased or seriously deranged. I am still bewildered how one can honestly believe such a statement. Rarely do I leave the cinema, really it takes a lot of effort for a film to have that effect on me: this one did it in just 30 minutes.",negative
"Terry Gilliam's and David Peoples' teamed up to create one of the most intelligent and creative science fiction movies of the '90's. People's proved a screenplay with bizarre twists and fantastic ideas about the nature of time  I especially love the idea one can't change the past; it's a nice counterpoint to so many time-travelling movies which say otherwise  biological holocausts and the thin line between sanity and madness. Gilliam visualized his ideas with unique quirkiness, perfection and originality.<br /><br />The story itself is engaging: one man, James Cole (played by Bruce Willis in a heart-warming performance) travels several decades to the past to retrieve information about a virus that's wiped out mankind and left only a few survivors alive living underground: with the information he'll collect, scientists hope to find a cure so everyone in the future can return to the surface. But because their time-travelling technology isn't perfect, he ends up being sent towards different other pasts and complicating things. And from that a brilliant science fiction thriller with shades of film noir ensues as the multiple pieces of a huge jigsaw start fitting together to form a bizarre narrative involving animal right activists, end of the millennium paranoia, biological weapons, the perception of reality, and the definition of sanity. With such a complex movie, it was easy for Gilliam and Peoples to create a mess, but instead Twelve Monkeys is a thought-provoking narrative which will please those who like to be challenged and have patience to appreciate some crazy ideas.<br /><br />I watched this movie once around 10 years ago. It marked me a lot: I remember still thinking about many days after-wards; for my young mind this seemed quite mind-blowing and it was one of the first movies to make me appreciate cinema as something serious and important. I've re-watched this movie a few days ago on DVD and it's better than I remembered it. Brad Pitt still steals all the scenes he's in, playing Jeffrey Goines  almost a prelude to his Tyler Durden character in Fight Club  a rich kid with some anarchist/non-conformist ideas who's also crazy and, according to Cole, perhaps responsible for the virus. The scenes between Jeffrey and Cole in the madhouse are the best in the movie, Pitt's eyes, voice and quirky mannerisms convince you he's really a crazy guy locked in a warped logic only he understands. Pitt's Oscar nomination was well deserved! Surprising was also Bruce Willis' performance: his I didn't remember very well, but it's beautiful and full of sensibility; he plays a man who spent almost all his life underground, and when he comes to the past you'll share his childish fascination with something as simple as breathing the fresh air of the morning or watching the sun go up. Cole is a rather ambiguous character, Peoples' tried to imbue some darkness in him, and he does other disturbing things to other people and to himself: the scene where he removes his own teeth reveals how far his dementia has gone unchecked. Ironically Cole didn't start as a crazy character, but when he starts warning everyone about the end of the world, he's considered mad and convinced it's all in his mind, until he arrives at a point when he can't distinguish past from future, reality from fiction. Willis spends a lot of time looking confused and insecure, and it works perfectly. One of the fun twists in the narrative is when Cole's shrink, Dr. Kathryn Railly, finds undeniable proof he's really from the future and now has to convince him again of his mission to save the world. The screenplay is full with weird twists like this and it keeps the movie in a fast pace. Their relationship is also well-handed, although perhaps a bit compressed for time's sake. But I enjoyed watching Cole and Railly falling in love and trying to escape the authority of the future to live a peaceful life in the past. But then things end in a tragic/bittersweet climax at an airport, wrapping all the pieces together, which will blow many minds away.<br /><br />There are two great endings in this movie, a twist in the sense of Se7en or Fight Club, and a more intimate ending where Railly is crouching next to Cole who's just been shot and looking around for a younger James Cole who's witnessing his future self die; the two share a brief look, and she smiles at him. The twist is brilliant, but I prefer this ending for emotional impact. Madeleine Stowe is very good playing Dr. Railly, she drew many different emotions from me in her performance. The movie is filled with a sense of fatalism with the idea the past can't be changed: this movie shows that in a terrifying way. It reminds me of Chinatown in that sense, the way Jake Gittes messes everything up the more he tries to help. Railly's character shares that fatalism, the more she tries to help Cole  first dealing with his 'madness' then helping him in his mission  the more they're sucked into tragedy.<br /><br />The twist ends with a hopeful note, though, with the feeling Cole's mission hasn't been in vain. Twelve Monkeys is a great movie to watch if one wants to be entertained; it's not supposed to be art, although it's more artists than many artistic movies. It's an unpretentious movie where all elements, from music to editing to costume design, etc., came together beautifully to produce a modern cinema masterpiece.",positive
"In Holland a gay writer Gerard (Jeroen Krabbe) gives a lecture. He stays overnight with a beautiful woman Christine (Renee Soutendijk) and has sex with her (by imagining she's a boy). He plans to leave the next day, but gets a look at a picture of Christine's hunky boyfriend Herman (Thom Hoffman) and decides to stay to have a try at him. Then things get strange.<br /><br />A big X-rated art house hit in the US in 1983. Why was it X rated? Let's see...there's strangulation, full frontal male and female nudity, castration, mutilation, simulated sex, a scene in a church with a cross that will shock most people, a gay sex scene in a crypt...and it's all a comedy!!!!! Paul Verhoeven made this after ""Spetters"". ""Spetters"" was attacked by the critics for it's extreme sexual sequences and denounced as trash. So, Verhoeven filled this film with very obvious symbolism thinking the critics would think it was art and praise it. He was right! Critics loved the film not realizing that Verhoeven was playing a big joke on them. Still, it's a great film. <br /><br />It's beautifully shot by Jan de Bont (now a director himself) and there's so much symbolism and obvious ""hidden"" layers in the dialogue that you're never bored. All the acting is great--Krabbe plays a thoroughly despicable character but (somehow) has you rooting for him; Soutendijk is just stunning to look at and plays her part to perfection--the little smile she gives when Gerard agrees to stay with her is chilling; Hoffman is extremely handsome with a great body--he deserves credit for doing the church sequence and going at with Krabbe in the crypt.<br /><br />This is not for people easily offended or the weak of heart, but if you like extreme movies that playfully challenge you (like me) this is for you! A 10 all the way.",positive
"Did we all see the same movie??? I can't believe the raves some of the others are giving this really awful bio which, believe or not, was authorized by Shirley Temple herself, based on her book CHILD STAR. Gives me the feeling that some are awfully easy to please.<br /><br />First of all, ASHLEY ROSE ORR, whatever her modest talents are, in no way, shape or form even resembles Shirley Temple enough to be cast as her in this sort of straightforward biography of the world's most famous child star. She gives no indication of why or how this child was so revered except for trying her hardest to do a Shirley impersonation which never clicks on any level. None whatsoever.<br /><br />And that is the major handicap of the whole piece. But as if that isn't bad enough, any drama inherent in Shirley's story of her climb to almost overnight stardom has been completely white-washed with insipid writing peppered with occasional song and dance moments that don't even approximate what Shirley did (as for example, ""The Codfish Ball"" with Buddy Ebsen which was probably the high point of Shirley's choreographed dance routines).<br /><br />Simply putting a girl in a polka dot dress doesn't make her Shirley Temple. None of Shirley's own brand of charm, warmth and appeal is even remotely suggested. All we see on display is a pale imitation of the original proving, once and for all, that there was only one Shirley Temple.<br /><br />It's worthless to write anything further about this mess. None of the others are more than ordinary in lifeless roles. My advice for Shirley's fans is to read her book--or better still--watch her movies.<br /><br />This is the pits.",negative
"The movie that i am going to review is a little television movie made in 1996 and it starred Melissa Joan Hart and Daniel Baldwin.<br /><br />The main protagonist/antagonist Jennifer Stanton (Hart) is a typical all American teenager who is feeling the pressure of having such a controlling father (Baldwin). However, when she meets an ex con called Nick Ryan (Jeremy Jordan ""Never been kissed"") they instantly 'fall' for each other, but Jennifer has a different idea on where to take their relationship. she manipulates him to kill her parents, to protect their 'love' but she just used him to get rid of her parents so she can be with Brad (David Lascher future 'Sabrina' cast mate for Hart). Melissa Joan Hart actually really surprised me with her role as an evil manipulator and she carries the movie well by using her friends and Nick so she can literally get away with murder. The rest of the supporting cast work well and they each hold their own when they have screen time. I also found it interesting that this film was made and released the same year, Hart, began portrayed Sabrina, the Teenage Witch and this shows she can act in my genres of film and television.<br /><br />Although the film has dated somewhat it stills stands out as some of her best work that involves drama or thriller and i am looking forward to 'Nine Dead' that comes out in November because it shows she can seen as other people that are not called ""Clarissa Darling "" or Sabrina Spellman""<br /><br />I recommend this film to anyone that is a fan of Melissa Joan Hart or Sabrina. You can watch this on the internet, so i suggest check it out.",positive
<br /><br />Robot jox is a great little film ok some of the sets are bad and the acting is not that great but the special effects are very good for a film of this size and age. You have to remember that this film is over 10 years old now and was made very cheaply in the 1st place so you cant moan to much about the bad parts. So just sit back and watch a cool film with great big robots in it.,positive
"this became a cult movie in chinese college students, though i havnt watched it until it is broadcasted in channel4, UK.<br /><br />full of arty giddy pretentions, the plot is mediocre and unreal; the 'spirit' it wants to convey is how independent artists 'resist the commercisliation of music industry' and maintain their' purity of an artistic soul' and wouldnt 'sell themselves for dirty money'. that is really giddy and superficial; the diologue are mainly pathetic. acting is poor. sceenplay is full of art pretention. it is a fantasy movie for kids and that;s all<br /><br />",negative
"What a mess--and I'm not referring to the ""destruction"" in the title. I could go on about the hackneyed plot, the lousy effects, the (actually notable) cast grimacing as they deliver the worst lines of their careers, etc. I'll just say there weren't any palm trees in Chicago the last time I checked, and leave it at that.<br /><br />Hmmm...need ten lines to get this posted on IMDb.. OK, well, I think a DVD release with outtakes could be interesting. Maybe Dennehy will reveal what favor got called in for him to appear in this thing. Maybe Dianne Weist will show us the bag of money it must have taken to get her involved. Maybe CBS execs will apologize...",negative
"I was fortunate enough to see The Last Stop here where I live at the Moving Pictures Film Festival (for those of you that don't know, the Moving Pictures Film Festival is a tour of Canadian made film in Canada). I was told just before the movie started that it was the world premiere and that it was on the verge of getting an American distribution deal which added to my excitement.<br /><br />I'm a big horror movie fan, and yes, I love the Scream trilogy as well. So when I found out that Rose McGowan was doing a Ten Little Indians type of movie I knew that I was in for a treat. Rose McGowan was the biggest name actor/actress at the entire festival.<br /><br />The best way I can describe it without giving away too much of the plot is that it's not quite like Scream. And it certainly is worth seeing. It's set in the middle of a snowstorm (it was filmed in Vancouver, B.C., Canada) at a mountaintop motel, which adds to the suspense. Rose McGowan puts in a great performance as the-girl-next-door(?!) along with the rest of the cast. And as for what happens at the end, well, the only thing I'll say is that you'll never guess the ending.<br /><br />Sadly, it probably won't make it into mainstream North American theatres because the only decent money maker in it is Rose McGowan. But if you get the chance to see it I would recommend you do. And if worse comes to worst, there's always video.<br /><br />I gave it a 9 out of 10.",positive
"Being an unrelenting non-stop over-the-top explosive melodrama, this movie is one of the worst action flicks ever produced, and utterly unbelievable in every way. The pace is constantly fever-pitched, and all the action and the actors are gripped by total hysteria. It is nigh unwatchable, and a stain - nay, a blotch - on the careers of everyone involved.<br /><br />The wildly exaggerated attempt at excitement undermines itself, resulting in a movie where you just go ""Come on!"" all the time. The setting and the events are impossible to take even remotely seriously. I can only rate this abomination a 1 out of 10.<br /><br />If you want to see a good asteroid movie, see Deep Impact, which is intense, sensitive and thoroughly engrossing. Everything Armageddon is not.",negative
"An excellent documentry. I personally remember this growing up in NYC in the early 80's. This movie is for anyone that wasn't around during that time period.This shows the one thing the African American Gay Underclass felt was solely theirs and the love and camadrie you see is real. The people are real and sadly few are still alive as this is being written. The balls are still held but not to the extent that they were in the the nineteen eighties. That time is gone forever. This is a good pre ""homo thug"" movie. When Queens were really proud to be extroverts. Goodbye to Storyville this is another era gone but greatly documented all hail film!",positive
"Yowsa! If you REALLY want some ACTION, check out the babes and bombs on this non-stop thriller! Veteran star MARTIN SHEEN leads a trio of supermodels on a mission to stop nuclear terrorism... but director Dean Hamilton doesn't let this heavy plotline get in the way of massive doses of TEENSY-SWIMSUIT scenes, jiggly beach jogs, hubba-hubba hot tubs and the like! Want action? You'll get more of it here than in PEARL HARBOR. Want babes? You'll get an eyeful every two minutes. Want more? Go out and BUY THIS VIDEO! Yowsa, Yowsa, Yowsa! That's some mighty spicy meatballs!!!",positive
"Admittedly, Parsifal is not an opera that can appeal to everyone, although it is a favourite of mine, Knappertsbusch, 1951, in particular. Syberberg's entire approach is so static. Whenever the music suddenly begins to swell ... Syberberg keeps the cast moving at the same pace. The takes on Amfortas and Klingsor are endless. Whatever happened to film editing? The result is physically exhausting to watch. The viewer is never spiritually transported. Your impulse is to rush home and play a recording again to confirm that Wagner got it right, Syberberg got it wrong. And that set decoration with those ""clever"" reminders of Wagner's anti-Semitism -- will there ever be a viewer of this film with no prior knowledge of Wagner?",negative
"An interesting idea involving an alternative dimension inside a hospital. It recalled - Stephen Kings ""Langoliers"", ""Kingdom Hospital"" and old twilight zone episodes. Atmospherically strong, the set up was great. There were also some very clever 'time loop' moments which always have that head-melt appeal. The story had plenty of vague references which led me to believe that all the ensuing weirdness of - time slips / ghosts / a weird bat winged demon and a rather silly heavy metal attired ghoul-thing would be explained. And THAT was were Dark Floors severely let me down. Based on my viewing the movie gives NO EXPLANATION as to what is behind the events. Whilst, some ambiguity is always expected/welcome in these kind of films. Dark floors took it to new heights of vagueness. I don't expect things wrapped up in a pretty ribbon, but neither should I be left feeling ""Huh? .. is that it? ... Did I dose off? Maybe, I hit chapter skip by mistake?"" Dark Floors left me with a deeply unsatisfying suspicion that ""It was all a dream"" which is a shame because up until the last reel I was very much on board and enjoying the movie.",negative
"The novel is easily superior and the best parts of the film are direct translations from what Greene wrote; for instance the quiet but grim humour that breaks into the scenes with Boyer and Lorre, or the murdered-child obsession that takes over some of the plot. Where the film deviates from the novel, it tends to the ludicrous.<br /><br />However I don't want to suggest that the film is bad in any way. It always looks the part and the story stays in the mind like a good 'un. Some of the minor characters were stock actors who could turn their hand to anything.<br /><br />It's a dreadful shame that the film's not available on DVD.",positive
"It's a shame this movie is rated PG 13--it is really quite suitable for anyone--though young kids might not follow it too well.<br /><br />It belongs to that wonderful genre of serio-comic ghost/angel stories that would have to include everything from Capra's ""It's A Wonderful Life"" to Wenders's ""Wings of Desire."" <br /><br />The photography is stunning, the acting first rate, and--wonder of wonders--the tone is uplifting.<br /><br />My only criticism is that there is not much ambiguity in the film. The two interwoven stories seem intriguingly mysterious at first; but they resolve themselves a little too nicely for my taste. As the director points out in his commentary on the DVD, all the ingredients of Irwin's story are on his bedside table. The symbolism is just a trifle too pat for me.<br /><br />But what a lark! My favorite scene has to be when the relocation team tries to get breakfast at a diner. This is practically theatrical in its magic--a tour de force of witty acting--subtle, playful, and positively rhythmic--coupled with striking cinematography and an acute eye for the grotesque.<br /><br />""Northfork"" is funny, touching, gorgeous to look at, magical (with the above reservations) and has not one single car-chase.<br /><br />An easy nine stars.",positive
"This movie isn't about football at all. It's about Jesus/GOD!! It's the same kind of sappy sanctimonious religious drivel you get from those arch idiots who wrestle for Jesus, or pump iron for Jesus. Yeah, Jesus was totally buffed, liked contact sports, and definitely owned a full set of dumb bells. DUHHH! This movie should have been entitled ""Hiking for Jesus,"" or something along those lines just to let the general public know that the real intent of this movie is to convert people to Christianity, and to pander to those whose brains have already been thoroughly washed in the blood of the lamb. That the title is derived from the Bible is made clear when the head coach is reading his Bible and asking Jesus for help. The recent sports movie ""Invincible"" was 100 times more inspiring than this was, and Jesus wasn't even a factor. It was just the desire and determination of an individual with a dream.<br /><br />Any broad appeal as an inspirational sports movie is ultimately lost amidst all of the blatant Bible thumping and sanctimonious religious propaganda. One gets the impression that the sole message is the only way you can succeed and make positive gain is if you accept Jesus as your personal savior. But this is simply not true, and is therefore a lie being perpetuated by those who believe that it is true and want everyone else to believe it. The image of the winning athlete thanking Jesus when he wins comes directly to mind. What does he do when he loses? Does he curse Jesus? Of course not! When he loses Jesus isn't responsible. Jesus is only responsible when he wins. And the logic goes round and round and round, and it ends up exactly where the true believer needs it to be, every time!! I had to hit pause when the scene with the coach receiving a brand new truck came on so I could stop rolling on the floor laughing my ass off and catch my breath. Materialism is not what Jesus taught. I find it odd that most so called ""Christians"" seem to either forget or ignore this message from their ""savior,"" especially when I see a Jesus fish on the back of a huge gas guzzling SUV that passes me like I'm standing still.<br /><br />Another message this movie implies is that Jesus apparently cares more about the win loss record of a mediocre high school football team that he does about the millions of starving children in the world. The final scene where the insecure and unsure kicker boots a 51 yard field goal and it is hyped up as an unbelievably incredible miracle puts the final gag me with a spoon religious red flag on this turkey. I only gave it three stars because the guy who played the black coach could actually act.",negative
"As a South African, living in South Africa again after a 32 year stay in the UK, I am sorry to say that this movie is a huge disappointment. The three main problems I had with the movie was a) why Swank and Ejiofor - an American and a Nigerian - to play the leads. This country is bursting with talent and has no need of imports... b) Gillian Slovo has been trading off her Struggle credentials for years now. She's a very mediocre writer and even her novel doesn't stand up the flaccid direction of Mr Hooper... and c) Hilary Swank again, such a great actor, as proved in Million Dollar Baby (but that's Eastwood too), here dressed in the contemporary New York style whilst roaming freely around the poverty of the Karoo. Where was the consideration and sensitivity needed by the costumer and director? Yes, the film is ultimately moving - how could it not be? - but the overall mood at the conclusion is one of tremendous letdown. Heart's in the right place but needs a pace maker.",negative
"Emma is a horribly flawed film based on Jane Austens classic novel. I have not read the book so I really didn't know that much about the plot, and yet I still predicted nearly the entire plot. There were also many scenes that frustrated me because of the bad writing or directing. The film is though for some reason very entertaining and I loved it. Of course there were all the scenes I disliked but the majority was well acted and funny. Gwyneth Paltrow gives one of her best performances as the heroine in Emma. The film also stars Toni Collette(Who has okay but has been much better) Ewan Mecgreger(Who has also been better but he is still very good here) Alan Cumming(Who I have never really been impressed with and is pretty much the same here) and Jeremy Northam(Who's performance is rather wooden at first look but actually fairly subtle, even if that was not what it needed) There have been much better adaptations of Jane Austen books but this one is still very entertaining and worth watching.",positive
"OK. Who brought the cheese. I love it. During it's run it became a phenomenon. The Anorexic Twins became popular.Bob Saget started making a paycheck (Instead of his REALLY funny stand-up). And people knew who Dave Coulier was. This is when life was good and simple. This is one of the great American classics. It was humorous and always brought home a good lesson. And this is where I differ from the norm: I liked the last few seasons. Like Home Improvement, when children get older there are a lot more you can do with the script. This is why I dare say...It could have gone much later than it did. But anyway. I gave it an 8/10 because of its wholesome, funny story lines, and because of Bob Saget!",positive
"The brands in this film, like Suit Supply, take away from the story, cause it's supposed to be set in the eighties. It's not a very thrilling film. Also, the single from Intwine on the soundtrack is very bad, it has a chorus that is repeated numerous times', like ""I'm a cruel man, I take it all away, I'm a cruel man I'm here to stay.."" Jeeez couldn't those asswipes have come up with something better than that? I guess they wrote it in a couple of minutes..<br /><br />It's really annoying, just like the product placement in this filmproduct,that cashes in on the controversy and publicity around a criminal who should not be a celebrity like he is now made out to be, but should be forgotten like rats ought to be.",negative
"It is a tricky thing to play a queen. On the one hand, the actress has to be majestic and imperious, and on the other, she has to show vulnerability in a tough situation as well as the gathering of the courage and resolution to overcome the odds, since almost all movies about queens have that basic plot line. <br /><br />Emily Blunt is quite radiant as Victoria, but it's not as full a performance as I'd like, no blame to her. I can't help but feel like this is a Mills & Boon novel adaptation compared to a darker, more dramatic movie about another young queen, Elizabeth. Hence Blunt doesn't get to run the gamut of queenly emotions, at least not to the full extent, since she's, y'know, the young Victoria. To see the old Victoria, check out Mrs Brown.<br /><br />Jean-Marc Vallee is an interesting choice of director for the movie. He last did C.R.A.Z.Y., which was excellent and propelled him to fame. It was quite a different movie but I remember it looking gorgeous and that's probably the main similarity between the two movies. But while Vallee wrote C.R.A.Z.Y., this one was by Julian Fellowes, and though I really enjoyed his Gosford Park, the story for this movie was much less interesting. I soon got lost with all the governmental politics. Maybe it was less engaging because there was no potential beheading of the monarchy. I'm just saying.",positive
"The only thing worse than surfers without any waves is a film about surfers without any waves. For viewers who love surfing this film will be a gigantic disappointment since the total number of minutes of surfing footage struggles to reach three.<br /><br />The story is a slice of life about beached surfers who are waiting not for the perfect wave, but for any wave at all. J.C. (Sean Pertwee) is an aging super surfer who is flirting with a commitment with his girlfriend Chloe (Catherine Zeta Jones). Just as he is about to find grown up bliss with the woman he loves, three old surfing friends turn up and convince him to hit the beach looking for monster waves at the Bone Yard. The trouble is, there are no waves until the very end of the film, so most of the story dissipates itself on a meandering succession of disconnected beach happenings.<br /><br />The acting is mostly mediocre. Sean Pertwee has a few comical moments, but mostly his acting was mundane. Ewan McGregor was decent as the drug dealing wild man, by far the most interesting and peculiar character of the bunch. Probably the funniest performance was turned in by Peter Gunn as Terry who turned his corpulent body into a continual sight gag. Catherine Zeta-Jones was sexy as usual, but her character didn't really have enough meat for her to show much acting ability.<br /><br />There is really not much here on which to comment. I rated it a 3/10. It's a real beach bummer.",negative
"i love bad shark movies. i really do. i laugh hysterically at them. and the scifi channel was having a marathon of them, culminating in the premier of their new original picture, hammerhead: shark frenzy. based on the previews, it looked like it was going to be HIGHLY amusing. essentially a remake of benchley's creature, really. it was prefaced by a showing of shark attack 3: megalodon, which is shark movie hilarity at its best. i was in the mood; i was ready to go. bring it on, hammerhead-mad-scientist-man! oh, god, was that movie wrong.<br /><br />wrong, wrong, wrong.<br /><br />sick. twisted. MESSED UP.<br /><br />this is theoretical reproduction at its very worst, my friends. when a drugged-out girl is brought out of suspended animation and strapped to a table screaming her head off because the shark-human hybrid fetus the absolutely insane ""scientist"" deliberately implanted in her womb wants OUT... Jesus monkeys. that's what i call disturbing.<br /><br />that's really how the plot works: hmmm, thought the mad scientist. my son died of cancer, but i brought him back to life by combining his dna with that of a hammerhead shark, because sharks don't succumb to cancer and further hammerheads reproduce via placenta. oh, look! a perfect amphibious being! i've created the next evolution of the human race! I KNOW! let's make him reproduce! but darned if all those shark genes have't made my son bloodthirsty; instead of raping the hot babes i keep sending into his little jungle paradise, he keeps eating him. but check this out! among the random people who have, by way of some unimportant plot twist, ended up on my research island, is the woman to whom my son was engaged before he died! i bet he'll do HER! all this leads up to an extremely touching and heartfelt reunion: woman: you're going to impregnate me? mad scientist: no. he is. (indicates thrashing shark-person in tank) how sweet.<br /><br />DO NOT WATCH THIS MOVIE. ever.",negative
"When I fist watched the movie, I said to myself, ""so a film can be made like this."" Wong Kar Wai's gorgeous poetic love story captured me throughout and even after the film. I must admit this is one of the best love movies, maybe the best of all, I have ever watched. The content and the form overlaps perfectly. As watching the secret love we see the characters in bounded frames that limits their movements as well as their feelings. Beautiful camera angles and the lighting makes the feelings and the blues even touchable. I want to congratulate Christopher Doyle and Pin Bing Lee for their fantastic cinematography which creates the mood for love. Also the music defines the sadness of the love which plays along the beautiful slow motion frames and shows the characters in despairing moods. And of course the performances of the actors which makes the love so real. Eventually, all the elements in the film combined in a perfect way under the direction of WKW and give the audience the feeling called love.",positive
"I am from the Dallas/Fort Worth area and lived in Arlington for a few years. This movie was way off as far as making it look like Arlington. I saw mountains in the background of one scene! Texas doesn't have mountains. I guess that happens when a movie that is supposed to be in Texas is filmed in Canada. The accents are also really bad. They should have gotten actors from Texas to play the parts. There a lot of aspiring actors from Texas out in Hollywood. The movie is really sad though, because it is a true story. I pray that the killer is found and convicted. The one good thing is that bc of her death, we now have the Amber Alert to help find missing children quickly after they are abducted.",negative
"This is one of the worst films I've seen for years. The storyline has potential that is never realized. The actors are a poor choice, but considering the screen writing, their talent isn't wasted. I really wanted everyone dead as quickly as possible so I could get out and watch something else. Unfortunately, I did stay to the end and had a laugh at the murmurs of people moaning about how crappy this is. There wasn't booing, after all, this is England, just gentle moans about how crap that was. Then, I look on IMDb and see 288 people have given it 10 out of 10. I really just cannot see how those people are able to give that score. They must be a PR company working with the distributor. There's a hilarious set problem towards the end of the film, when in the graveyard and the hick attacks, look out for the dodgy scenery that rocks when touched (supposed to be a brick wall) - the blood effects are waaaay OTT - the film feels like everyone is making a spoof horror except the Director.",negative
"It may have not been up for academy awards and admittedly, it's pretty cheesy, but it's just so much fun! Nothing makes me smile like Bill and Ted. Lovable, optimistic, and hilarious, Bill and Ted are a great way to unwind.<br /><br />Although I love Excellent Adventure, Bogus Journey is funnier to me. Death is flippin hilarious and Bill and Ted are even more endearing. People give me grief about loving this movie, but only really pretentious movie-watchers will say it's not even a bit entertaining. If you like this, you'll probably also be a fan of Wayne's World, Dude Where's My Car, and Dumb and Dumber. Admit it, though foolish, they make you grin and turn your tickle box over. So watch them just for kicks and giggles!!",positive
"After watching about half of this movie I noticed something peculiar ... I found myself constantly switching through tv-channels to see what else is on - not exactly a good movie trait.<br /><br />This movie is listed as being in a number of genres, and I must say it mostly failed misserably in every one of them. 80% through the movie I switched over to watch an old rerun instead. Bottom line - the whole movie felt as if the ones making it didn't exactly know what to make and ended up in a concoction with no discernable taste.",negative
"I don't know how expensive was the creation of this movie but the effects were awful. Half of the movie was filmed on stage in front of a movie canvas (that's sure that blue box wouldn't look so artificial). When they traveled on a boat, the background canvas was moved imitating the movement of waves but the characters weren't moving. The CGI effects: terrible (I am not sure but I guess the effect were created with Paint and made a GIF sequence of them - next time the creators should hire a professional CGI maker team). It looks like the CGI creator would have drawn on the picture strip with shaky hands. Awful, that's sure. When I first saw the trailer, I thought it was created in 1983. One of my friend told me the correct date: 2005. My jaw dropped, I was so shocked, I thought he was kidding. People, I recommend you to skip this movie, the story is also twisted, you won't enjoy it.",negative
"""It's not like that big mechanical toy"", says a character early on, commenting on ""Jaws"". Well, ""Blood Surf"" would only wish to have a beast as convincing as the shark of the ""Jaws"" series. In other words, the digital special effects of this movie are TERRIBLE. Acting and directing are not much better, either; they seem more suited to a deodorant or a bubble-gum commercial than to a horror movie. The attitude of the people who worked on this film shows contempt not only for the genre, but for the audience too. Saying you ""liked"" this film only encourages filmmakers to offer us more of this crap, further destroying the poor horror genre. (*1/2)",negative
"Brian Keith as Cole Wlikerson and Richard Jaeckel as Wade Matlock make excellent villains. They just love intimidating the locals in the most brutal way possible, and sneer sexily at any suggestion that there might be a more humane way to achieve their ends. It's a pity that goody-goody Glenn Ford gets in their way.",positive
"Thanks to the BBC for this show. I used to suffer from an inferiority complex, I hated leaving the house, talking to new people and I had an overwhelming sense that people hated me. However after watching one episode of 4 Non Blondes my fortunes started to change. After episode 2 I started applying for new jobs, wearing fashionable clothes and I actually felt talented. When the series had finished I was running the sales department at work, banging a plethora of women and frequently won the karaoke competition down my local. If you ever have a confidence crisis and don't know where to turn then take a trip down to Poundland and pick up the DVD it's only 99p.",negative
"Can it ever be said that there are some movies that have no redeeming features whatsoever? Answer: Yes, and this is one of them. After helming the appalling 'House of the Dead' director Uwe Boll has now cast his less-than-talented eye towards yet another video game adaptation. Don't these guys get it? To anyone who can't understand, here it is in block capitals for you: VIDEO GAMES DO NOT MAKE FOR GOOD MOVIES! The acting here is, at best, sub-standard. The set design and special effects are poor. Unlike the video game (which did have its scary moments) the movie has no atmosphere of impending doom, no sense of danger or menace. Pacing and plotting is confused and the paper that the script is printed on would have been better used as toilet paper. The main culprit is the director. Uwe Boll uses the camera with the grace and skill of a monkey using a paintbrush. Hackneyed zooms, swoops and pans are spliced into the whole dreary affair at unpredictable moments leaving the audience disorientated and bored. Why this guy was ever let near a movie set in the first place must stand as one of modern cinemas greatest secrets. Avoid at all costs.",negative
"This early film has its flaws-- a predictable plot and some overlong scenes of dubious relevance-- but it already clearly demonstrates Hitchcock's mastery of editing and the use of powerful images. It's also among the most expressionist of his films stylistically; note, for examples, the weird distortions he uses during the party sequence and the frequent echoes of both title and plot in the imagery.<br /><br />Its core, though, remains the final match, which is still among the more exciting examples of cinematic boxing. Even though you know that the hero has to win, it becomes quite believable that he will lose, and the movement of his wife from the champion's corner to his, motivating the final plot pay-off, is very well entwined with the progress of the match. The inserts of the stopwatch do exactly what they should; you can almost hear the ticking (even though this is a silent film, the visuals often have a surprisingly auditory feel to them). The pacing becomes astonishingly rapid, and the viewer gets sucked into the excitement and brutality of both the match and the sexual jealousy which underlies it.<br /><br />The only DVD release with which I am familiar is that of Laserlight, a public domain company. As with each Hitchcock silent they've released, they've attached various musical selections, mostly orchestral, to the action. The sound editing is frequently sloppy, and the sound quality varies widely, but some genuine care seems to have gone into most of the actual choices, and the music accompanying the final match works extremely well; it is unlikely that this sequence will ever be better accompanied than it is here.<br /><br />This is a much more impressive film than its present obscurity would suggest. It deserves an honorable place in both the Hitchcock canon and the slender list of worthwhile boxing films.",positive
"Nothing but the director's juvenile fantasy come to life. This 'movie' is nothing more than an excuse for the director/actor to play kissy face with an attractive young woman who would otherwise never give him the time of day.<br /><br />The plot is simple, the direction is nonexistent and the movie drags while the actor/director/writer/narrator narrates. Don't be fooled by the 'X' rating, there is no nudity and minimal gore.",negative
"If I had never seen the first Road House, then I guess this movie might get one more star, but even then that makes it a 3 star movie. For that matter I was really surprised as to the relatively high rating it currently has.<br /><br />In reality, I was not able to finish this movie, as it was painful. Where it went wrong (at least the most obvious way) is that it pretty much parallels the original exactly even though the original plot is still referenced. This doesn't really make sense and doesn't work. Also, the acting is weak...I never felt like I was into the movie yet I felt like I was watching people act. Even good actors like Busey don't work out, probably due to the screenplay or maybe the awkward editing. The strangest thing is that the movie feels like a mid 90's B movie, yet is made in 06. I am not sure as to why, but then again, this often seems to happen with sequels for some reason. The music, the look, and the whole overall feel reminds me of movies you saw 10 years ago on Cinemax late at night. The strangest thing of all is that I am also expecting Ja Rule to come in at some point...often it reminds me of more current movies with rappers as actors.<br /><br />The most irritating thing is love interest girl who's character seems like a total rip off of the Lois Lane character on Smallville which is also quite annoying. And lets not forget the fakest sounding ""southern accents"" I have heard since Walk the Line. I realize this is common place in movies, but no accent at all would work better than attempting to sound like you are from that universal hick place on TV where anyone from any southern state (or KY and WV) sound exactly the same. Sure, people in desert towns in AZ sound just like people in Southeastern states 2000+ miles away. That was wearing thin 10 years ago in the B movies where technique came from. Why do writers / directors make such decisions? <br /><br />Bottom line: I would truly not recommend this if you are a fan of Road House or if you like good movies. Also, if you have not seen it yet, don't spoil it by seeing this version first. The original Road House was one of those accidental classics that people love and watch over and over. It was an unexpected success like American Graffiti, Dazed and Confused, and more recently Office Space, Fast and Furious (only the first one!), and Napolean Dynamite. Why did they spoil it!!!???<br /><br />They should have never made a sequel to Road House other than a high budget version with the right actors / director. Sure, you can never top the original (ex: Bad News Bears, The Longest Yard, etc.), but at least if you can do it right it will be presentable as is the case with the examples I mentioned. But to make a low budget, off-network, self production of Road House is criminal.",negative
"I saw this movie in Blockbuster and thought it might be a good Sunday evening movie when there is nothing else to do. So I bought it used, 3 DVDs for $25. Although it was cheap, my money would have been better spent on a nail to drive through my foot.<br /><br />The film started out nicely. Kinda Dark and mysterious. I was always enthralled with vampire and samurai movies as a kid. I thought the combo would be really cool. The first fight scene was pretty cool. I was excited for the rest of the movie. Then the movie took a serious nose dive.<br /><br />I understand that this was a big hit in the east. I guess because of the twins. I don't see it though. This movie, aside from the first 10 minutes, was absolutely horrible. So many movies in this genre have the potential to be great, and blow it terribly. This is just another casualty.<br /><br />Jacki Chan's role in this film doesn't make any sense at all. Whyyyyyyyy? Complete silliness. He probably made a few bucks off it though.<br /><br />The only cool thing in this movie are the swords they use. Nice idea.<br /><br />I wouldn't recommend this movie to anyone.",negative
"Unfortunately, one of the best efforts yet made in the area of special effects has been made completely pointless by being placed alongside a lumbering, silly and equally pointless plot and an inadequate, clichéd screenplay. Hollow Man is a rather useless film.<br /><br />Practically everything seen here has been done to death - the characters, the idea and the action sequences (especially the lift shaft!) - with the only genuinely intriguing element of the film being the impressive special effects. However, it is just the same special effect done over and over again, and by the end of the film that has been done to death also. I was hoping before watching Hollow Man that the Invisible Man theme, which is hardly original in itself, would be the basis of something newer and more interesting. This is not so. It isn't long before the film turns into an overly-familiar blood bath and mass of ineffectual histrionics - the mound of clichés piles up so fast that it's almost impressive.<br /><br />On top of all this, Kevin Bacon does a pretty useless job and his supporting cast are hardly trying their best. Good points might be a passable Jerry Goldsmith score (but no competition for his better efforts), a quite interesting use of thermal imagery and the special effects. I was tempted to give this film three out of ten, but the effects push Hollow Man's merit up one notch.<br /><br />4/10",negative
"and shot in Vancouver with the 'mountains' of the low country of South Carolina visible in the background. For heaven's sake, they should have reset the location. There are no coastal mountains in South Carolina. Period.<br /><br />Lame visuals. They should have been beautiful. And the story limped along.<br /><br />I really don't understand why it was such a hit as a book, although I have to admit it's one I haven't read as yet. Usually I read the book and give the film a miss. There was nothing in this movie that made me want to buy the book, or even borrow it from the library.<br /><br />Verdict: The Mermaid Chair seemed pretty shallow to moi.",negative
"I know that many people will/have automatically given this film a rating of 1, just because it doesn't have the huge budget and top-of-the-line special effects that they are used to. I, however, knew what I was getting myself into when I popped this into the VCR.<br /><br />I don't think we get much more low-budget that this, unless we are filming a family reunion. The lighting is awful, sound quality is at times incomprehensible, and the acting is ultra-bad by almost all involved. BUT, this is still a fun movie and the plot is interesting enough. It centers around a fellow named Tom Russo (Asbestos Felt), who has been down on his luck with his job. He is very protective of his wife and does not allow her to work, putting even more pressure on himself. As he begins working more hours, we see him slowly transcend into madness and obsession and he becomes suspicious that his wife cheating on him and begins to brutally murder the various men (most repair guys) that he feels are responsible. <br /><br />I must say that the gore effects are extremely cheap, but fit with the overall tone of the film.. The brutal ways that Tom Russo comes up with to murder these men gives us an idea of just has mad he has become. The pacing of the film is also very good and there is rarely a boring moment. The ending really doesn't follow the rest of the plot of the film, as it seems to want to go from a psycho-slasher film, to a ""Dawn of the Dead"" wannabe, but it is entertaining nonetheless and I must give Tim Ritter credit for wanting to use an unconventional ending. <br /><br />I can honestly say that I enjoyed this film, but it is by no means a good film, if that makes sense. It's budget is its main stumbling block and the consequences are almost too much to overlook. I DO NOT recommend this to people who are totally spoiled by the big-budget movies and who can't have an open-mind to ultra-low budget films. You simply won't enjoy it. For others, and fans of gore--I say give it a shot. You will find at least SOMETHING redeeming in it! <br /><br />My Grade: D",negative
"One more of those brilliant young men who went all out and dared to make a teen romance film( can i actually call it that?- it would invoke the devil out of its fans)on a micro budget but packed with such taste, sensitiveness and maturity. Peter Sollett- you deserve more admiration and respect.Thanks once again for demonstrating to the powers that be in the ""industry"" that stereotypes can be flushed down the toilet. One location,a handful of rich characters, low budget,good acting(and that too amateurs),decent lighting - worshippers of true indie cinema should watch more of this and STOP watching...well...you know what.",positive
"SWEET SIXTEEN (1983) **/***** 86 minutes Director Jim Sotos Cast Bo Hopkins, Susan Strasberg, Aleisa Shirley, Patrick Macnee, Dana Kimmell<br /><br />Fifteen year old bad girl Melissa is new in a desert town and it isn't long before folks around her start dying off. The detective has to put together the clues with the help of his Nancy Drew good girl daughter played by Friday the 13th alumni Dana Kimmell. The local Native Americans are prime suspects since they seem to upset the prejudiced townsfolk. These events all lead up to the revealing of the killer at Melissa's sixteenth birthday party.<br /><br />This below average slasher isn't too memorable. It has a made for TV feel, without much score besides the title character's own corny theme song which plays a couple times throughout. Lines like ""the killer will turn us into coleslaw."" Fit into standard eighties slasher screenplays. Marci calls Melissa a bad name then somehow immediately they develop a friendship. Apparently Marci sees how hard it is to fit in because Melissa knows how to wear make-up. This movie would be hard-pressed to be made today with the main character being fifteen and the director inserting multiple gratuitous close-ups of her. The social commentary on Indians wasn't developed enough to be taken seriously. I am too surprised at the fairly high rating this movie gets. Both Sweet Sixteen and Ed Hunt's Bloody Birthday had the potential to capitalize on that time honored tradition of the birthday party to create an intense sequence of carnage but I feel failed to deliver. But on the bright side releasing obscure movies like this on DVD gives hope that others will follow.",negative
"Poor Jane Austen ought to be glad she's not around to see this dreadful wreck of an adaptation. So many great Jane Austen movies have come out recently that this one deserves to be permanently buried along with two other movies I despise-The Man in the Gray Flannel Suit and the 1969 version of David Copperfield. My main beef with the movie is that it completely misses the point of the book. Jane Austen was poking fun at the Gothic mania in her society, and much of the novel is tongue in cheek. The movie, however, is serious and comes across terribly melodramatically. The lighthearted, fun-poking flavor of Austen's writing is completely and conspicuously absent from this ponderous foray iinto horror meets period drama. The scenes of Catherine's imagination are both gratuitous and uninteresting. Also, Henry Tilney is dreadfully unappealing. Why, I ask, would anyone fall for him? If you are looking for a fun-filled Jane Austen evening, watch Emma instead!",negative
"Secret Service agent Jay Killion (Charles Bronson) has been assigned to protect the President-elect's wife, the new First Lady (Jill Ireland). She is a very difficult woman and Killion has his hands full. She is the victim of numerous assassination attempts, all directed by the President's Chief of Staff, who wants the First Lady dead. This movie insults your intelligence with not only the story line, but also with the lack of realistic locations. For example, in the scene depicting the Inaugural Parade, the First Lady is in a Rolls Royce convertible with agent Killion and without the President. Also, we know what Washington, DC, is like weather wise in January, and not only is everybody ""top coat less"", you can even see some palm trees in the 70 degree and sunny weather! (Obviously filmed in Hollywood, not Washington, DC). This movie is a joke. It is not worth your time.",negative
"Jack Webb is riveting as a Marine Corp drill instructor in the D.I.. Webb play Sgt.Jim Moore, a tough but fair Marine whose job it is to prepare young teens for possible combat. No one could have played this role any better that Jack Webb. As a former Marine,I can assure that this is the most accurate film dealing with basic training in the Corp. Extremely entertaining!",positive
"I don't need to say much about how good this documentary is--it's truly an amazing piece of true narrative. The story is simple enough: a white senior citizen tourist is murdered by a young black man in Florida, and the boy who is arrested is mistreated and put on trial with only the public defender and his family on his side. It's very enthralling, and the public defender is a joy to watch in all his human ways--you can't help but pull for the triumph of justice, and the ending fulfills more than could be expected of a true story.<br /><br />It's a shame more people haven't seen this documentary, but hopefully you will find a way to watch it. For those interested in race relations in the United States, and the actual workings of law enforcement and the legal process, it's well worth your time and effort to find this documentary. I give it a 10.",positive
"OK, Chuck Norris has shown up in many an entertaining movie over the years. This is not one of them. I won't even bother trying to get into the plot about a Bible shipment gone wrong. The ""acting"" of the main characters is so wood like, Pinocchio would have done a better job! The synthesizer based soundtrack is even worse than the one in Deathstalker. Whereas traditionally low budget spooky movies are often trying to catch their audience by adding plenty of graphic violence, this one is trying to catch an audience by throwing religious mambo jumbo at the spectator. The plot boils down to different versions of the Bible.",negative
"I think this is what this movie wants us to say at the end of the movie! or Damn Australian? I still don't know, but what I know is that I really liked this movie but that couldn't be my favorite movie!<br /><br />Great story with great actors but with a terrible end... To make you cry and say 'Oh, she's so good'... Still, who made it? What really happened? Who's that guy? No answer to these questions...<br /><br />Mysterious movie with a good mark overall... I give it a 8/10, going on the 8.5!",positive
"This film is worthwhile despite what you may hear. The performance of Marie Dressler (I hope I am spelling it right) as a drunken old sot is reason enough to see this film. It is an amazing performance. She is in a drunken stupor in three scenes for a good long while and she never does the same thing twice. You can actually smell the alcohol when she is done. Amazing. And Greta of course speaks her first lines on film and shes great. The Eugene O'Neill story is solid and like most O'Neill stories, very deep and intense. This is not light entertainment but if you appreciate those great character actors from the 30's and 40's you will like it. Some of the film is technically fuzzy but all in all worthwhile.",positive
"Well, EYEboy, I must say that it pleases me to no end when someone singles me out and tries to make fun of me, especially when it is someone who seems as intelligent as you do. My favorite part of your post was ""But no big bang-bang good-guy bad-guy here, kimosabe. Me suggest you stick to movie with lotsa bang bang.""<br /><br />Well said! I do like action movies, especially if they are well done, but I also like movies that don't have a whole lot of action, as long as THEY are well done. I'm sorry, but Secret's and Lies does not fit into that category and is simply a very bad movie. I really don't see very many non-American films, so maybe I was spoiled, and didn't realize how bad foreign films really were when I saw Secrets and Lies. Perhaps if I judge foreign movies by a different standard I could some day see how Secrets and Lies could possibly be one of the highest rated movies on the IMDB. Hmm... If true, that is very scary.<br /><br />Jeremy Barger bits@midohio.net(new e-mail)",negative
"The main reason to see this film is Warren William, who is in top form as the shyster campaign manager. He is electric, constantly finding ways to fool the public and defeat the opposing party in the midst of the biggest disasters. William is a great actor -- I feel he never got his due. Bette Davis as his girlfriend also shines in an under-written role. Personally, I found Guy Kibbee not quite right as the lame-brained candidate that William and the others are trying to foist on the public. He seemed more like an empty canvas than a person. I would have preferred to see a real character emerge rather than a non-character. The story itself is implausible, silly and clichéd. But Warren William and Bette Davis are well worth watching.",positive
"Even though it has one of the standard ""Revenge Price Plots,"" this film is my favorite of Vincent Price's work. Gallico has that quality that is missing in so many horror film characters- likeability. When you watch it, you feel for him, you feel his frustration, the injustices against him, and you cheer him on when he goes for vengeance, even though he frightens you a little with his original fury. As the film goes on, his character becomes tragic. He's committed his murder, but now he must kill to cover that up. And again to cover that one up. And again... your stomach sinks with his soul as it goes down its spiral- like watching a beloved brother turn into a hood. Even if the revenge story is of old, the plot devices themselves are original- Gallico uses his tricks to kill in more and more inventive ways. A shame this one isn't available for home veiwing.",positive
"This is like a school video project and a propaganda film that puts the whole class as well as the teacher to sleep.<br /><br />Utterly boring long silent(yes, silent) strings of unrelated video clips.<br /><br />Instead of this movie watch the paint dry or the grass grow- it will be more interesting unless you enjoy seeing Arabs being malicious to everyone around them.<br /><br />Sulieman (the Director) should be embarrassed of this lame waste of film.<br /><br />It deserves a one for the movie quality, a zero for the ridiculous propaganda message and a negative number for the script (or lack thereof.)",negative
"Wow, I can't believe i'm the first and only one to post a comment on this great movie.<br /><br />Although the movie itself seemed interesting enough the real thing that attracted me to this one is Matt lillard, granted most people probably either think he's too caffeine happy or just plain sucks but we're both the same age and from the same generation and i've watched this guy so many times that he's one of my favorites now. This is one of the few movies where he is the big shot and main star kind of like in SLC Punk, another great Lillard film.<br /><br />Baiscally this is storywise your usual heist movies but with more twists than anything, which start to amount to craziness. Also very notable in this movie is another great actor named vincent D'onofrio, a very under appreciated person in the film industry. The woman in the movie is a newcomer and she isn't too bad although you know they hired her mainly for her accent and the nude scene =)<br /><br />It's a game of jack vs jill vs bob as each want to reap the rewards but share with no one. They all try to get eachother to kill off the other and it's a timebomb waiting to explode. Matt shows his true prowess as the scheming JAck who initially starts the whole scheme. Vincent and woman play a couple of art thieves who are in need of money due to a lack of business. Vince's character is a bit deranged and skitz's throughout the movie but that only add to the intensity of the film.<br /><br />The surprises left and right are well welcomed and the ending is very non cliche and makes you feel happy, well maybe that depends on the type of endings you like. This movie kept me very interested besides the fact Matt was in it, it's a great movie and i'd highly recommend it to anyone who likes movies. Critic's probably won't like this movie, but they don't watch movies cause they like movies anyway.",positive
"I agree that the movie is a little slow at spots having many scenes of mundane everyday life and no dialog. And I wasn't impressed right after I watched it. However, after a few days, I realized that the movie stays with me and it evokes a melancholy mood which lingers in my mind. My appreciation of this movie increases. It certainly merits a higher consideration than those movies that are instantly forgettable.<br /><br />As many have commented, the movie is non-linear and that's a hallmark of European film-making as opposed to the linear narrative form that Hollywood favors. I don't really know whether it's true or not. Many also dislike its confusing structure and lack of clear explanations. To those viewers, I don't think there is much I can say to change their opinions. However, for others who have yet to see the film, DO expect to be challenged and DON'T expect the film to supply all the answers and you might come away enjoying it more than you would otherwise.<br /><br />The movie skips around a bit but really chronicles just 3 time periods. Pay attention to the hair style and you can easily separate out 2 of the 3 periods. It is also not as confusing as suggested; just enjoy and it'll all be clear at the end.<br /><br />Yes, lots of things are left unsaid or not shown, and lots of situations are left unexplored. But isn't that what life is like? A lot of time you're not sure of the motives of your friends/loved ones unless you confront them and even then, you can never be 100% sure if they told you the whole truth. This type of movies forces us to interpret the reasons behind the actions. The movie does, however, leave enough hints for you to make some reasonable assumptions. For example, Mathieu is manic depressive, to the point of suicidal. Why? I don't know, maybe his life is not turning out exactly as he expects it; maybe he misses his family but hasn't forgiven his father for abandoning his sick mother at her hours of need; maybe after all he sacrifices for Cedric, rearranging and indeed, shattering his life to be with him, he realizes that it is all ""coming undone"". I think the director meant to show us that he has always been a little off, mentality fragile by that scene w/ the dead bird. Maybe he has a very sensitive psyche and all these stresses are taking a toll on him. But we're also shown that he is not some animal torturing psycho by his loving interaction w/ the stray cat. Also, there is one conversation between the doctor and Cedric that sheds light on the reason behind the breakup and maybe the suicide attempt. The doctor asks him if everything is okay, and Cedric thinks so even though he cheated on Mathieu once, but that's nothing, according to Cedric. Is that the only reason, we don't know, there are probably others, all mixed up together. Is it paramount that we know exactly what they are? I don't think so, for this movie. Another telltale sign that they are ultimately not compatible is the historical ruins scene. Mathieu is interested in studying the ruins, Cedric is not. He is the one w/ the raging hormone who focuses only on the physical side without an intellectual side that Mathieu obviously needs.<br /><br />Finally, the ending is really rather hopeful and sweet. I was pleasantly surprised by the turn of events after the bleak tone that edges toward the end.<br /><br />I have two complaints for the DVD. One is the sound. It's very soft. I had to crank up the volume to hear the dialog and then when it switched to a bar or outdoor crowd scene, it became too loud. The other is that the subtitles can't be turn off; they stay on the screen. Most foreign movie DVDs not released by a major studio are shoddy this way unfortunately.",positive
"*** Spoiler in fifth paragraph *** This was an amazingly frank (uh-huh, uh-huh) picture for 1955. Otto Preminger and Carlyle Productions took a chance by making it, the Motion Picture Association of America balked at certifying a film that openly shows a junky jabbing a syringe full of heroin into his arm. Frank Sinatra took a chance both on playing an addicted musician and at falling flat on his face in a role that required at least twice as much acting as he'd ever done. All in all these gambles paid off, the movie is a classic, though it's not perfect.<br /><br />Nelson Algren's novel may be great, but it has far too much going on to fit comfortably into a two hour movie 'The Man with the Golden Arm' is 119 minutes and often feels much longer. However, in my opinion it's not just Frankie Machine (Sinatra) that makes the film but the other characters and their sub-plots, all involving Frankie. Ultimately it's not just Frankie who has the addiction, everyone and everything seems to be dependent on him and he feels it keenly. When the pressure gets to be too much the drums start pounding on the soundtrack and Frankie steps across the street with his well-dressed ""friend"" Louie.<br /><br />It's an exaggeration to say that Frank Sinatra's music career was ever really in the doldrums, but in the early 50's he was in limbo between his days touring with big bands and the Las Vegas era. 'From Here to Eternity' established him as a serious actor and his career as a singer rebounded as well, but 'The Man with the Golden Arm' was still a significant challenge, the whole show sinks or swims with his performance. He pulls it off with such skill that for several minutes at a time I forgot I was watching Frank Sinatra, he must have known junky musicians and exploited that knowledge to the utmost.<br /><br />Set side by side with Billy Wilder's masterpiece 'The Lost Weekend' there is more emphasis on the sociological causes of addiction in 'The Man with the Golden Arm.' Whereas Don Birnem (Ray Milland in 'The Lost Weekend') seems to struggle mostly against himself, Frankie Machine is beset by external forces and he takes refuge in the needle. Neither approach is wholly right or wrong, mostly because addiction is impossible to fully explain, but it seems like this film might have benefited from a little more insight into Frankie's internal struggle.<br /><br />*** Spoiler *** One of the problems I have with this film is the clichéd reliance on ""quitting cold turkey."" I realize that 'The Man with the Golden Arm' was probably setting the trend rather than following it but that doesn't make it any better. In the beginning of the movie Frankie has to all appearances kicked his habit with the help of a doctor and a treatment facility of some sort. Naturally the drama of the film requires that he backslide, but I found the All-American ideal that a man has to face his problems alone (or maybe with the help of a good woman) out of place here. Going cold turkey and riding off into the sunset with Kim Novak seemed too unrealistic. The end of 'The Lost Weekend' was similar but in my opinion was a little less rosy.",positive
"I really wanted to love this film. I have read the book to my daughters and we all loved it. The book is marvelous. This film is very far from the book. The book is splendid - this film is an awful adaptation.<br /><br />In the book, Sara is honorable, kind, strong, and NEVER does anything spiteful to get back at anyone. That's the POINT of the book! She behaves as a ""princes"" regardless of circumstances. An important part of behaving like a princess is to not return unkindness. It is to behave honorably regardless of how you are being treated.<br /><br />In the book, she endures much and touches the lives of others. Other people change their behaviors after they witnessed her kindness and ability to endure without sinking to spite and vengefulness. Sara does what is right simply BECAUSE it is RIGHT.<br /><br />Outside of the bakery, she comes upon a beggar girl who is more poor and hungry than she is. She has half a dozen hot buns. She is VERY hungry. She gives one bun to this wild looking little girl huddled on the doorstep of the bakery. When she sees how ravenous the girl is and watches her gobble the bun, she gives her another. She continues to do this until she has given 3 or 4 I think - I don't remember how many.<br /><br />The baker is watching through the window. She is so moved by what she has witnessed, she takes the beggar girl in and raises her as her own daughter. Other people are similarly influenced by Sara.<br /><br />And in the book, her father has died. The man next door is her father's partner - he has been looking for her. Her father did not lose his money after all - the man is thrilled to find Sara; he takes her and Becky into his home and raises them as his daughters. And Sara has her full inheritance, of course.<br /><br />Miss Minchin is not a chimney sweep. In fact, she remains in her same post at the school. But she is humiliated as Sara has told her new guardian of the cruel treatment she received. And Sara does speak to Miss Minchin in the end - Miss Minchin is trying to minimize her treatment of Sara and Sara with a calm steadfast demeanor, instructs Miss Minchin that she had been cruel.<br /><br />There is no comeuppance for Miss Minchin. She continues on in her miserable existence. It does not matter - what matters is that Sara has a home with a guardian who loves her - and her dearest friend in the world, Becky, is now for all intents and purposes, her sister.<br /><br />The book is about love and honorable behavior under the worst of circumstances. It is about self control and humility. It is a wonderful book. This film does NOTHING to capture the true story and messages of the book. My wife was so disgusted with it, she wanted to leave the theater in the middle, but we decided to stick it out. We were not rewarded.<br /><br />I cannot for the life of me think of a reason the film makes should alter this excellent book in such a bad direction. Perhaps it was the influence of the ghastly screenplay from the book that Shirley Temple acted in. I don't know - but this film is so far from the book in character and values that I do not recognize it.<br /><br />Don't waste your time - buy the book. It is unforgettable... even for a dad!",negative
"I haven't read the book of this and based on this adaptation, will not bother. I hated every character in this show - Miranda was slutty, selfish and mumbled miserably through the appalling dialogue, her sister was a total wimp, and this was the worst depiction of manic-depression I have ever seen. I have a degree in Psychology, and this was not accurate. In fact, until it was mentioned, I did not realise Troy was supposed to be bipolar - I thought he was a normal, slightly grumpy teenager.<br /><br />The only saving grace in this stupid show was David Tennant, whose brilliantly psychotic performance was the only thing that got me to watch the second half. <br /><br />Clearly the writers and producers of this show have not done any research - Troy's mental problems are not remotely accurate, nor are the forensics involved in the ""twist"" ending (and if you did not spot that a mile off, you are a big ole dummy!) <br /><br />Utter garbage.",negative
"""Ripe"" is one of those awful indies which manages to get into circulation and give indies a bad name. Telling a stupidly incongruous tale of pubescent twin sisters who crawl from a firey car crash which kills their parents and then hit the road while happily shoplifting, making goo-goo eyes at some guy, and ending up on an Army post so dilapidated no Army would want it (yeah, right!). An apparent attempt at a coming of age flick, ""Ripe"" is an almost complete loser which wanders aimlessly as the players drift in and out of character finally ending clumsily with nary a shred of credibility to be found anywhere. Not recommended for anyone.",negative
"One question: Why? First off, the premise is not funny or engaging at all. They use taped interviews, and take the audio to animate ite with animals speaking the parts. First off, the interviews aren't funny or entertaining to begin with, and even if they were, I am sure they would be a lot more entertaining being viewed as they are originally, without being turned into cartoons. How does that add any hilarity to it? I turned on CBS's Monday night sitcom line-up, (which has become a regular way for me to relax after stressful Monday workdays) and found this on. Of course, the sitcom line-up would be reruns anyway, being summer, but seeing those episodes over again would have been more entertaining. I tried to give ""CC"" a chance. I really did. When it started, I figured, well, maybe it will be funny. Nope. And then it kept going. It was a long half hour.<br /><br />And I can almost see if there was a purpose, if the interviews were shown in their entirety, and had points to them. But no, it was just one-line clips, cut and pasted together really quick. It was like a horrible dreadful version of Cartoon Network's ""Robot Chicken."" I wasn't a fan of CBS' now-cancelled sitcom ""The Class."" WHile that was on, it was one half-hour of the line-up I would struggle through. But if it came down to me deciding a whole season of that or three more episodes of ""Creatures""....let's just say I'd take the ""Class."" Considering it's been a couple hours since it aired, and I come on here to see I am the first to comment...I guess that's a good sign that nobody watched it, and that it won't last much longer. Cartoon roadkill.",negative
"Viva Variety was a unique hybrid program that was both a parody of and a tribute to the programs it represented. <br /><br />It was most directly a mock up of the classic 1970s favorite, ""The Sonny & Cher Show,"" With Thomas Lennon and Kerri Kenney playing a divorced show biz couple who were somehow forced to host this program together, the female of the pair towering over the male, and the constant barrage of ""insult humor"" the couple tossed at each other, plus sketch comedy bits and performances from what are most kindly described as ""specialty"" acts! <br /><br />The ""hybrid"" was the mix of fact and fantasy. Of course, there was no ""Mr. and Former Mrs. Laupin,"" and the program's announcer, Johnny Bluejeans, was likewise equally fictional. But all the acts that performed were certainly real, and some were even entertaining! But there were also some acts that would have clearly been better suited for the old Chuck Barris ""Gong Show."" <br /><br />The show itself was really more like an extended sketch from ""SCTV"" (it was borne from the MTV series, ""The State,"" after all), and some would suggest that it would have been better as a five minute bit in the mix of a program like that one, rather than a stand alone series. But ""Viva Variety"" certainly should get high marks for original concepts, and even though it was often more odd than funny, it was certainly worthwhile, especially when they road tripped to Las Vegas and brought in even glitzier acts to perform. It's unlikely we'll ever see anything like this on television again.",positive
"........and an extremely bad one at that!!! How long did this train-wreck last?? 14 episodes or something?? I can see why now.<br /><br />I bought the ""Serenity"" episode from Amazon Unboxed. It was my first purchase, so was free. That is the ONLY good thing about the experience (incident??)<br /><br />I won't comment really on the acting, since these were, I guess, fairly new people who hadn't really gotten the job down just right yet. At least I've never seen them before in any type of major show, theater or TV. If I did, then I have easily forgotten them.<br /><br />But the special effects were absolutely horrendous. True, this isn't exactly a multi-million $$ project, but the original Star Trek did better than this & that was THIRTY-FIVE YEARS ago. I especially got a laugh out of the bad guys (reapers or something like that) ship as it chased the hilarious looking Firefly, with smoke coming out of the engines looking something like a gigantic model rocket. I fully expected to eventually see the Wiley Coyote riding on top, while chasing after the Roadrunner. MODERN jet/rocket engines don't even do it that bad.<br /><br />And that wasn't even the worst of it. The wild-west type shoot-outs had me wondering if I was actually watching a sci-fi film or a Gene Autry one.<br /><br />Regardless of the hype, don't waste your time...I did...all 80-something minutes of the disaster called ""Firefly"".",negative
"I've watched this film a few times and I never really liked it. I'm not a fan so termed ""nu horror"", so I can't be dismissed on that account. I found it a little sleazy, I think the thing that irks me about Hammers is the sexploitation aspect, not sex mind you, but Sexploitation. I'm surprised at how many people have rated this film so highly, so I'll have another look at it. But for me, it wasn't creepy, it had no atmosphere, just a bit of ""omigod, look at those bad/stupid London prostitute women and that little innocent Anna about to get raped by yet another nasty man, ooherh!"" I suppose ultimately for me, the film had no depth whatsoever, just a bunch of nasty priggish men and women only there for the titillation value. This no doubt was to some degree what Victorian England was like, but the sets are even too clunky and dull impart a sense of Victorian menace. Roger Corman's horrors on the other hand, now that's style, atmosphere and elegant horror. For me, this was just exploitative, flat footed trash.",negative
"As I sat watching this episode I kept glancing at the clock waiting for something to happen. As the hour wound down I thought they were really going to give us a big pop at the end, and then - nothing. The whole family is huddled around the Christmas tree like something from the Hallmark Channel then, fade to black.<br /><br />Perhaps one of the poorest season finales I've ever seen. Nothing at all to drum up any excitement for next season. The only thing thrown out as any sort of incentive to watch the next season was the ambiguous nugget offered up by Agent Harris while pawing a sub sandwich that the guys in New York were looking to get one of the guys in New Jersey. Wow, really? I would never expect something like that from mobsters, I'm on the edge of my seat.<br /><br />It almost seems like they're trying to get everyone to lose interest. They start more plot lines that end up just disappearing than any show I've ever seen. They tease and hint but rarely deliver any more.<br /><br />What's with the Arabs that hang out at the Bing? They keep throwing them in front of us and magically, nothing happens.<br /><br />Paulie knee caps some kid after Tony promised his mother that nothing would happen to her son and, poof, gone in the wind.<br /><br />And how many more meandering drug montages with Christopher are we going to have to endure? Please, have him get arrested or overdose or something interesting.<br /><br />This was one of the few shows that I used to looked forward to watching but now, forgetta-bout it.",negative
"I wasted 35 minutes of my life on this turkey before I gave up. The main character is completely clueless and astoundingly unsympathetic, but there is no humor in his blundering. As soon as he arrives in Germany, the screenwriter pulls the old ""there's only one room in the hotel, you'll have to share a room with a pretty girl"" stunt. Come on, at least you could let them develop their relationship a bit first. Watch ""It Happened One Night"" to see how to do it right--or any of a thousand movies since then.<br /><br />The acting is consistently third-rate, and the improvised dialogue should have been left on the cutting-room floor. It meanders with no plan at all, despite the fact that the film telegraphs the relationship's destination from the moment Greta is introduced.<br /><br />The first song, in the boardroom, is mildly funny but badly sung. The rest of the songs (well, to be fair, I only heard those in the first half-hour) are just pointless and awful. Most of the singers are painfully out of tune, but not in any intentionally humorous sort of way.",negative
"This reminds me of when I was a born-again believer who was going to be a minister. I never actually thought I would be a minister or even graduate from high school because I was almost positive I would be raptured to Heaven before that would ever happen. That was before I discovered that Christianity was a bunch rubbish. I am now an atheist, and that just proves that the ""once saved always saved"" doctorine that Christians tell us is no more real than elves. If it were true then why did I leave after many years of being a devout born again believer? Yes, I really was saved. I prayed that silly sinners prayer with all my heart.<br /><br />If Christians were to read their Bible they would discover that their god thinks like rape, genocide, abortion, and many other atrocities are alright according to him. They might be surprised to learn that no where is the word ""rapture"" mentioned.",negative
"MELTDOWN is pretty interesting SCI-FI. No major budget, very few special effects; but decent acting and a storyline of global doom is enough to sustain viewing. An asteroid grazes the atmosphere and thrust the Earth into an orbit closer to the sun. Global warming rapidly becomes unbearable. A determined LAPD cop(Casper Van Dien)goes all out to save the world from certain annihilation as the rising temps are devastating. The pressure is on to save mankind from this solar catastrophe; as well as protect his daughter, nurse ex-wife and TV reporter girlfriend. The cast includes: Stefanie Von Pfetten, Venus Terzo, Amanda Crew and Vincent Gale.",negative
"Now I had the pleasure of first viewing Contaminated Man when it premiered on TV back in December of 2000.<br /><br />An infectious disease expert (William Hurt) looses his family when an unknown disease enters his home and kills them. Now some years later he is now in Russia or someplace. I'm not sure where exactly, all I know is it takes place somewhere in that area. Anyway, because of budget cutbacks at an infectious disease laboratory, they are forced to lay off most of their workers. One of them, a disgruntled security guard named Joseph Muller (played Peter Weller, best known for his role as the indestructible Robocop) goes in there and demands that they give him his job back. He needs this job because he is divorced and he needs it to pay child support. So he goes in there, a fight breaks out, and some things get knocked over, dangerous things. It's soon discovered that Muller has been infected with a deadly pathogen. In fact it's so deadly, one drop of his blood will kill a person in matter of seconds. Soon word gets out and the disease expert (Hurt) is called in to investigate and he later teamed up with an American reporter. Now Muller is determined to get home to see his wife and son and will stop at nothing even if he has to infect the entire Russian population.<br /><br />Now as I said before this film is a lot like Falling Down. We have a disturbed person (Weller here, Michael Douglas in Falling Down) who will stop at nothing to accomplish there goal even if they have to kill a few people in the process. Next we have a hero-type person (Hurt here, Robert Duvall in Falling Down) who is both sympathetic and determined to stop the antagonist.<br /><br />Contaminated Man is in fact a very good film with a good story line and some very good performances.<br /><br />8/10",positive
"THE FALCON AND THE SNOWMAN is a superb example of an anti-80s film. While many other films of the decade in general lacked substance, this film is pure substance. There's nothing stylish or fake or superfluous about it. It boasts two superb performances: Timothy Hutton and Sean Penn as lifelong friends Christopher Boyce and Daulton Lee, respectively. Hutton, Penn, and Tom Cruise were a triumvirate of early 80s actors who all looked headed to much bigger and better things (all 3 starred in TAPS). While Penn and Cruise's popularity soared, Hutton has been largely forgotten about, and that's a shame. Actually, Hutton is the first of the 3 to win an Oscar for supporting role in ORDINARY PEOPLE in 1980, but I think his performance in this movie is even more outstanding.<br /><br />Hutton really captures the post-Vietnam war rebelliousness in his character Chris Boyce. A failed seminary school student, Chris has a love-hate relationship with his father, well played by the great character actor Pat Hingle. The scene where Chris quotes the poem his father thought he'd long forgotten is a particularly powerful one.<br /><br />Chris gets job at Dept. of Defense and uses his hatred of U.S. gov't and its foreign policy to sell seemingly useless plans of old projects to the Soviets. He gets his buddy Daulton, a hyper drug-dealing self-server, in on it to be the courier of the project plans on microfilm. While Chris is doing it based on his beliefs, Daulton is doing it strictly for the money. The Soviet liaison is excellently played by David Suchet. Penn and Suchet have a real quirky chemistry and it's a kind of funny set of exchanges between them. But, make no mistake, this film is anything but that. It is a serious character study about pessimism, malaise, paranoia and mistrust.<br /><br />Again, the leads make this film. Hutton delivers a brilliantly understated performance as Chris, a rather smart young man who had so much potential. Penn, as usual, does a tremendous characterization as Daulton, a pathetic loser who acts before he thinks, and most of the time doesn't think at all. The ending of this fact-based film is very saddening on several levels. A truly powerful character study.",positive
"right the hospital scene with Holly and Shannon was done brilliantly it starts off with Piper On A gurney looking very badly injured, the docs race her into a resuscitation room & they move her from the gurney onto a bed and Prue Holds Her Hand from that point on it is obvious that Piper is having a lot of trouble breathing and her lungs are failing, as she turns to beg of Prue to not leave her side she gaps ""don't go i love you and then her pulse drops and she goes into cardiac arrest & the monitor shows a clear flat line & the nurses go into full out trauma mode & bring in a defibrillator Prue Steps back from the bed in horror as the doctors desperately try to shock her dying sisters heart but there is no response and she is tragically pronounced dead well great scene well done girls",positive
"1 out of 10.<br /><br />This is the kind of movie that you cant believe you just wasted 2 hours of your life as you see the credits role. I honestly think I could make a better Vampire movie.... and I know nothing. The only thing that does not just suck (harder than a Vampire) is Jason Scott Lee.... his character is at least a little bit cool, has some mystery, and kicks a little butt.",negative
"Woody Allen, when at his best, has one of the sharpest pens around. He can make an acute observation and wrap it around a punch line like nobody else. However, when he's at his worst his movies can stench of pretentiousness. Unfortunately, ""Melinda and Melinda"" has this stench from opening to closing. The set up is one of his more intriguing ideas in a while. Four friends sit in a restaurant discussing whether the essence of life is comedy or drama. To help settle the argument, one man relates the beginning of a story and asks the two other men arguing (one a comic playwright, the other a dramatic playwright) whether the story is a comedy or a tragedy. The two men then continue the story and the movie plays out the stories that they weave. Now, when I first heard about this film, my understanding was that they tell the exact same story, the genre (comedy or drama) only changes by how you look at it. Now that would have been interesting. However, the stories only share one main element and a few side elements. They are entirely different stories with major plot differences. The drama is so stiffly scripted and pretentious that it can only really work as self-parody. If this was the point, then it failed because these elements prevent the audience from feeling any emotional investment in any of the characters. The comedy is the story that has moments of success, but they are still short and fleeting. Will Farrell is obviously meant to be the stand-in for Woody, but he could have played this character so much more believably without adding Woody's stutters and hand-ticks. Woody is the best at being Woody. When someone else tries, they're not playing a character, they are modeling a recognizable actor. This type of thing only pulls the audience out of the story.<br /><br />My favorite Woody Allen movies make me leave the theater a little bit lighter in spirit than I walked in. This one made me wish I could get my money back.",negative
"This is just a long advertisement for the movie ""The Death Tunnel"". Although it is an interesting history of the Waverly Hills Sanatorium, the whole ghost theory is up to your interpretation. More ""Ghost Orbs"" which you can duplicate with dust in front of a flash camera, and the ""Ectoplasmic Mist"" is just someone's cigarette smoke lit up with the camera flash. I couldn't see any ""Shadow People"" until they drew an outline around the blurry distortion of the image. No scientific explanations were suggested for the phenomena, only paranormal. Perhaps these are only events one would have to see to believe, so be sure to make plans to visit the Sanatorium on your next vacation in Louisville, Kentucky.",negative
"Now I love Bela Lugosi,don't get me wrong,he is one of the most interesting people to ever make a movie but he certainly did his share of clunkers.This is just another one of those.<br /><br />Lugosi plays Dr.Lorenz,a doctor who has had his medical license pulled for unexplained reasons.He is however doing experiments to keep his wife young and beautiful.It's revealed that she is 70-80 years old yet Lugosi looks to be in his mid 50's so why he is married to this old woman is never really explained.<br /><br />Anyway these treatments or experiments involved giving brides who are at the altar being married some sort of sweet smelling substance whereby they pass out but are thought to be dead.Then Lugosi and some of his assistants steal the body on its way to the morgue and take it back to his lab where it's kept in some sort of suspended animation or catatonic state.Then the stolen brides have a needle rammed somewhere in their bodies,maybe the neck,and then the needle is rammed into the body of Lugosi's wife to bring her back to youth and beauty.We never really see where Lugosi sticks the needle or what it is that he draws out of the brides but it somehow restores his wife .Apparently old age makes you scream with pain because Lugosi's wife does a lot of screaming until she gets back to her younger state.Helping Lugosi in his lab is the only good thing about this movie....a weird old hag and her two deformed sons....one son is a big lumpy looking slow acting fellow who likes to fondle the snoozing brides and the other son is a mean little dwarf....little person, to be politically correct in today's world.At night these three just sort of pile up and sleep in Lugosi's dreary downstairs lab.Who these 3 are and how they came to be Lugosi's scared assistants is,like a lot of stuff in this film, never explained.<br /><br />So anyway a female reporter is given the assignment by her gruff editor to find out where all the stolen brides are going to.She quickly figures out that the one common thing among all the stolen brides is a rare orchid that is found on them.So she asks around and is told that there is a world renowned orchid expert living nearby who just happens to be the one who developed this particular orchid.This expert turns out to be creepy Dr.Lorenz.She quickly tracks him down and upsets his little house of horrors.I'm not sure where the police were during all this but they came in to mop up after the reporter had done all the dirty work.<br /><br />It seems that Lugosi's movies always had some sort of unnecessary silly plot line that just made the whole thing stink to high heavens.I mean a world famous orchid expert kidnaps brides by sending them a doped up orchid he himself is known to have developed? D'OH!<br /><br />And then later it's revealed that the young ladies don't even have to be brides for the procedure to work so why would Lugosi keep kidnapping brides from heavily guarded churches for his experiments and create all the attention and newspaper headlines? Why not just grab a prostitute off the street like a normal weirdo pervert would do? This clunker reminded me a lot of another Lugosi stinker,""The Devil Bat""....same silly plot lines and bad acting and same silly 'reporter gets bad guy' deal.<br /><br />But Lugosi is always good--he is creepy and sinister enough to keep you interested at least enough to keep watching him.The woman playing the reporter was just a terrible actor....she had no emotion whatsoever,she just delivered her lines like a machine gun ,spewing them out as quickly as she could.Everyone else pretty much blew too,when it came to being good actors.<br /><br />But this thing is watchable ,if only for Bela Lugosi fans.Lugosi was always so intense even when the picture was a dog.He must have known he was doing terrible pictures but maybe he also knew that if he gave it everything he had a little of that intensity might shine through past all the bad plots and bad acting which surrounded him.<br /><br />And he was right----we horror fans will always have a love for Bela Lugosi.He gave it his all every time he was in front of the camera.We do give two f**ks for you,Bela.",negative
"This film is mildly entertaining if one neglects to acknowledge its numerous incongruities of plot and sheer lack of believability. Bruce Willis as ""The Jackal"" never seems to live up to his reputation as a cunning mastermind of the underworld. Instead, he bumbles about in broad daylight, parading a mishmash of shoddy disguises. Why this man has never been captured before (or even identified) is beyond me. Not once is the audience impressed by his cleverness or daring; considering the price he demands for his services (an exorbitant $70 million), his methods are decidedly low-budget and stupid.<br /><br />As for those in pursuit of him, they are at least as ridiculous in their behavior. They show no sense of expertise, instead relying on half-baked conjecture which sends them traversing across the country at their whim. Incredibly, these far-fetched guesses (maybe he bought a boat, maybe he's in Chicago, etc etc) invariably lead them straight to the Jackal, who yet again escapes their clumsy grasp.<br /><br />Richard Gere, whose Irish accent fades in and out like a distant radio station, plays the inexplicable role of an imprisoned convict who is released from jail to work alongside the FBI. He actually makes a compatible partner, if only because his means are as amateurish and inept as his professional pals. At one point, he actually confronts the infamous Jackal, but unfortunately the FBI, although they trust him enough to leave him out of their sight, fail to equip him with a weapon or any means of communication. What kind of operation are they running here?<br /><br />The film also appears overly reliant on gruesome violence, which is entirely superfluous and provides no suspense whatsoever. The supposedly stealthy Jackal acts more like a demented and senseless serial killer, eliminating people for sport and writing on a victim's cheek with blood.<br /><br />The film's action scenes are both predictable and unrealistic, and many moments are ruined with melodrama. This movie is poorly executed on many levels, the one bright spot being the ever consistent Sidney Poitier. Avoid this movie if you are in the mood to think as you watch it.<br /><br />",negative
"This is one of those movies I watched, and wondered, why did I watch it? What did I find so interesting about it? Being a truck driver myself, I didn't find it very realistic. No, I've never used a 'lot lizard', nor have I ever seen, nor heard about one traveling around the country in a brand new seventy thousand dollar RV, either.<br /><br />Same thing about a pimp whom has never sampled the lady in question (until the end of the movie, and well, he still really didn't...), and only getting 50 bucks 'a cut', when the prostitute gets $200.00 (well, $150.00 after his cut, yeah...).<br /><br />I still laugh at the lot lizard comment Ivey made (them's Lot Lizards, they'll screw anything with 20 bucks, and some are men dressed as woman... or something equally as weird), meaning, we're better then them, as we may still be prostitutes, but we get paid BETTER.<br /><br />Other then that, it's just a story of a young woman whom wanted something more from life then a dead end job while living at home (she's 18, remember?) and embarrassed by her mother basically doing the same thing (dead end job). At least she had a roof over her head and a job. She turned FIVE tricks on the road... I wonder if the $750.00 she made was worth it? I'd guess not.",negative
"It's 1982, Two years after the Iranian Embassy Siege which involved the dramatic SAS Rescue from the Balconys, and with a War with Argentina over the Falkland Islands currently taking place, what better film to make than a Gung-Ho ""SAS"" Film that re-creates the Iranian Hostage siege, whilst using Britains Number one action hero of the day, Lewis Collins. throw in Edward Woodward and a few other Well known actors and you've got a winner on your hands?...Well maybe not! The film itself doesn't make the situation serious enough, whilst the acting is quite second rate. it's like a Movie long episode of ""The Professionals"", but without the formula. This film goes nowhere fast and is quite predictable. Maybe Cubby Brocoli watched this film and decided to ditch Lewis Collins as a Touted James Bond Replacement for Roger Moore. Watch it if your a fan of Lewis Collins or SAS stuff in General, if not, save your time.",negative
"Just saw it yesterday in the Sao Paulo Intl Film Festival. Just before going I came here to see how it was rated, and at that time it was 7.4, a pretty nice rate...<br /><br />After 15 minutes I was dying to get out (never did this), but felt embarrassed to do so as the producer of the movie was in the screening.<br /><br />I did not like at all, the dialogs are shallow and lead nowhere, the characters are shallower than the dialogs, nothing lead anywhere, and the worst and worst: plenty of Siemens and Organics advertising on the movie. Despite the fact that I already paid to go to the movie and entertain myself, I still have to be bombarded by the main character chatting on the internet and Siemens mobile popping-up all the time on her lap-top; or another character having a bath or cutting her hair just to have Organics shampoo displayed enormously on the screen! All of this would be bearable if the plot, characters, romances, anything was good, but was bad, really bad! A ""don't know how to do"" sex-in-the-city.<br /><br />Don't waste your time or money.",negative
"The superb star quality of Gerard Philipe, who died way too young, leaps from the screen in this witty, funny, sly swashbuckling comedy with plenty of sword fencing and knockabout antics. Charmingly loopy in its' storytelling, impossible to resist. A sweet romantic comedy with a very young Gina Lollobrigida as the love interest. A movie one will remember with great affection.",positive
"So, Steve Irwin. You have to admire a man who is not only willing to throw himself into a river that clearly is filled with crocs, snakes, lizards, tons of poop from the aforementioned reptiles, and mud, not only daily, but with enthusiasm. He was never able to make ME want to do it, but he managed to make his wife come close.<br /><br />This movie does not fall into my parallel universe of film category - the films for people who just had their teeth drilled, have a migraine, or have no film experience and therefore like quiet mediocrity (currently well populated by Disney films). It's too noisy. Well, Steve is too noisy. He's just so happy all the time, and would cut right through the blasé' teenager (I can hear it now: ""that movie was so STUPID"") or the Tylenol with codeine. I'd say his enthusiasm is catching, but if it was, I would own a room full of snakes, and that hasn't happened yet. I agreed they're beauties, but I'm still not going to pet them.<br /><br />Plot was indeed predictable. Bad guys were so bad, for a minute there I thought I was shopping at a consumer electronic superstore. But the movie was filled with animals, and Steve and Terri, which is why I watched it. That plot (if you could call it that) was really more of a reason to throw yet another croc in a truck. My expectations were low and stayed that way.<br /><br />I was hoping, though, that there would be a bit of a sequel, where Steve and Terri (having worked on their acting skills) have a movie with a real plot and more animals with fur. I still can't believe we won't see Steve anymore. I hope that Terri and the children continue to be involved in the Australia Zoo and the discovery channel, at least. I can't imagine seeing a crocodile without having some member of the Irwin family telling me forcefully how wonderful that croc is. Crikey!",negative
"I really wanted to like The Pillow Book. Intriguing story, interesting character outlines, Ewan Macgregor in the utterly glorious altogether. Unfortunately, I hated every minute of it. Greenaway got so enamoured with presenting the movie uniquely, and not to the film's benefit. I won't even get into Vivian Wu's abysmal acting.<br /><br />You get distracted from the story with 4 billion teeny windows and calligraphy that rolls on the bottom of the screen displaying the lyrics of the music that's playing. It seems he lost sight of presenting the actual story and developing the plot, and got entangled with foo-foo embellishments that have nothing to do with anything. It's a bit like presenting a John Singer Sargeant portrait in a chintzy Hallmark frame that says ""GRANDMA LOVES ME!"" in big sparkly letters.<br /><br />This movie seems to be a casualty of the director auteur's ego instead of what it could have been - disturbingly and horrifyingly beautiful. In another director's hands (Jeunet? Coppola?), it could have been a masterpiece. In Greenaway's hands, it's best relegated to fine arts classes that also take themselves too seriously.",negative
"I'll be honest-- the pimped out purple plane with Snoop Dogg at the helm is an amusing visual gag. It would have been a decent concept for a 30 second commercial, or maybe a 3 minute music video. But the producers have committed the age-old concept comedy sin of stretching 30 seconds of material into an hour and a half of film, and the results are predictably lame. The remainder of the 89 minutes are filled with the typical gamut of racist and sexist humor and fart jokes, offensive and-- worst of all-- painfully unfunny. The threadbare plot screams under the weight of its contrivances. Best to be avoided unless you are drunk or stoned.",negative
"I liked SOLINO very much. It is a very heart-rending story of an italian family moving to Germany. And it's an story about brotherly love, hope and disappointment. And the film is never boring. Go and see SOLINO!",positive
"Mmmm, a previous summary says ""if you like aliens and predator you will enjoy this film"" i could not disagree more, this film pays no respect to its weighty lineage and has reduced two of the best loved sci fi strands to little more than a teen horror slasher movie, it has none of the tension or foreboding present in previous alien or predator movies and there is no discernible lead character, i really did not care about any of the characters and i positively yearned to see the stereotypical cast die as soon as possible in the vain hope something better would replace them, it really takes super human incompetence to have two of the most fearsome creatures ever invented positively fail to make a gripping thrilling movie, only watch this if you want to see how NOT to do it.",negative
i was like watching it right and i was all like oh this is so totally awesome-full and then i was all like ya quite good indeed so i really enjoyed all the amazing dangers and all the British people and i think that the doctor is very a good doctor in his way of doing such wonderful doctor-y things and he was a very strange man and i was like maybe i won't like this guy because hes a new doctor and i like the old doctor thats not this guy but then i watched him and i was like oh this is awesome and i liked it so then i watched and enjoyed the great evil enemies and the great conquering of the evil guys and the happy doctor who is quite scary and happy looking,positive
